g6,n,m,W,sum_cards_W,naive_(m-1)W,ratio
BW,3,2,4.0,2.0,4.0,0.5
Bw,3,3,3.0,12.0,6.0,2.0
CE,4,2,4.0,2.0,4.0,0.5
CF,4,3,9.0,12.0,18.0,0.666667
CQ,4,2,2.0,2.0,2.0,1.0
CT,4,3,3.0,12.0,6.0,2.0
CU,4,3,10.0,10.0,20.0,0.5
CV,4,4,8.0,32.0,24.0,1.333333
C],4,4,8.0,40.0,24.0,1.666667
C^,4,5,7.0,40.0,28.0,1.428571
C~,4,6,6.0,42.0,30.0,1.4
D?o,5,2,4.0,2.0,4.0,0.5
D?w,5,3,9.0,12.0,18.0,0.666667
D?{,5,4,16.0,36.0,48.0,0.75
DCO,5,2,2.0,2.0,2.0,1.0
DCW,5,3,5.0,8.0,10.0,0.8
DCc,5,3,3.0,12.0,6.0,2.0
DCo,5,3,10.0,10.0,20.0,0.5
DCs,5,4,8.0,32.0,24.0,1.333333
DCw,5,4,18.0,34.0,54.0,0.62963
DC{,5,5,15.0,68.0,60.0,1.133333
DEg,5,4,20.0,30.0,60.0,0.5
DEk,5,5,16.0,72.0,64.0,1.125
DEo,5,4,8.0,40.0,24.0,1.666667
DEs,5,5,7.0,40.0,28.0,1.428571
DEw,5,5,16.0,84.0,64.0,1.3125
DE{,5,6,14.0,85.0,70.0,1.214286
DFw,5,6,14.0,96.0,70.0,1.371429
DF{,5,7,13.0,98.0,78.0,1.25641
DQg,5,4,4.0,18.0,12.0,1.5
DQw,5,5,17.0,70.0,68.0,1.029412
DQ{,5,6,14.0,98.0,70.0,1.4
DTk,5,6,6.0,42.0,30.0,1.4
DT{,5,7,13.0,93.0,78.0,1.192308
DUW,5,5,15.0,100.0,60.0,1.666667
DUs,5,6,15.0,89.0,75.0,1.186667
DUw,5,6,14.0,97.0,70.0,1.385714
DU{,5,7,13.0,100.0,78.0,1.282051
DVw,5,7,13.0,100.0,78.0,1.282051
DV{,5,8,12.0,104.0,84.0,1.238095
D]{,5,8,12.0,104.0,84.0,1.238095
D^{,5,9,11.0,108.0,88.0,1.227273
D~{,5,10,10.0,110.0,90.0,1.222222
E?B?,6,2,4.0,2.0,4.0,0.5
E?B_,6,3,9.0,12.0,18.0,0.666667
E?Bo,6,4,16.0,36.0,48.0,0.75
E?Bw,6,5,25.0,80.0,100.0,0.8
E?`?,6,2,2.0,2.0,2.0,1.0
E?`_,6,3,5.0,8.0,10.0,0.8
E?`o,6,4,10.0,24.0,30.0,0.8
E?aG,6,3,3.0,12.0,6.0,2.0
E?b?,6,3,10.0,10.0,20.0,0.5
E?bG,6,4,8.0,32.0,24.0,1.333333
E?b_,6,4,18.0,34.0,54.0,0.62963
E?bg,6,5,15.0,68.0,60.0,1.133333
E?bo,6,5,28.0,80.0,112.0,0.714286
E?bw,6,6,24.0,126.0,120.0,1.05
E?oo,6,4,8.0,20.0,24.0,0.833333
E?ow,6,5,29.0,80.0,116.0,0.689655
E?q_,6,4,20.0,30.0,60.0,0.5
E?qg,6,5,16.0,72.0,64.0,1.125
E?qo,6,5,32.0,76.0,128.0,0.59375
E?qw,6,6,26.0,136.0,130.0,1.046154
E?r?,6,4,8.0,40.0,24.0,1.666667
E?rG,6,5,7.0,40.0,28.0,1.428571
E?r_,6,5,16.0,84.0,64.0,1.3125
E?rg,6,6,14.0,85.0,70.0,1.214286
E?ro,6,6,26.0,152.0,130.0,1.169231
E?rw,6,7,23.0,154.0,138.0,1.115942
E?zO,6,6,28.0,160.0,140.0,1.142857
E?zW,6,7,24.0,160.0,144.0,1.111111
E?z_,6,6,14.0,96.0,70.0,1.371429
E?zg,6,7,13.0,98.0,78.0,1.25641
E?zo,6,7,24.0,176.0,144.0,1.222222
E?zw,6,8,22.0,178.0,154.0,1.155844
E?~o,6,8,22.0,192.0,154.0,1.246753
E?~w,6,9,21.0,198.0,168.0,1.178571
ECO_,6,3,3.0,6.0,6.0,1.0
ECQO,6,4,4.0,18.0,12.0,1.5
ECQ_,6,4,11.0,23.0,33.0,0.69697
ECQo,6,5,9.0,44.0,36.0,1.222222
ECRO,6,5,17.0,70.0,68.0,1.029412
ECRW,6,6,14.0,98.0,70.0,1.4
ECR_,6,5,31.0,78.0,124.0,0.629032
ECRo,6,6,27.0,131.0,135.0,0.97037
ECRw,6,7,23.0,170.0,138.0,1.231884
ECX_,6,5,9.0,52.0,36.0,1.444444
ECXg,6,6,8.0,52.0,40.0,1.3
ECZO,6,6,31.0,135.0,155.0,0.870968
ECZW,6,7,25.0,184.0,150.0,1.226667
ECZ_,6,6,29.0,157.0,145.0,1.082759
ECZg,6,7,26.0,163.0,156.0,1.044872
ECZo,6,7,25.0,200.0,150.0,1.333333
ECZw,6,8,22.0,196.0,154.0,1.272727
ECd_,6,5,7.0,32.0,28.0,1.142857
ECeW,6,6,6.0,42.0,30.0,1.4
ECfW,6,7,13.0,93.0,78.0,1.192308
ECf_,6,6,28.0,134.0,140.0,0.957143
ECfo,6,7,25.0,164.0,150.0,1.093333
ECfw,6,8,22.0,170.0,154.0,1.103896
ECpO,6,5,15.0,100.0,60.0,1.666667
ECp_,6,5,35.0,70.0,140.0,0.5
ECpo,6,6,26.0,180.0,130.0,1.384615
ECqg,6,6,27.0,141.0,135.0,1.044444
ECqo,6,6,29.0,140.0,145.0,0.965517
ECrG,6,6,15.0,89.0,75.0,1.186667
ECrO,6,6,14.0,97.0,70.0,1.385714
ECrW,6,7,13.0,100.0,78.0,1.282051
ECr_,6,6,27.0,158.0,135.0,1.17037
ECrg,6,7,25.0,165.0,150.0,1.1
ECro,6,7,24.0,175.0,144.0,1.215278
ECrw,6,8,22.0,180.0,154.0,1.168831
ECuo,6,7,27.0,174.0,162.0,1.074074
ECuw,6,8,23.0,177.0,161.0,1.099379
ECvO,6,7,13.0,100.0,78.0,1.282051
ECvW,6,8,12.0,104.0,84.0,1.238095
ECvo,6,8,23.0,187.0,161.0,1.161491
ECvw,6,9,21.0,192.0,168.0,1.142857
ECxo,6,7,23.0,190.0,138.0,1.376812
ECxw,6,8,22.0,195.0,154.0,1.266234
ECzO,6,7,25.0,183.0,150.0,1.22
ECzW,6,8,23.0,186.0,161.0,1.15528
ECz_,6,7,25.0,180.0,150.0,1.2
ECzg,6,8,24.0,190.0,168.0,1.130952
ECzo,6,8,22.0,195.0,154.0,1.266234
ECzw,6,9,21.0,202.0,168.0,1.202381
EC~o,6,9,21.0,202.0,168.0,1.202381
EC~w,6,10,20.0,210.0,180.0,1.166667
EEh_,6,6,27.0,210.0,135.0,1.555556
EEho,6,7,24.0,199.0,144.0,1.381944
EEhw,6,8,22.0,196.0,154.0,1.272727
EEjO,6,7,28.0,172.0,168.0,1.02381
EEjW,6,8,24.0,194.0,168.0,1.154762
EEj_,6,7,25.0,197.0,150.0,1.313333
EEjo,6,8,23.0,202.0,161.0,1.254658
EEjw,6,9,21.0,204.0,168.0,1.214286
EElw,6,9,21.0,204.0,168.0,1.214286
EEnw,6,10,20.0,212.0,180.0,1.177778
EEqo,6,7,25.0,183.0,150.0,1.22
EErW,6,8,12.0,104.0,84.0,1.238095
EEro,6,8,23.0,186.0,161.0,1.15528
EErw,6,9,21.0,192.0,168.0,1.142857
EEuw,6,9,22.0,199.0,176.0,1.130682
EEvW,6,9,11.0,108.0,88.0,1.227273
EEvw,6,10,20.0,204.0,180.0,1.133333
EEyo,6,8,22.0,195.0,154.0,1.266234
EEyw,6,9,21.0,204.0,168.0,1.214286
EEzO,6,8,24.0,194.0,168.0,1.154762
EEzW,6,9,22.0,199.0,176.0,1.130682
EEz_,6,8,23.0,200.0,161.0,1.242236
EEzg,6,9,22.0,209.0,176.0,1.1875
EEzo,6,9,21.0,204.0,168.0,1.214286
EEzw,6,10,20.0,212.0,180.0,1.177778
EE~o,6,10,20.0,212.0,180.0,1.177778
EE~w,6,11,19.0,220.0,190.0,1.157895
EFz_,6,9,21.0,207.0,168.0,1.232143
EFzo,6,10,20.0,213.0,180.0,1.183333
EFzw,6,11,19.0,220.0,190.0,1.157895
EF~w,6,12,18.0,228.0,198.0,1.151515
EQhO,6,6,6.0,42.0,30.0,1.4
EQig,6,7,7.0,54.0,42.0,1.285714
EQjO,6,7,27.0,186.0,162.0,1.148148
EQjg,6,8,25.0,182.0,175.0,1.04
EQjo,6,8,24.0,210.0,168.0,1.25
EQjw,6,9,21.0,210.0,168.0,1.25
EQyo,6,8,22.0,202.0,154.0,1.311688
EQyw,6,9,21.0,209.0,168.0,1.244048
EQzO,6,8,23.0,202.0,161.0,1.254658
EQzW,6,9,22.0,211.0,176.0,1.198864
EQzg,6,9,23.0,206.0,184.0,1.119565
EQzo,6,9,21.0,205.0,168.0,1.220238
EQzw,6,10,20.0,214.0,180.0,1.188889
EQ~o,6,10,20.0,210.0,180.0,1.166667
EQ~w,6,11,19.0,220.0,190.0,1.157895
ETmw,6,10,10.0,110.0,90.0,1.222222
ETnw,6,11,19.0,214.0,190.0,1.126316
ET~o,6,11,19.0,222.0,190.0,1.168421
ET~w,6,12,18.0,228.0,198.0,1.151515
EUZo,6,9,21.0,204.0,168.0,1.214286
EUZw,6,10,20.0,210.0,180.0,1.166667
EUuw,6,10,21.0,220.0,189.0,1.164021
EUvW,6,10,21.0,212.0,189.0,1.121693
EUvw,6,11,19.0,222.0,190.0,1.168421
EUxo,6,9,21.0,201.0,168.0,1.196429
EUzW,6,10,20.0,214.0,180.0,1.188889
EUzg,6,10,20.0,214.0,180.0,1.188889
EUzo,6,10,20.0,211.0,180.0,1.172222
EUzw,6,11,19.0,220.0,190.0,1.157895
EU~o,6,11,19.0,220.0,190.0,1.157895
EU~w,6,12,18.0,228.0,198.0,1.151515
EVzo,6,11,19.0,221.0,190.0,1.163158
EVzw,6,12,18.0,228.0,198.0,1.151515
EV~w,6,13,17.0,234.0,204.0,1.147059
E]~o,6,12,18.0,228.0,198.0,1.151515
E]~w,6,13,17.0,234.0,204.0,1.147059
E^~w,6,14,16.0,238.0,208.0,1.144231
E~~w,6,15,15.0,240.0,210.0,1.142857
F??E?,7,2,4.0,2.0,4.0,0.5
F??F?,7,3,9.0,12.0,18.0,0.666667
F??F_,7,4,16.0,36.0,48.0,0.75
F??Fo,7,5,25.0,80.0,100.0,0.8
F??Fw,7,6,36.0,150.0,180.0,0.833333
F?AA?,7,2,2.0,2.0,2.0,1.0
F?AB?,7,3,5.0,8.0,10.0,0.8
F?AB_,7,4,10.0,24.0,30.0,0.8
F?ABo,7,5,17.0,56.0,68.0,0.823529
F?ACG,7,3,3.0,12.0,6.0,2.0
F?AE?,7,3,10.0,10.0,20.0,0.5
F?AEG,7,4,8.0,32.0,24.0,1.333333
F?AF?,7,4,18.0,34.0,54.0,0.62963
F?AFG,7,5,15.0,68.0,60.0,1.133333
F?AF_,7,5,28.0,80.0,112.0,0.714286
F?AFg,7,6,24.0,126.0,120.0,1.05
F?AFo,7,6,40.0,154.0,200.0,0.77
F?AFw,7,7,35.0,212.0,210.0,1.009524
F?B@_,7,4,8.0,20.0,24.0,0.833333
F?B@g,7,5,29.0,80.0,116.0,0.689655
F?B@o,7,5,13.0,44.0,52.0,0.846154
F?B@w,7,6,42.0,156.0,210.0,0.742857
F?BD?,7,4,20.0,30.0,60.0,0.5
F?BDG,7,5,16.0,72.0,64.0,1.125
F?BD_,7,5,32.0,76.0,128.0,0.59375
F?BDg,7,6,26.0,136.0,130.0,1.046154
F?BDo,7,6,46.0,154.0,230.0,0.669565
F?BDw,7,7,38.0,230.0,228.0,1.008772
F?BE?,7,4,8.0,40.0,24.0,1.666667
F?BEG,7,5,7.0,40.0,28.0,1.428571
F?BF?,7,5,16.0,84.0,64.0,1.3125
F?BFG,7,6,14.0,85.0,70.0,1.214286
F?BF_,7,6,26.0,152.0,130.0,1.169231
F?BFg,7,7,23.0,154.0,138.0,1.115942
F?BFo,7,7,38.0,250.0,228.0,1.096491
F?BFw,7,8,34.0,253.0,238.0,1.063025
F?Bco,7,6,48.0,154.0,240.0,0.641667
F?Bcw,7,7,39.0,236.0,234.0,1.008547
F?Be_,7,6,28.0,160.0,140.0,1.142857
F?Beg,7,7,24.0,160.0,144.0,1.111111
F?Beo,7,7,42.0,270.0,252.0,1.071429
F?Bew,7,8,36.0,267.0,252.0,1.059524
F?Bf?,7,6,14.0,96.0,70.0,1.371429
F?BfG,7,7,13.0,98.0,78.0,1.25641
F?Bf_,7,7,24.0,176.0,144.0,1.222222
F?Bfg,7,8,22.0,178.0,154.0,1.155844
F?Bfo,7,8,36.0,288.0,252.0,1.142857
F?Bfw,7,9,33.0,290.0,264.0,1.098485
F?BvO,7,8,38.0,300.0,266.0,1.12782
F?BvW,7,9,34.0,298.0,272.0,1.095588
F?Bv_,7,8,22.0,192.0,154.0,1.246753
F?Bvg,7,9,21.0,198.0,168.0,1.178571
F?Bvo,7,9,34.0,318.0,272.0,1.169118
F?Bvw,7,10,32.0,323.0,288.0,1.121528
F?B~o,7,10,32.0,340.0,288.0,1.180556
F?B~w,7,11,31.0,352.0,310.0,1.135484
F?`@?,7,3,3.0,6.0,6.0,1.0
F?`@_,7,4,6.0,16.0,18.0,0.888889
F?`CO,7,4,4.0,18.0,12.0,1.5
F?`D?,7,4,11.0,23.0,33.0,0.69697
F?`DO,7,5,9.0,44.0,36.0,1.222222
F?`D_,7,5,19.0,56.0,76.0,0.736842
F?`Do,7,6,16.0,88.0,80.0,1.1
F?`EO,7,5,17.0,70.0,68.0,1.029412
F?`EW,7,6,14.0,98.0,70.0,1.4
F?`F?,7,5,31.0,78.0,124.0,0.629032
F?`FO,7,6,27.0,131.0,135.0,0.97037
F?`FW,7,7,23.0,170.0,138.0,1.231884
F?`F_,7,6,44.0,156.0,220.0,0.709091
F?`Fo,7,7,39.0,222.0,234.0,0.948718
F?`Fw,7,8,34.0,272.0,238.0,1.142857
F?`a_,7,5,21.0,54.0,84.0,0.642857
F?`ag,7,6,17.0,93.0,85.0,1.094118
F?`b?,7,5,9.0,52.0,36.0,1.444444
F?`bG,7,6,8.0,52.0,40.0,1.3
F?`b_,7,6,17.0,105.0,85.0,1.235294
F?`bg,7,7,15.0,105.0,90.0,1.166667
F?`co,7,6,12.0,66.0,60.0,1.1
F?`cw,7,7,41.0,228.0,246.0,0.926829
F?`eO,7,6,31.0,135.0,155.0,0.870968
F?`eW,7,7,25.0,184.0,150.0,1.226667
F?`e_,7,6,50.0,152.0,250.0,0.608
F?`eg,7,7,42.0,239.0,252.0,0.948413
F?`eo,7,7,45.0,232.0,270.0,0.859259
F?`ew,7,8,37.0,295.0,259.0,1.138996
F?`f?,7,6,29.0,157.0,145.0,1.082759
F?`fG,7,7,26.0,163.0,156.0,1.044872
F?`fO,7,7,25.0,200.0,150.0,1.333333
F?`fW,7,8,22.0,196.0,154.0,1.272727
F?`f_,7,7,42.0,260.0,252.0,1.031746
F?`fg,7,8,38.0,268.0,266.0,1.007519
F?`fo,7,8,37.0,315.0,259.0,1.216216
F?`fw,7,9,33.0,311.0,264.0,1.17803
F?`r_,7,7,15.0,116.0,90.0,1.288889
F?`rg,7,8,14.0,118.0,98.0,1.204082
F?`vO,7,8,41.0,343.0,287.0,1.195122
F?`vW,7,9,35.0,329.0,280.0,1.175
F?`v_,7,8,40.0,303.0,280.0,1.082143
F?`vg,7,9,37.0,310.0,296.0,1.047297
F?`vo,7,9,35.0,350.0,280.0,1.25
F?`vw,7,10,32.0,346.0,288.0,1.201389
F?aJ?,7,5,7.0,32.0,28.0,1.142857
F?aJ_,7,6,12.0,60.0,60.0,1.0
F?aKW,7,6,6.0,42.0,30.0,1.4
F?aMW,7,7,13.0,93.0,78.0,1.192308
F?aN?,7,6,28.0,134.0,140.0,0.957143
F?aNO,7,7,25.0,164.0,150.0,1.093333
F?aNW,7,8,22.0,170.0,154.0,1.103896
F?aN_,7,7,41.0,230.0,246.0,0.934959
F?aNo,7,8,37.0,271.0,259.0,1.046332
F?aNw,7,9,33.0,279.0,264.0,1.056818
F?b@_,7,5,14.0,44.0,56.0,0.785714
F?bAO,7,5,15.0,100.0,60.0,1.666667
F?bB?,7,5,35.0,70.0,140.0,0.5
F?bBO,7,6,26.0,180.0,130.0,1.384615
F?bB_,7,6,52.0,148.0,260.0,0.569231
F?bBo,7,7,39.0,292.0,234.0,1.247863
F?bDG,7,6,27.0,141.0,135.0,1.044444
F?bDO,7,6,29.0,140.0,145.0,0.965517
F?bD_,7,6,46.0,156.0,230.0,0.678261
F?bDg,7,7,40.0,242.0,240.0,1.008333
F?bDo,7,7,43.0,244.0,258.0,0.945736
F?bEG,7,6,15.0,89.0,75.0,1.186667
F?bEO,7,6,14.0,97.0,70.0,1.385714
F?bEW,7,7,13.0,100.0,78.0,1.282051
F?bF?,7,6,27.0,158.0,135.0,1.17037
F?bFG,7,7,25.0,165.0,150.0,1.1
F?bFO,7,7,24.0,175.0,144.0,1.215278
F?bFW,7,8,22.0,180.0,154.0,1.168831
F?bF_,7,7,40.0,264.0,240.0,1.1
F?bFg,7,8,37.0,273.0,259.0,1.054054
F?bFo,7,8,36.0,285.0,252.0,1.130952
F?bFw,7,9,33.0,292.0,264.0,1.106061
F?bJ_,7,7,47.0,238.0,282.0,0.843972
F?bJg,7,8,38.0,304.0,266.0,1.142857
F?bLO,7,7,27.0,174.0,162.0,1.074074
F?bLW,7,8,23.0,177.0,161.0,1.099379
F?bLo,7,8,41.0,295.0,287.0,1.027875
F?bLw,7,9,35.0,295.0,280.0,1.053571
F?bMO,7,7,13.0,100.0,78.0,1.282051
F?bMW,7,8,12.0,104.0,84.0,1.238095
F?bNO,7,8,23.0,187.0,161.0,1.161491
F?bNW,7,9,21.0,192.0,168.0,1.142857
F?bN_,7,8,38.0,303.0,266.0,1.139098
F?bNg,7,9,35.0,306.0,280.0,1.092857
F?bNo,7,9,35.0,308.0,280.0,1.1
F?bNw,7,10,32.0,314.0,288.0,1.090278
F?bao,7,7,41.0,304.0,246.0,1.235772
F?baw,7,8,37.0,292.0,259.0,1.127413
F?bbO,7,7,23.0,190.0,138.0,1.376812
F?bbW,7,8,22.0,195.0,154.0,1.266234
F?bb_,7,7,46.0,278.0,276.0,1.007246
F?bbg,7,8,40.0,281.0,280.0,1.003571
F?bbo,7,8,36.0,313.0,252.0,1.242063
F?bbw,7,9,34.0,318.0,272.0,1.169118
F?bco,7,7,44.0,244.0,264.0,0.924242
F?bcw,7,8,38.0,279.0,266.0,1.048872
F?beO,7,7,25.0,183.0,150.0,1.22
F?beW,7,8,23.0,186.0,161.0,1.15528
F?be_,7,7,42.0,274.0,252.0,1.087302
F?beg,7,8,38.0,280.0,266.0,1.052632
F?beo,7,8,39.0,306.0,273.0,1.120879
F?bew,7,9,35.0,307.0,280.0,1.096429
F?bf?,7,7,25.0,180.0,150.0,1.2
F?bfG,7,8,24.0,190.0,168.0,1.130952
F?bfO,7,8,22.0,195.0,154.0,1.266234
F?bfW,7,9,21.0,202.0,168.0,1.202381
F?bf_,7,8,38.0,301.0,266.0,1.131579
F?bfg,7,9,36.0,312.0,288.0,1.083333
F?bfo,7,9,34.0,319.0,272.0,1.172794
F?bfw,7,10,32.0,327.0,288.0,1.135417
F?bmo,7,9,37.0,322.0,296.0,1.087838
F?bmw,7,10,33.0,323.0,297.0,1.087542
F?bnO,7,9,21.0,202.0,168.0,1.202381
F?bnW,7,10,20.0,210.0,180.0,1.166667
F?bno,7,10,33.0,337.0,297.0,1.13468
F?bnw,7,11,31.0,345.0,310.0,1.112903
F?bro,7,9,33.0,334.0,264.0,1.265152
F?brw,7,10,32.0,345.0,288.0,1.197917
F?bvO,7,9,35.0,329.0,280.0,1.175
F?bvW,7,10,33.0,335.0,297.0,1.127946
F?bv_,7,9,36.0,330.0,288.0,1.145833
F?bvg,7,10,35.0,347.0,315.0,1.101587
F?bvo,7,10,32.0,345.0,288.0,1.197917
F?bvw,7,11,31.0,358.0,310.0,1.154839
F?b~o,7,11,31.0,358.0,310.0,1.154839
F?b~w,7,12,30.0,372.0,330.0,1.127273
F?otW,7,8,40.0,318.0,280.0,1.135714
F?ouO,7,7,11.0,76.0,66.0,1.151515
F?ouW,7,8,40.0,277.0,280.0,0.989286
F?ov?,7,7,48.0,270.0,288.0,0.9375
F?ovG,7,8,40.0,339.0,280.0,1.210714
F?ovO,7,8,44.0,286.0,308.0,0.928571
F?ovW,7,9,36.0,338.0,288.0,1.173611
F?ov_,7,8,40.0,360.0,280.0,1.285714
F?ovo,7,9,36.0,358.0,288.0,1.243056
F?ovw,7,10,32.0,348.0,288.0,1.208333
F?o~W,7,10,34.0,343.0,306.0,1.120915
F?o~_,7,9,33.0,332.0,264.0,1.257576
F?o~o,7,10,32.0,347.0,288.0,1.204861
F?o~w,7,11,31.0,360.0,310.0,1.16129
F?qa_,7,6,56.0,140.0,280.0,0.5
F?qag,7,7,40.0,300.0,240.0,1.25
F?qao,7,7,48.0,247.0,288.0,0.857639
F?qaw,7,8,38.0,302.0,266.0,1.135338
F?qb?,7,6,27.0,210.0,135.0,1.555556
F?qbO,7,7,24.0,199.0,144.0,1.381944
F?qbW,7,8,22.0,196.0,154.0,1.272727
F?qb_,7,7,42.0,343.0,252.0,1.361111
F?qbo,7,8,37.0,323.0,259.0,1.247104
F?qbw,7,9,34.0,318.0,272.0,1.169118
F?qc_,7,6,48.0,156.0,240.0,0.65
F?qco,7,7,44.0,250.0,264.0,0.94697
F?qcw,7,8,40.0,291.0,280.0,1.039286
F?qeO,7,7,28.0,172.0,168.0,1.02381
F?qeW,7,8,24.0,194.0,168.0,1.154762
F?qe_,7,7,44.0,273.0,264.0,1.034091
F?qeg,7,8,38.0,301.0,266.0,1.131579
F?qeo,7,8,42.0,292.0,294.0,0.993197
F?qew,7,9,36.0,316.0,288.0,1.097222
F?qf?,7,7,25.0,197.0,150.0,1.313333
F?qfO,7,8,23.0,202.0,161.0,1.254658
F?qfW,7,9,21.0,204.0,168.0,1.214286
F?qf_,7,8,38.0,319.0,266.0,1.199248
F?qfo,7,9,35.0,326.0,280.0,1.164286
F?qfw,7,10,32.0,329.0,288.0,1.142361
F?qiw,7,9,36.0,314.0,288.0,1.090278
F?qjW,7,9,21.0,204.0,168.0,1.214286
F?qjw,7,10,33.0,337.0,297.0,1.13468
F?qkw,7,9,36.0,303.0,288.0,1.052083
F?qmw,7,10,34.0,331.0,306.0,1.081699
F?qnW,7,10,20.0,212.0,180.0,1.177778
F?qn_,7,9,35.0,327.0,280.0,1.167857
F?qno,7,10,33.0,338.0,297.0,1.138047
F?qnw,7,11,31.0,347.0,310.0,1.119355
F?qpw,7,9,36.0,337.0,288.0,1.170139
F?qrO,7,8,39.0,338.0,273.0,1.238095
F?qrW,7,9,35.0,328.0,280.0,1.171429
F?qr_,7,8,38.0,356.0,266.0,1.338346
F?qrg,7,9,35.0,354.0,280.0,1.264286
F?qro,7,9,34.0,344.0,272.0,1.264706
F?qrw,7,10,32.0,348.0,288.0,1.208333
F?qtW,7,9,38.0,329.0,304.0,1.082237
F?qt_,7,8,42.0,312.0,294.0,1.061224
F?qtg,7,9,41.0,336.0,328.0,1.02439
F?qto,7,9,36.0,337.0,288.0,1.170139
F?qtw,7,10,35.0,355.0,315.0,1.126984
F?qvO,7,9,38.0,351.0,304.0,1.154605
F?qvW,7,10,34.0,347.0,306.0,1.133987
F?qv_,7,9,36.0,354.0,288.0,1.229167
F?qvg,7,10,34.0,363.0,306.0,1.186275
F?qvo,7,10,33.0,357.0,297.0,1.20202
F?qvw,7,11,31.0,362.0,310.0,1.167742
F?qzo,7,10,32.0,348.0,288.0,1.208333
F?qzw,7,11,31.0,362.0,310.0,1.167742
F?q|o,7,10,34.0,343.0,306.0,1.120915
F?q|w,7,11,33.0,363.0,330.0,1.1
F?q~o,7,11,31.0,362.0,310.0,1.167742
F?q~w,7,12,30.0,376.0,330.0,1.139394
F?r@_,7,6,12.0,74.0,60.0,1.233333
F?rDO,7,7,25.0,183.0,150.0,1.22
F?rD_,7,7,44.0,266.0,264.0,1.007576
F?rDo,7,8,38.0,303.0,266.0,1.139098
F?rEW,7,8,12.0,104.0,84.0,1.238095
F?rFO,7,8,23.0,186.0,161.0,1.15528
F?rFW,7,9,21.0,192.0,168.0,1.142857
F?rF_,7,8,38.0,298.0,266.0,1.120301
F?rFo,7,9,35.0,306.0,280.0,1.092857
F?rFw,7,10,32.0,314.0,288.0,1.090278
F?rHw,7,9,37.0,318.0,296.0,1.074324
F?rLW,7,9,22.0,199.0,176.0,1.130682
F?rL_,7,8,43.0,293.0,301.0,0.973422
F?rLo,7,9,37.0,324.0,296.0,1.094595
F?rLw,7,10,34.0,330.0,306.0,1.078431
F?rMW,7,9,11.0,108.0,88.0,1.227273
F?rNW,7,10,20.0,204.0,180.0,1.133333
F?rN_,7,9,37.0,324.0,296.0,1.094595
F?rNo,7,10,34.0,330.0,306.0,1.078431
F?rNw,7,11,31.0,336.0,310.0,1.083871
F?r`o,7,8,37.0,323.0,259.0,1.247104
F?r`w,7,9,35.0,325.0,280.0,1.160714
F?rco,7,8,40.0,317.0,280.0,1.132143
F?rcw,7,9,36.0,315.0,288.0,1.09375
F?rdO,7,8,22.0,195.0,154.0,1.266234
F?rdW,7,9,21.0,204.0,168.0,1.214286
F?rd_,7,8,40.0,335.0,280.0,1.196429
F?rdg,7,9,36.0,336.0,288.0,1.166667
F?rdo,7,9,35.0,327.0,280.0,1.167857
F?rdw,7,10,33.0,337.0,297.0,1.13468
F?reO,7,8,24.0,194.0,168.0,1.154762
F?reW,7,9,22.0,199.0,176.0,1.130682
F?re_,7,8,40.0,310.0,280.0,1.107143
F?reg,7,9,36.0,314.0,288.0,1.090278
F?reo,7,9,38.0,329.0,304.0,1.082237
F?rew,7,10,34.0,331.0,306.0,1.081699
F?rf?,7,8,23.0,200.0,161.0,1.242236
F?rfG,7,9,22.0,209.0,176.0,1.1875
F?rfO,7,9,21.0,204.0,168.0,1.214286
F?rfW,7,10,20.0,212.0,180.0,1.177778
F?rf_,7,9,36.0,333.0,288.0,1.15625
F?rfg,7,10,34.0,343.0,306.0,1.120915
F?rfo,7,10,33.0,338.0,297.0,1.138047
F?rfw,7,11,31.0,347.0,310.0,1.119355
F?rlo,7,10,34.0,348.0,306.0,1.137255
F?rlw,7,11,32.0,356.0,320.0,1.1125
F?rmo,7,10,36.0,346.0,324.0,1.067901
F?rmw,7,11,32.0,346.0,320.0,1.08125
F?rnO,7,10,20.0,212.0,180.0,1.177778
F?rnW,7,11,19.0,220.0,190.0,1.157895
F?rno,7,11,32.0,357.0,320.0,1.115625
F?rnw,7,12,30.0,365.0,330.0,1.106061
F?rto,7,10,32.0,347.0,288.0,1.204861
F?rtw,7,11,31.0,362.0,310.0,1.167742
F?rvO,7,10,34.0,348.0,306.0,1.137255
F?rvW,7,11,32.0,356.0,320.0,1.1125
F?rv_,7,10,34.0,360.0,306.0,1.176471
F?rvg,7,11,33.0,376.0,330.0,1.139394
F?rvo,7,11,31.0,362.0,310.0,1.167742
F?rvw,7,12,30.0,376.0,330.0,1.139394
F?r~o,7,12,30.0,376.0,330.0,1.139394
F?r~w,7,13,29.0,390.0,348.0,1.12069
F?zT_,7,9,36.0,354.0,288.0,1.229167
F?zTo,7,10,33.0,357.0,297.0,1.20202
F?zTw,7,11,31.0,364.0,310.0,1.174194
F?zVO,7,10,37.0,370.0,333.0,1.111111
F?zVW,7,11,33.0,367.0,330.0,1.112121
F?zV_,7,10,34.0,364.0,306.0,1.189542
F?zVo,7,11,32.0,372.0,320.0,1.1625
F?zVw,7,12,30.0,378.0,330.0,1.145455
F?z\w,7,12,30.0,378.0,330.0,1.145455
F?z^w,7,13,29.0,392.0,348.0,1.126437
F?ze_,7,9,38.0,347.0,304.0,1.141447
F?zeo,7,10,34.0,347.0,306.0,1.133987
F?zew,7,11,32.0,356.0,320.0,1.1125
F?zf?,7,9,21.0,207.0,168.0,1.232143
F?zfO,7,10,20.0,213.0,180.0,1.183333
F?zfW,7,11,19.0,220.0,190.0,1.157895
F?zf_,7,10,34.0,351.0,306.0,1.147059
F?zfo,7,11,32.0,357.0,320.0,1.115625
F?zfw,7,12,30.0,365.0,330.0,1.106061
F?zmw,7,12,31.0,375.0,341.0,1.099707
F?znW,7,12,18.0,228.0,198.0,1.151515
F?znw,7,13,29.0,383.0,348.0,1.100575
F?zuo,7,11,31.0,364.0,310.0,1.174194
F?zuw,7,12,30.0,378.0,330.0,1.145455
F?zvO,7,11,33.0,369.0,330.0,1.118182
F?zvW,7,12,31.0,375.0,341.0,1.099707
F?zv_,7,11,32.0,374.0,320.0,1.16875
F?zvg,7,12,31.0,387.0,341.0,1.134897
F?zvo,7,12,30.0,379.0,330.0,1.148485
F?zvw,7,13,29.0,392.0,348.0,1.126437
F?z~o,7,13,29.0,392.0,348.0,1.126437
F?z~w,7,14,28.0,406.0,364.0,1.115385
F?~v_,7,12,30.0,384.0,330.0,1.163636
F?~vo,7,13,29.0,394.0,348.0,1.132184
F?~vw,7,14,28.0,406.0,364.0,1.115385
F?~~w,7,15,27.0,420.0,378.0,1.111111
FCOc_,7,5,5.0,26.0,20.0,1.3
FCOe_,7,6,18.0,92.0,90.0,1.022222
FCOeo,7,7,15.0,118.0,90.0,1.311111
FCOf_,7,7,43.0,230.0,258.0,0.891473
FCOfo,7,8,38.0,288.0,266.0,1.082707
FCOfw,7,9,33.0,330.0,264.0,1.25
FCQQO,7,6,6.0,42.0,30.0,1.4
FCQRO,7,7,11.0,80.0,66.0,1.212121
FCQSg,7,7,7.0,54.0,42.0,1.285714
FCQTg,7,8,14.0,113.0,98.0,1.153061
FCQUO,7,7,27.0,186.0,162.0,1.148148
FCQUg,7,8,25.0,182.0,175.0,1.04
FCQUo,7,8,24.0,210.0,168.0,1.25
FCQUw,7,9,21.0,210.0,168.0,1.25
FCQVO,7,8,40.0,300.0,280.0,1.071429
FCQV_,7,8,41.0,285.0,287.0,0.993031
FCQVg,7,9,37.0,298.0,296.0,1.006757
FCQVo,7,9,36.0,334.0,288.0,1.159722
FCQVw,7,10,32.0,335.0,288.0,1.163194
FCQ`_,7,6,16.0,120.0,80.0,1.5
FCQaO,7,6,13.0,61.0,65.0,0.938462
FCQbO,7,7,51.0,238.0,306.0,0.777778
FCQb_,7,7,43.0,302.0,258.0,1.170543
FCQbo,7,8,38.0,360.0,266.0,1.353383
FCQdG,7,7,16.0,110.0,96.0,1.145833
FCQd_,7,7,15.0,117.0,90.0,1.3
FCQdg,7,8,14.0,120.0,98.0,1.22449
FCQeO,7,7,45.0,236.0,270.0,0.874074
FCQeW,7,8,39.0,311.0,273.0,1.139194
FCQe_,7,7,47.0,250.0,282.0,0.886525
FCQeo,7,8,42.0,318.0,294.0,1.081633
FCQfG,7,8,41.0,287.0,287.0,1.0
FCQfO,7,8,39.0,333.0,273.0,1.21978
FCQfW,7,9,36.0,336.0,288.0,1.166667
FCQf_,7,8,40.0,300.0,280.0,1.071429
FCQfg,7,9,37.0,312.0,296.0,1.054054
FCQfo,7,9,35.0,347.0,280.0,1.239286
FCQfw,7,10,32.0,348.0,288.0,1.208333
FCQrO,7,8,46.0,320.0,322.0,0.993789
FCQrW,7,9,37.0,370.0,296.0,1.25
FCQt_,7,8,14.0,120.0,98.0,1.22449
FCQtg,7,9,13.0,124.0,104.0,1.192308
FCQuo,7,9,40.0,366.0,320.0,1.14375
FCQuw,7,10,34.0,355.0,306.0,1.160131
FCQvO,7,9,37.0,369.0,296.0,1.246622
FCQvW,7,10,34.0,366.0,306.0,1.196078
FCQv_,7,9,39.0,327.0,312.0,1.048077
FCQvg,7,10,36.0,338.0,324.0,1.04321
FCQvo,7,10,34.0,368.0,306.0,1.202614
FCQvw,7,11,31.0,368.0,310.0,1.187097
FCRRO,7,8,43.0,321.0,301.0,1.066445
FCRRW,7,9,37.0,345.0,296.0,1.165541
FCRSo,7,8,22.0,202.0,154.0,1.311688
FCRSw,7,9,21.0,209.0,168.0,1.244048
FCRT_,7,8,45.0,307.0,315.0,0.974603
FCRTg,7,9,39.0,313.0,312.0,1.003205
FCRTo,7,9,35.0,335.0,280.0,1.196429
FCRTw,7,10,33.0,343.0,297.0,1.154882
FCRUO,7,8,23.0,202.0,161.0,1.254658
FCRUW,7,9,22.0,211.0,176.0,1.198864
FCRUg,7,9,23.0,206.0,184.0,1.119565
FCRUo,7,9,21.0,205.0,168.0,1.220238
FCRUw,7,10,20.0,214.0,180.0,1.188889
FCRVO,7,9,36.0,335.0,288.0,1.163194
FCRVW,7,10,34.0,345.0,306.0,1.127451
FCRV_,7,9,37.0,325.0,296.0,1.097973
FCRVg,7,10,35.0,339.0,315.0,1.07619
FCRVo,7,10,33.0,338.0,297.0,1.138047
FCRVw,7,11,31.0,349.0,310.0,1.125806
FCR]o,7,10,20.0,210.0,180.0,1.166667
FCR]w,7,11,19.0,220.0,190.0,1.157895
FCR^o,7,11,32.0,354.0,320.0,1.10625
FCR^w,7,12,30.0,365.0,330.0,1.106061
FCR`o,7,8,36.0,338.0,252.0,1.34127
FCR`w,7,9,35.0,346.0,280.0,1.235714
FCRco,7,8,38.0,334.0,266.0,1.255639
FCRcw,7,9,36.0,333.0,288.0,1.15625
FCRdO,7,8,37.0,319.0,259.0,1.23166
FCRdW,7,9,36.0,335.0,288.0,1.163194
FCRd_,7,8,42.0,317.0,294.0,1.078231
FCRdg,7,9,39.0,325.0,312.0,1.041667
FCRdo,7,9,34.0,343.0,272.0,1.261029
FCRdw,7,10,33.0,356.0,297.0,1.198653
FCRe_,7,8,39.0,311.0,273.0,1.139194
FCReg,7,9,37.0,323.0,296.0,1.091216
FCReo,7,9,36.0,338.0,288.0,1.173611
FCRew,7,10,34.0,345.0,306.0,1.127451
FCRfG,7,9,39.0,332.0,312.0,1.064103
FCRf_,7,9,36.0,335.0,288.0,1.163194
FCRfg,7,10,35.0,353.0,315.0,1.120635
FCRfo,7,10,32.0,348.0,288.0,1.208333
FCRfw,7,11,31.0,362.0,310.0,1.167742
FCRto,7,10,32.0,354.0,288.0,1.229167
FCRtw,7,11,31.0,367.0,310.0,1.183871
FCRuo,7,10,34.0,349.0,306.0,1.140523
FCRuw,7,11,32.0,358.0,320.0,1.11875
FCRvO,7,10,33.0,356.0,297.0,1.198653
FCRvW,7,11,32.0,371.0,320.0,1.159375
FCRv_,7,10,35.0,353.0,315.0,1.120635
FCRvg,7,11,34.0,372.0,340.0,1.094118
FCRvo,7,11,31.0,363.0,310.0,1.170968
FCRvw,7,12,30.0,378.0,330.0,1.145455
FCR~o,7,12,30.0,374.0,330.0,1.133333
FCR~w,7,13,29.0,390.0,348.0,1.12069
FCXbW,7,9,13.0,124.0,104.0,1.192308
FCXeo,7,9,37.0,369.0,296.0,1.246622
FCXfW,7,10,36.0,338.0,324.0,1.04321
FCXfo,7,10,34.0,366.0,306.0,1.196078
FCXfw,7,11,31.0,368.0,310.0,1.187097
FCXjW,7,10,12.0,128.0,108.0,1.185185
FCXmw,7,11,33.0,388.0,330.0,1.175758
FCXnW,7,11,35.0,364.0,350.0,1.04
FCXn_,7,10,36.0,388.0,324.0,1.197531
FCXno,7,11,33.0,388.0,330.0,1.175758
FCXnw,7,12,30.0,388.0,330.0,1.175758
FCZRO,7,9,42.0,368.0,336.0,1.095238
FCZRW,7,10,36.0,388.0,324.0,1.197531
FCZT_,7,9,37.0,378.0,296.0,1.277027
FCZTg,7,10,34.0,380.0,306.0,1.24183
FCZTo,7,10,33.0,363.0,297.0,1.222222
FCZTw,7,11,31.0,370.0,310.0,1.193548
FCZUg,7,10,40.0,368.0,360.0,1.022222
FCZUo,7,10,35.0,360.0,315.0,1.142857
FCZUw,7,11,34.0,380.0,340.0,1.117647
FCZVO,7,10,35.0,376.0,315.0,1.193651
FCZVW,7,11,33.0,383.0,330.0,1.160606
FCZV_,7,10,35.0,375.0,315.0,1.190476
FCZVg,7,11,33.0,387.0,330.0,1.172727
FCZVo,7,11,32.0,374.0,320.0,1.16875
FCZVw,7,12,30.0,382.0,330.0,1.157576
FCZ\o,7,11,31.0,366.0,310.0,1.180645
FCZ\w,7,12,30.0,382.0,330.0,1.157576
FCZ]o,7,11,33.0,363.0,330.0,1.1
FCZ]w,7,12,32.0,385.0,352.0,1.09375
FCZ^o,7,12,30.0,378.0,330.0,1.145455
FCZ^w,7,13,29.0,394.0,348.0,1.132184
FCZbO,7,9,41.0,342.0,328.0,1.042683
FCZbW,7,10,38.0,353.0,342.0,1.032164
FCZbg,7,10,34.0,365.0,306.0,1.19281
FCZbo,7,10,33.0,363.0,297.0,1.222222
FCZbw,7,11,32.0,377.0,320.0,1.178125
FCZe_,7,9,37.0,366.0,296.0,1.236486
FCZeg,7,10,35.0,376.0,315.0,1.193651
FCZeo,7,10,33.0,356.0,297.0,1.198653
FCZew,7,11,32.0,373.0,320.0,1.165625
FCZfG,7,10,37.0,368.0,333.0,1.105105
FCZfO,7,10,35.0,357.0,315.0,1.133333
FCZfW,7,11,34.0,376.0,340.0,1.105882
FCZf_,7,10,34.0,364.0,306.0,1.189542
FCZfg,7,11,33.0,381.0,330.0,1.154545
FCZfo,7,11,31.0,365.0,310.0,1.177419
FCZfw,7,12,30.0,380.0,330.0,1.151515
FCZjo,7,11,31.0,374.0,310.0,1.206452
FCZjw,7,12,30.0,387.0,330.0,1.172727
FCZmo,7,11,32.0,374.0,320.0,1.16875
FCZmw,7,12,31.0,390.0,341.0,1.143695
FCZnO,7,11,34.0,376.0,340.0,1.105882
FCZnW,7,12,33.0,395.0,363.0,1.088154
FCZno,7,12,30.0,381.0,330.0,1.154545
FCZnw,7,13,29.0,396.0,348.0,1.137931
FCZuo,7,11,31.0,365.0,310.0,1.177419
FCZuw,7,12,30.0,382.0,330.0,1.157576
FCZvO,7,11,32.0,374.0,320.0,1.16875
FCZvW,7,12,31.0,390.0,341.0,1.143695
FCZv_,7,11,33.0,380.0,330.0,1.151515
FCZvg,7,12,32.0,398.0,352.0,1.130682
FCZvo,7,12,30.0,378.0,330.0,1.145455
FCZvw,7,13,29.0,394.0,348.0,1.132184
FCZ~o,7,13,29.0,390.0,348.0,1.12069
FCZ~w,7,14,28.0,406.0,364.0,1.115385
FCdb?,7,7,11.0,88.0,66.0,1.333333
FCdbG,7,8,10.0,88.0,70.0,1.257143
FCdco,7,8,10.0,80.0,70.0,1.142857
FCdcw,7,9,39.0,309.0,312.0,0.990385
FCdeo,7,9,43.0,322.0,344.0,0.936047
FCdew,7,10,35.0,365.0,315.0,1.15873
FCdf?,7,8,43.0,343.0,301.0,1.139535
FCdfG,7,9,39.0,347.0,312.0,1.112179
FCdf_,7,9,39.0,382.0,312.0,1.224359
FCdfg,7,10,35.0,375.0,315.0,1.190476
FCdfo,7,10,35.0,385.0,315.0,1.222222
FCdfw,7,11,31.0,370.0,310.0,1.193548
FCe[w,7,10,10.0,110.0,90.0,1.222222
FCe]w,7,11,19.0,214.0,190.0,1.126316
FCe^o,7,11,33.0,354.0,330.0,1.072727
FCe^w,7,12,30.0,356.0,330.0,1.078788
FCf\o,7,11,35.0,372.0,350.0,1.062857
FCf\w,7,12,31.0,367.0,341.0,1.076246
FCf]o,7,11,19.0,222.0,190.0,1.168421
FCf]w,7,12,18.0,228.0,198.0,1.151515
FCf^o,7,12,31.0,378.0,341.0,1.108504
FCf^w,7,13,29.0,383.0,348.0,1.100575
FCfb_,7,9,35.0,350.0,280.0,1.25
FCfbg,7,10,34.0,364.0,306.0,1.189542
FCfbo,7,10,32.0,352.0,288.0,1.222222
FCfbw,7,11,31.0,365.0,310.0,1.177419
FCfcw,7,10,36.0,346.0,324.0,1.067901
FCfeo,7,10,35.0,364.0,315.0,1.155556
FCfew,7,11,33.0,367.0,330.0,1.112121
FCff?,7,9,37.0,364.0,296.0,1.22973
FCffG,7,10,36.0,382.0,324.0,1.179012
FCff_,7,10,34.0,364.0,306.0,1.189542
FCffg,7,11,33.0,380.0,330.0,1.151515
FCffo,7,11,31.0,369.0,310.0,1.190323
FCffw,7,12,30.0,380.0,330.0,1.151515
FCfuo,7,11,33.0,368.0,330.0,1.115152
FCfuw,7,12,31.0,377.0,341.0,1.105572
FCfvO,7,11,31.0,364.0,310.0,1.174194
FCfvW,7,12,30.0,380.0,330.0,1.151515
FCfv_,7,11,33.0,378.0,330.0,1.145455
FCfvg,7,12,32.0,396.0,352.0,1.125
FCfvo,7,12,30.0,380.0,330.0,1.151515
FCfvw,7,13,29.0,394.0,348.0,1.132184
FCf~o,7,13,29.0,394.0,348.0,1.132184
FCf~w,7,14,28.0,406.0,364.0,1.115385
FCpUo,7,9,21.0,204.0,168.0,1.214286
FCpUw,7,10,20.0,210.0,180.0,1.166667
FCpVO,7,9,35.0,335.0,280.0,1.196429
FCpV_,7,9,35.0,325.0,280.0,1.160714
FCpVo,7,10,33.0,337.0,297.0,1.13468
FCpVw,7,11,31.0,345.0,310.0,1.112903
FCp`_,7,7,42.0,392.0,252.0,1.555556
FCpbO,7,8,42.0,317.0,294.0,1.078231
FCpb_,7,8,38.0,352.0,266.0,1.323308
FCpbo,7,9,36.0,356.0,288.0,1.236111
FCpco,7,8,47.0,301.0,329.0,0.914894
FCpdO,7,8,39.0,336.0,273.0,1.230769
FCpd_,7,8,39.0,371.0,273.0,1.358974
FCpdg,7,9,35.0,352.0,280.0,1.257143
FCpdo,7,9,36.0,365.0,288.0,1.267361
FCpeW,7,9,39.0,340.0,312.0,1.089744
FCpeg,7,9,36.0,338.0,288.0,1.173611
FCpeo,7,9,41.0,342.0,328.0,1.042683
FCpfG,7,9,37.0,346.0,296.0,1.168919
FCpfO,7,9,38.0,350.0,304.0,1.151316
FCpfW,7,10,35.0,357.0,315.0,1.133333
FCpf_,7,9,36.0,354.0,288.0,1.229167
FCpfg,7,10,33.0,356.0,297.0,1.198653
FCpfo,7,10,34.0,366.0,306.0,1.196078
FCpfw,7,11,31.0,364.0,310.0,1.174194
FCpr_,7,9,35.0,350.0,280.0,1.25
FCprg,7,10,34.0,370.0,306.0,1.20915
FCpuo,7,10,35.0,359.0,315.0,1.139683
FCpuw,7,11,33.0,363.0,330.0,1.1
FCpvO,7,10,32.0,353.0,288.0,1.225694
FCpvW,7,11,31.0,364.0,310.0,1.174194
FCpv_,7,10,33.0,355.0,297.0,1.195286
FCpvg,7,11,32.0,371.0,320.0,1.159375
FCpvo,7,11,31.0,364.0,310.0,1.174194
FCpvw,7,12,30.0,376.0,330.0,1.139394
FCqj_,7,9,33.0,342.0,264.0,1.295455
FCqnW,7,11,33.0,365.0,330.0,1.106061
FCqn_,7,10,32.0,348.0,288.0,1.208333
FCqno,7,11,31.0,364.0,310.0,1.174194
FCqnw,7,12,30.0,378.0,330.0,1.145455
FCqrO,7,9,36.0,364.0,288.0,1.263889
FCqrW,7,10,33.0,357.0,297.0,1.20202
FCqr_,7,9,35.0,352.0,280.0,1.257143
FCqrg,7,10,33.0,363.0,297.0,1.222222
FCqro,7,10,33.0,357.0,297.0,1.20202
FCqrw,7,11,31.0,365.0,310.0,1.177419
FCqtW,7,10,35.0,357.0,315.0,1.133333
FCqt_,7,9,39.0,325.0,312.0,1.041667
FCqtg,7,10,38.0,353.0,342.0,1.032164
FCqto,7,10,35.0,357.0,315.0,1.133333
FCqtw,7,11,34.0,376.0,340.0,1.105882
FCquo,7,10,37.0,372.0,333.0,1.117117
FCquw,7,11,33.0,369.0,330.0,1.118182
FCqvO,7,10,34.0,366.0,306.0,1.196078
FCqvW,7,11,32.0,373.0,320.0,1.165625
FCqv_,7,10,34.0,366.0,306.0,1.196078
FCqvg,7,11,32.0,377.0,320.0,1.178125
FCqvo,7,11,32.0,374.0,320.0,1.16875
FCqvw,7,12,30.0,380.0,330.0,1.151515
FCrJW,7,10,37.0,354.0,333.0,1.063063
FCrJ_,7,9,36.0,348.0,288.0,1.208333
FCrJo,7,10,34.0,346.0,306.0,1.130719
FCrJw,7,11,32.0,359.0,320.0,1.121875
FCrKw,7,10,21.0,220.0,189.0,1.164021
FCrLW,7,10,35.0,339.0,315.0,1.07619
FCrL_,7,9,39.0,361.0,312.0,1.157051
FCrLo,7,10,35.0,355.0,315.0,1.126984
FCrLw,7,11,33.0,365.0,330.0,1.106061
FCrMW,7,10,21.0,212.0,189.0,1.121693
FCrMw,7,11,19.0,222.0,190.0,1.168421
FCrNW,7,11,33.0,355.0,330.0,1.075758
FCrN_,7,10,34.0,347.0,306.0,1.133987
FCrNo,7,11,32.0,358.0,320.0,1.11875
FCrNw,7,12,30.0,367.0,330.0,1.112121
FCrQo,7,9,21.0,201.0,168.0,1.196429
FCrRO,7,9,38.0,351.0,304.0,1.154605
FCrRo,7,10,34.0,343.0,306.0,1.120915
FCrTg,7,10,34.0,354.0,306.0,1.156863
FCrTo,7,10,34.0,347.0,306.0,1.133987
FCrUW,7,10,20.0,214.0,180.0,1.188889
FCrUg,7,10,20.0,214.0,180.0,1.188889
FCrUo,7,10,20.0,211.0,180.0,1.172222
FCrUw,7,11,19.0,220.0,190.0,1.157895
FCrVO,7,10,34.0,348.0,306.0,1.137255
FCrVW,7,11,32.0,358.0,320.0,1.11875
FCrVg,7,11,32.0,358.0,320.0,1.11875
FCrVo,7,11,32.0,355.0,320.0,1.109375
FCrVw,7,12,30.0,365.0,330.0,1.106061
FCr]o,7,11,19.0,220.0,190.0,1.157895
FCr]w,7,12,18.0,228.0,198.0,1.151515
FCr^o,7,12,31.0,375.0,341.0,1.099707
FCr^w,7,13,29.0,383.0,348.0,1.100575
FCrbO,7,9,36.0,337.0,288.0,1.170139
FCrb_,7,9,34.0,340.0,272.0,1.25
FCrbo,7,10,32.0,347.0,288.0,1.204861
FCrdg,7,10,34.0,365.0,306.0,1.19281
FCrdo,7,10,33.0,355.0,297.0,1.195286
FCreW,7,10,35.0,339.0,315.0,1.07619
FCreg,7,10,34.0,345.0,306.0,1.127451
FCreo,7,10,35.0,357.0,315.0,1.133333
FCrfG,7,10,35.0,352.0,315.0,1.11746
FCrfO,7,10,34.0,346.0,306.0,1.130719
FCrfW,7,11,33.0,365.0,330.0,1.106061
FCrf_,7,10,33.0,355.0,297.0,1.195286
FCrfg,7,11,32.0,371.0,320.0,1.159375
FCrfo,7,11,31.0,364.0,310.0,1.174194
FCrfw,7,12,30.0,378.0,330.0,1.145455
FCrlo,7,11,32.0,373.0,320.0,1.165625
FCrlw,7,12,31.0,388.0,341.0,1.13783
FCrmo,7,11,33.0,369.0,330.0,1.118182
FCrmw,7,12,31.0,377.0,341.0,1.105572
FCrnO,7,11,33.0,365.0,330.0,1.106061
FCrnW,7,12,32.0,385.0,352.0,1.09375
FCrno,7,12,30.0,380.0,330.0,1.151515
FCrnw,7,13,29.0,394.0,348.0,1.132184
FCrro,7,11,31.0,361.0,310.0,1.164516
FCrrw,7,12,30.0,377.0,330.0,1.142424
FCrto,7,11,31.0,364.0,310.0,1.174194
FCrtw,7,12,30.0,380.0,330.0,1.151515
FCruo,7,11,33.0,365.0,330.0,1.106061
FCruw,7,12,31.0,375.0,341.0,1.099707
FCrvO,7,11,31.0,365.0,310.0,1.177419
FCrvW,7,12,30.0,380.0,330.0,1.151515
FCrv_,7,11,32.0,371.0,320.0,1.159375
FCrvg,7,12,31.0,388.0,341.0,1.13783
FCrvo,7,12,30.0,377.0,330.0,1.142424
FCrvw,7,13,29.0,392.0,348.0,1.126437
FCr~o,7,13,29.0,392.0,348.0,1.126437
FCr~w,7,14,28.0,406.0,364.0,1.115385
FCuuo,7,11,36.0,393.0,360.0,1.091667
FCuuw,7,12,32.0,389.0,352.0,1.105114
FCuv_,7,11,33.0,382.0,330.0,1.157576
FCuvo,7,12,31.0,391.0,341.0,1.146628
FCuvw,7,13,29.0,396.0,348.0,1.137931
FCu~w,7,14,28.0,408.0,364.0,1.120879
FCvTo,7,11,33.0,369.0,330.0,1.118182
FCvTw,7,12,31.0,377.0,341.0,1.105572
FCvUo,7,11,19.0,221.0,190.0,1.163158
FCvUw,7,12,18.0,228.0,198.0,1.151515
FCvVo,7,12,31.0,376.0,341.0,1.102639
FCvVw,7,13,29.0,383.0,348.0,1.100575
FCv\w,7,13,30.0,394.0,360.0,1.094444
FCv]w,7,13,17.0,234.0,204.0,1.147059
FCv^w,7,14,28.0,399.0,364.0,1.096154
FCvto,7,12,30.0,382.0,330.0,1.157576
FCvtw,7,13,29.0,396.0,348.0,1.137931
FCvuo,7,12,32.0,387.0,352.0,1.099432
FCvuw,7,13,30.0,394.0,360.0,1.094444
FCvv_,7,12,31.0,389.0,341.0,1.140762
FCvvg,7,13,30.0,404.0,360.0,1.122222
FCvvo,7,13,29.0,395.0,348.0,1.135057
FCvvw,7,14,28.0,408.0,364.0,1.120879
FCv~o,7,14,28.0,408.0,364.0,1.120879
FCv~w,7,15,27.0,420.0,378.0,1.111111
FCxuw,7,12,30.0,378.0,330.0,1.145455
FCxvO,7,11,31.0,368.0,310.0,1.187097
FCxvW,7,12,30.0,380.0,330.0,1.151515
FCxv_,7,11,31.0,364.0,310.0,1.174194
FCxvo,7,12,30.0,377.0,330.0,1.142424
FCxvw,7,13,29.0,390.0,348.0,1.12069
FCx~w,7,14,28.0,406.0,364.0,1.115385
FCzR_,7,10,33.0,355.0,297.0,1.195286
FCzRg,7,11,31.0,364.0,310.0,1.174194
FCzRo,7,11,32.0,370.0,320.0,1.15625
FCzRw,7,12,30.0,379.0,330.0,1.148485
FCzT_,7,10,34.0,365.0,306.0,1.19281
FCzTg,7,11,31.0,369.0,310.0,1.190323
FCzTo,7,11,32.0,374.0,320.0,1.16875
FCzTw,7,12,30.0,382.0,330.0,1.157576
FCzUg,7,11,34.0,380.0,340.0,1.117647
FCzUo,7,11,33.0,364.0,330.0,1.10303
FCzUw,7,12,32.0,385.0,352.0,1.09375
FCzVO,7,11,33.0,382.0,330.0,1.157576
FCzVW,7,12,31.0,390.0,341.0,1.143695
FCzV_,7,11,32.0,373.0,320.0,1.165625
FCzVg,7,12,30.0,382.0,330.0,1.157576
FCzVo,7,12,31.0,387.0,341.0,1.134897
FCzVw,7,13,29.0,394.0,348.0,1.132184
FCzZw,7,13,29.0,394.0,348.0,1.132184
FCz\o,7,12,30.0,382.0,330.0,1.157576
FCz\w,7,13,29.0,396.0,348.0,1.137931
FCz]o,7,12,31.0,375.0,341.0,1.099707
FCz]w,7,13,30.0,394.0,360.0,1.094444
FCz^o,7,13,29.0,394.0,348.0,1.132184
FCz^w,7,14,28.0,408.0,364.0,1.120879
FCzb_,7,10,32.0,352.0,288.0,1.222222
FCzbo,7,11,31.0,364.0,310.0,1.174194
FCzbw,7,12,30.0,380.0,330.0,1.151515
FCzeo,7,11,32.0,373.0,320.0,1.165625
FCzew,7,12,31.0,388.0,341.0,1.13783
FCzfO,7,11,33.0,367.0,330.0,1.112121
FCzfW,7,12,32.0,385.0,352.0,1.09375
FCzf_,7,11,31.0,368.0,310.0,1.187097
FCzfo,7,12,30.0,381.0,330.0,1.154545
FCzfw,7,13,29.0,394.0,348.0,1.132184
FCzjw,7,13,29.0,396.0,348.0,1.137931
FCzmw,7,13,30.0,405.0,360.0,1.125
FCznW,7,13,31.0,405.0,372.0,1.08871
FCznw,7,14,28.0,410.0,364.0,1.126374
FCzro,7,12,30.0,376.0,330.0,1.139394
FCzrw,7,13,29.0,391.0,348.0,1.123563
FCzuo,7,12,30.0,379.0,330.0,1.148485
FCzuw,7,13,29.0,394.0,348.0,1.132184
FCzvO,7,12,30.0,382.0,330.0,1.157576
FCzvW,7,13,29.0,396.0,348.0,1.137931
FCzv_,7,12,30.0,381.0,330.0,1.154545
FCzvg,7,13,29.0,395.0,348.0,1.135057
FCzvo,7,13,29.0,392.0,348.0,1.126437
FCzvw,7,14,28.0,406.0,364.0,1.115385
FCz~o,7,14,28.0,406.0,364.0,1.115385
FCz~w,7,15,27.0,420.0,378.0,1.111111
FC~v_,7,13,29.0,396.0,348.0,1.137931
FC~vo,7,14,28.0,408.0,364.0,1.120879
FC~vw,7,15,27.0,420.0,378.0,1.111111
FC~~w,7,16,26.0,432.0,390.0,1.107692
FEheo,7,10,34.0,372.0,306.0,1.215686
FEhfo,7,11,32.0,373.0,320.0,1.165625
FEhfw,7,12,30.0,378.0,330.0,1.145455
FEhtw,7,12,31.0,388.0,341.0,1.13783
FEhuo,7,11,31.0,370.0,310.0,1.193548
FEhuw,7,12,30.0,382.0,330.0,1.157576
FEhvO,7,11,31.0,365.0,310.0,1.177419
FEhvg,7,12,31.0,390.0,341.0,1.143695
FEhvo,7,12,30.0,379.0,330.0,1.148485
FEhvw,7,13,29.0,392.0,348.0,1.126437
FEhzw,7,13,29.0,396.0,348.0,1.137931
FEh~o,7,13,29.0,390.0,348.0,1.12069
FEh~w,7,14,28.0,406.0,364.0,1.115385
FEjRO,7,10,34.0,372.0,306.0,1.215686
FEjRg,7,11,32.0,384.0,320.0,1.2
FEjRo,7,11,32.0,374.0,320.0,1.16875
FEjRw,7,12,30.0,383.0,330.0,1.160606
FEjTO,7,10,38.0,402.0,342.0,1.175439
FEjTo,7,11,34.0,394.0,340.0,1.158824
FEjTw,7,12,32.0,401.0,352.0,1.139205
FEjUg,7,11,37.0,381.0,370.0,1.02973
FEjUw,7,12,33.0,399.0,363.0,1.099174
FEjVO,7,11,33.0,384.0,330.0,1.163636
FEjVg,7,12,31.0,398.0,341.0,1.167155
FEjVo,7,12,31.0,392.0,341.0,1.14956
FEjVw,7,13,29.0,398.0,348.0,1.143678
FEjZo,7,12,30.0,380.0,330.0,1.151515
FEjZw,7,13,29.0,396.0,348.0,1.137931
FEj\o,7,12,31.0,392.0,341.0,1.14956
FEj\w,7,13,30.0,407.0,360.0,1.130556
FEj]w,7,13,31.0,405.0,372.0,1.08871
FEj^o,7,13,29.0,396.0,348.0,1.137931
FEj^w,7,14,28.0,410.0,364.0,1.126374
FEjbo,7,11,31.0,361.0,310.0,1.164516
FEjeg,7,11,33.0,387.0,330.0,1.172727
FEjeo,7,11,32.0,373.0,320.0,1.165625
FEjfg,7,12,31.0,390.0,341.0,1.143695
FEjfo,7,12,30.0,379.0,330.0,1.148485
FEjfw,7,13,29.0,394.0,348.0,1.132184
FEjro,7,12,30.0,376.0,330.0,1.139394
FEjrw,7,13,29.0,393.0,348.0,1.12931
FEjto,7,12,31.0,389.0,341.0,1.140762
FEjtw,7,13,30.0,405.0,360.0,1.125
FEjuo,7,12,30.0,382.0,330.0,1.157576
FEjuw,7,13,29.0,398.0,348.0,1.143678
FEjvO,7,12,30.0,380.0,330.0,1.151515
FEjvW,7,13,29.0,396.0,348.0,1.137931
FEjv_,7,12,31.0,390.0,341.0,1.143695
FEjvg,7,13,30.0,407.0,360.0,1.130556
FEjvo,7,13,29.0,393.0,348.0,1.12931
FEjvw,7,14,28.0,408.0,364.0,1.120879
FEj~o,7,14,28.0,406.0,364.0,1.115385
FEj~w,7,15,27.0,420.0,378.0,1.111111
FEl~w,7,15,27.0,420.0,378.0,1.111111
FEn~o,7,15,27.0,420.0,378.0,1.111111
FEn~w,7,16,26.0,432.0,390.0,1.107692
FEqrO,7,10,32.0,354.0,288.0,1.229167
FEqrW,7,11,31.0,362.0,310.0,1.167742
FEqtO,7,10,33.0,356.0,297.0,1.198653
FEqtW,7,11,32.0,373.0,320.0,1.165625
FEqtg,7,11,33.0,387.0,330.0,1.172727
FEquo,7,11,34.0,380.0,340.0,1.117647
FEquw,7,12,32.0,385.0,352.0,1.09375
FEqvO,7,11,31.0,365.0,310.0,1.177419
FEqvW,7,12,30.0,379.0,330.0,1.148485
FEqv_,7,11,32.0,373.0,320.0,1.165625
FEqvg,7,12,31.0,390.0,341.0,1.143695
FEqvo,7,12,30.0,382.0,330.0,1.157576
FEqvw,7,13,29.0,394.0,348.0,1.132184
FEr]o,7,12,18.0,228.0,198.0,1.151515
FEr]w,7,13,17.0,234.0,204.0,1.147059
FEr^o,7,13,30.0,394.0,360.0,1.094444
FEr^w,7,14,28.0,399.0,364.0,1.096154
FErto,7,12,30.0,379.0,330.0,1.148485
FErtw,7,13,29.0,395.0,348.0,1.135057
FEruo,7,12,32.0,385.0,352.0,1.09375
FEruw,7,13,30.0,394.0,360.0,1.094444
FErvO,7,12,30.0,378.0,330.0,1.145455
FErvW,7,13,29.0,394.0,348.0,1.132184
FErv_,7,12,31.0,388.0,341.0,1.13783
FErvg,7,13,30.0,405.0,360.0,1.125
FErvo,7,13,29.0,394.0,348.0,1.132184
FErvw,7,14,28.0,408.0,364.0,1.120879
FEr~o,7,14,28.0,408.0,364.0,1.120879
FEr~w,7,15,27.0,420.0,378.0,1.111111
FEuzw,7,14,28.0,410.0,364.0,1.126374
FEu|w,7,14,29.0,420.0,377.0,1.114058
FEu~w,7,15,27.0,422.0,378.0,1.116402
FEv\w,7,14,29.0,411.0,377.0,1.090186
FEv]w,7,14,16.0,238.0,208.0,1.144231
FEv^w,7,15,27.0,413.0,378.0,1.092593
FEv~o,7,15,27.0,422.0,378.0,1.116402
FEv~w,7,16,26.0,432.0,390.0,1.107692
FEyrg,7,12,30.0,375.0,330.0,1.136364
FEyrw,7,13,29.0,391.0,348.0,1.123563
FEyuw,7,13,29.0,396.0,348.0,1.137931
FEyvO,7,12,30.0,378.0,330.0,1.145455
FEyvg,7,13,29.0,393.0,348.0,1.12931
FEyvo,7,13,29.0,393.0,348.0,1.12931
FEyvw,7,14,28.0,406.0,364.0,1.115385
FEyzw,7,14,28.0,406.0,364.0,1.115385
FEy|w,7,14,28.0,410.0,364.0,1.126374
FEy~o,7,14,28.0,406.0,364.0,1.115385
FEy~w,7,15,27.0,420.0,378.0,1.111111
FEzTg,7,12,30.0,382.0,330.0,1.157576
FEzTw,7,13,29.0,397.0,348.0,1.140805
FEzUg,7,12,33.0,399.0,363.0,1.099174
FEzUw,7,13,31.0,405.0,372.0,1.08871
FEzVO,7,12,32.0,396.0,352.0,1.125
FEzVg,7,13,29.0,398.0,348.0,1.143678
FEzVo,7,13,30.0,405.0,360.0,1.125
FEzVw,7,14,28.0,410.0,364.0,1.126374
FEz\w,7,14,28.0,410.0,364.0,1.126374
FEz]w,7,14,29.0,411.0,377.0,1.090186
FEz^o,7,14,28.0,410.0,364.0,1.126374
FEz^w,7,15,27.0,422.0,378.0,1.116402
FEzdo,7,12,30.0,379.0,330.0,1.148485
FEzfW,7,13,30.0,405.0,360.0,1.125
FEzfo,7,13,29.0,395.0,348.0,1.135057
FEzfw,7,14,28.0,408.0,364.0,1.120879
FEzlw,7,14,28.0,409.0,364.0,1.123626
FEzmw,7,14,29.0,420.0,377.0,1.114058
FEznW,7,14,29.0,422.0,377.0,1.119363
FEznw,7,15,27.0,422.0,378.0,1.116402
FEzto,7,13,29.0,392.0,348.0,1.126437
FEztw,7,14,28.0,407.0,364.0,1.118132
FEzuo,7,13,29.0,396.0,348.0,1.137931
FEzuw,7,14,28.0,410.0,364.0,1.126374
FEzvO,7,13,29.0,393.0,348.0,1.12931
FEzvW,7,14,28.0,408.0,364.0,1.120879
FEzv_,7,13,29.0,395.0,348.0,1.135057
FEzvg,7,14,28.0,409.0,364.0,1.123626
FEzvo,7,14,28.0,407.0,364.0,1.118132
FEzvw,7,15,27.0,420.0,378.0,1.111111
FEz~o,7,15,27.0,420.0,378.0,1.111111
FEz~w,7,16,26.0,432.0,390.0,1.107692
FE~v_,7,14,28.0,409.0,364.0,1.123626
FE~vo,7,15,27.0,421.0,378.0,1.113757
FE~vw,7,16,26.0,432.0,390.0,1.107692
FE~~w,7,17,25.0,442.0,400.0,1.105
FFzfw,7,15,27.0,420.0,378.0,1.111111
FFzvO,7,14,28.0,406.0,364.0,1.115385
FFzvg,7,15,27.0,423.0,378.0,1.119048
FFzvo,7,15,27.0,420.0,378.0,1.111111
FFzvw,7,16,26.0,432.0,390.0,1.107692
FFz~o,7,16,26.0,432.0,390.0,1.107692
FFz~w,7,17,25.0,442.0,400.0,1.105
FF~~w,7,18,24.0,450.0,408.0,1.102941
FQhTO,7,9,9.0,90.0,72.0,1.25
FQhVO,7,10,38.0,377.0,342.0,1.102339
FQhVo,7,11,34.0,400.0,340.0,1.176471
FQhVw,7,12,30.0,390.0,330.0,1.181818
FQilW,7,11,11.0,130.0,110.0,1.181818
FQinW,7,12,34.0,388.0,374.0,1.037433
FQino,7,12,32.0,410.0,352.0,1.164773
FQinw,7,13,29.0,406.0,348.0,1.166667
FQjRo,7,11,31.0,370.0,310.0,1.193548
FQjUg,7,11,35.0,408.0,350.0,1.165714
FQjVO,7,11,33.0,388.0,330.0,1.175758
FQjVg,7,12,32.0,402.0,352.0,1.142045
FQjVo,7,12,30.0,385.0,330.0,1.166667
FQjVw,7,13,29.0,398.0,348.0,1.143678
FQjlo,7,12,30.0,394.0,330.0,1.193939
FQjlw,7,13,29.0,405.0,348.0,1.163793
FQjnW,7,13,32.0,416.0,384.0,1.083333
FQjno,7,13,29.0,399.0,348.0,1.146552
FQjnw,7,14,28.0,412.0,364.0,1.131868
FQjuo,7,12,30.0,380.0,330.0,1.151515
FQjuw,7,13,29.0,398.0,348.0,1.143678
FQjvO,7,12,31.0,393.0,341.0,1.152493
FQjvW,7,13,30.0,409.0,360.0,1.136111
FQjvg,7,13,31.0,416.0,372.0,1.11828
FQjvo,7,13,29.0,394.0,348.0,1.132184
FQjvw,7,14,28.0,410.0,364.0,1.126374
FQj~o,7,14,28.0,406.0,364.0,1.115385
FQj~w,7,15,27.0,420.0,378.0,1.111111
FQyuw,7,13,29.0,394.0,348.0,1.132184
FQyvO,7,12,30.0,386.0,330.0,1.169697
FQyvW,7,13,29.0,398.0,348.0,1.143678
FQyvo,7,13,29.0,393.0,348.0,1.12931
FQyvw,7,14,28.0,406.0,364.0,1.115385
FQy~w,7,15,27.0,420.0,378.0,1.111111
FQzTg,7,12,30.0,379.0,330.0,1.148485
FQzTo,7,12,30.0,381.0,330.0,1.154545
FQzVW,7,13,30.0,407.0,360.0,1.130556
FQzVo,7,13,29.0,395.0,348.0,1.135057
FQzVw,7,14,28.0,408.0,364.0,1.120879
FQz\w,7,14,28.0,410.0,364.0,1.126374
FQz^w,7,15,27.0,422.0,378.0,1.116402
FQzlw,7,14,28.0,412.0,364.0,1.131868
FQzmw,7,14,29.0,422.0,377.0,1.119363
FQznW,7,14,30.0,423.0,390.0,1.084615
FQznw,7,15,27.0,424.0,378.0,1.121693
FQzto,7,13,29.0,392.0,348.0,1.126437
FQztw,7,14,28.0,407.0,364.0,1.118132
FQzuo,7,13,29.0,392.0,348.0,1.126437
FQzuw,7,14,28.0,408.0,364.0,1.120879
FQzvO,7,13,29.0,398.0,348.0,1.143678
FQzvW,7,14,28.0,412.0,364.0,1.131868
FQzvg,7,14,28.0,409.0,364.0,1.123626
FQzvo,7,14,28.0,406.0,364.0,1.115385
FQzvw,7,15,27.0,420.0,378.0,1.111111
FQz~o,7,15,27.0,420.0,378.0,1.111111
FQz~w,7,16,26.0,432.0,390.0,1.107692
FQ~vo,7,15,27.0,420.0,378.0,1.111111
FQ~vw,7,16,26.0,432.0,390.0,1.107692
FQ~~w,7,17,25.0,442.0,400.0,1.105
FTm|w,7,15,15.0,240.0,210.0,1.142857
FTm~w,7,16,26.0,425.0,390.0,1.089744
FTn~o,7,16,26.0,434.0,390.0,1.112821
FTn~w,7,17,25.0,442.0,400.0,1.105
FT~vo,7,16,26.0,433.0,390.0,1.110256
FT~vw,7,17,25.0,442.0,400.0,1.105
FT~~w,7,18,24.0,450.0,408.0,1.102941
FUZuo,7,13,29.0,391.0,348.0,1.123563
FUZuw,7,14,28.0,407.0,364.0,1.118132
FUZvW,7,14,28.0,408.0,364.0,1.120879
FUZvg,7,14,28.0,412.0,364.0,1.131868
FUZvo,7,14,28.0,406.0,364.0,1.115385
FUZvw,7,15,27.0,420.0,378.0,1.111111
FUZ~o,7,15,27.0,420.0,378.0,1.111111
FUZ~w,7,16,26.0,432.0,390.0,1.107692
FUu~w,7,16,26.0,434.0,390.0,1.112821
FUv\w,7,15,28.0,435.0,392.0,1.109694
FUv]w,7,15,28.0,426.0,392.0,1.086735
FUv^w,7,16,26.0,434.0,390.0,1.112821
FUv~o,7,16,26.0,432.0,390.0,1.107692
FUv~w,7,17,25.0,442.0,400.0,1.105
FUxvo,7,14,28.0,407.0,364.0,1.118132
FUxvw,7,15,27.0,420.0,378.0,1.111111
FUz]w,7,15,27.0,424.0,378.0,1.121693
FUz^o,7,15,27.0,420.0,378.0,1.111111
FUz^w,7,16,26.0,432.0,390.0,1.107692
FUzlw,7,15,27.0,421.0,378.0,1.113757
FUzmw,7,15,27.0,422.0,378.0,1.116402
FUznW,7,15,27.0,424.0,378.0,1.121693
FUznw,7,16,26.0,432.0,390.0,1.107692
FUzro,7,14,28.0,406.0,364.0,1.115385
FUzvW,7,15,27.0,420.0,378.0,1.111111
FUzvg,7,15,27.0,421.0,378.0,1.113757
FUzvo,7,15,27.0,420.0,378.0,1.111111
FUzvw,7,16,26.0,432.0,390.0,1.107692
FUz~o,7,16,26.0,432.0,390.0,1.107692
FUz~w,7,17,25.0,442.0,400.0,1.105
FU~vo,7,16,26.0,432.0,390.0,1.107692
FU~vw,7,17,25.0,442.0,400.0,1.105
FU~~w,7,18,24.0,450.0,408.0,1.102941
FVzvw,7,17,25.0,442.0,400.0,1.105
FVz~o,7,17,25.0,442.0,400.0,1.105
FVz~w,7,18,24.0,450.0,408.0,1.102941
FV~~w,7,19,23.0,456.0,414.0,1.101449
F]~vw,7,18,24.0,450.0,408.0,1.102941
F]~~w,7,19,23.0,456.0,414.0,1.101449
F^~~w,7,20,22.0,460.0,418.0,1.100478
F~~~w,7,21,21.0,462.0,420.0,1.1
G???E?,8,2,4.0,2.0,4.0,0.5
G???F?,8,3,9.0,12.0,18.0,0.666667
G???F_,8,4,16.0,36.0,48.0,0.75
G???Fo,8,5,25.0,80.0,100.0,0.8
G???Fw,8,6,36.0,150.0,180.0,0.833333
G???F{,8,7,49.0,252.0,294.0,0.857143
G??CA?,8,2,2.0,2.0,2.0,1.0
G??CB?,8,3,5.0,8.0,10.0,0.8
G??CB_,8,4,10.0,24.0,30.0,0.8
G??CBo,8,5,17.0,56.0,68.0,0.823529
G??CBw,8,6,26.0,110.0,130.0,0.846154
G??CCC,8,3,3.0,12.0,6.0,2.0
G??CE?,8,3,10.0,10.0,20.0,0.5
G??CEC,8,4,8.0,32.0,24.0,1.333333
G??CF?,8,4,18.0,34.0,54.0,0.62963
G??CFC,8,5,15.0,68.0,60.0,1.133333
G??CF_,8,5,28.0,80.0,112.0,0.714286
G??CFc,8,6,24.0,126.0,120.0,1.05
G??CFo,8,6,40.0,154.0,200.0,0.77
G??CFs,8,7,35.0,212.0,210.0,1.009524
G??CFw,8,7,54.0,262.0,324.0,0.808642
G??CF{,8,8,48.0,332.0,336.0,0.988095
G??E@_,8,4,8.0,20.0,24.0,0.833333
G??E@c,8,5,29.0,80.0,116.0,0.689655
G??E@o,8,5,13.0,44.0,52.0,0.846154
G??E@s,8,6,42.0,156.0,210.0,0.742857
G??E@w,8,6,20.0,86.0,100.0,0.86
G??E@{,8,7,57.0,268.0,342.0,0.783626
G??ED?,8,4,20.0,30.0,60.0,0.5
G??EDC,8,5,16.0,72.0,64.0,1.125
G??ED_,8,5,32.0,76.0,128.0,0.59375
G??EDc,8,6,26.0,136.0,130.0,1.046154
G??EDo,8,6,46.0,154.0,230.0,0.669565
G??EDs,8,7,38.0,230.0,228.0,1.008772
G??EDw,8,7,62.0,270.0,372.0,0.725806
G??ED{,8,8,52.0,360.0,364.0,0.989011
G??EE?,8,4,8.0,40.0,24.0,1.666667
G??EEC,8,5,7.0,40.0,28.0,1.428571
G??EF?,8,5,16.0,84.0,64.0,1.3125
G??EFC,8,6,14.0,85.0,70.0,1.214286
G??EF_,8,6,26.0,152.0,130.0,1.169231
G??EFc,8,7,23.0,154.0,138.0,1.115942
G??EFo,8,7,38.0,250.0,228.0,1.096491
G??EFs,8,8,34.0,253.0,238.0,1.063025
G??EFw,8,8,52.0,384.0,364.0,1.054945
G??EF{,8,9,47.0,388.0,376.0,1.031915
G??F?w,8,6,18.0,78.0,90.0,0.866667
G??F?{,8,7,58.0,270.0,348.0,0.775862
G??FCo,8,6,48.0,154.0,240.0,0.641667
G??FCs,8,7,39.0,236.0,234.0,1.008547
G??FCw,8,7,66.0,274.0,396.0,0.691919
G??FC{,8,8,54.0,374.0,378.0,0.989418
G??FE_,8,6,28.0,160.0,140.0,1.142857
G??FEc,8,7,24.0,160.0,144.0,1.111111
G??FEo,8,7,42.0,270.0,252.0,1.071429
G??FEs,8,8,36.0,267.0,252.0,1.059524
G??FEw,8,8,58.0,420.0,406.0,1.034483
G??FE{,8,9,50.0,412.0,400.0,1.03
G??FF?,8,6,14.0,96.0,70.0,1.371429
G??FFC,8,7,13.0,98.0,78.0,1.25641
G??FF_,8,7,24.0,176.0,144.0,1.222222
G??FFc,8,8,22.0,178.0,154.0,1.155844
G??FFo,8,8,36.0,288.0,252.0,1.142857
G??FFs,8,9,33.0,290.0,264.0,1.098485
G??FFw,8,9,50.0,438.0,400.0,1.095
G??FF{,8,10,46.0,440.0,414.0,1.062802
G??FeW,8,8,60.0,432.0,420.0,1.028571
G??Fe[,8,9,51.0,420.0,408.0,1.029412
G??FfO,8,8,38.0,300.0,266.0,1.12782
G??FfS,8,9,34.0,298.0,272.0,1.095588
G??FfW,8,9,54.0,466.0,432.0,1.078704
G??Ff[,8,10,48.0,458.0,432.0,1.060185
G??Ff_,8,8,22.0,192.0,154.0,1.246753
G??Ffc,8,9,21.0,198.0,168.0,1.178571
G??Ffo,8,9,34.0,318.0,272.0,1.169118
G??Ffs,8,10,32.0,323.0,288.0,1.121528
G??Ffw,8,10,48.0,484.0,432.0,1.12037
G??Ff{,8,11,45.0,488.0,450.0,1.084444
G??Fvg,8,10,50.0,500.0,450.0,1.111111
G??Fvk,8,11,46.0,498.0,460.0,1.082609
G??Fvo,8,10,32.0,340.0,288.0,1.180556
G??Fvs,8,11,31.0,352.0,310.0,1.135484
G??Fvw,8,11,46.0,522.0,460.0,1.134783
G??Fv{,8,12,44.0,532.0,484.0,1.099174
G??F~w,8,12,44.0,552.0,484.0,1.140496
G??F~{,8,13,43.0,572.0,516.0,1.108527
G?AA@?,8,3,3.0,6.0,6.0,1.0
G?AA@_,8,4,6.0,16.0,18.0,0.888889
G?AA@o,8,5,11.0,38.0,44.0,0.863636
G?AACG,8,4,4.0,18.0,12.0,1.5
G?AAD?,8,4,11.0,23.0,33.0,0.69697
G?AADG,8,5,9.0,44.0,36.0,1.222222
G?AAD_,8,5,19.0,56.0,76.0,0.736842
G?AADg,8,6,16.0,88.0,80.0,1.1
G?AADo,8,6,29.0,113.0,145.0,0.77931
G?AADw,8,7,25.0,156.0,150.0,1.04
G?AAEG,8,5,17.0,70.0,68.0,1.029412
G?AAEK,8,6,14.0,98.0,70.0,1.4
G?AAF?,8,5,31.0,78.0,124.0,0.629032
G?AAFG,8,6,27.0,131.0,135.0,0.97037
G?AAFK,8,7,23.0,170.0,138.0,1.231884
G?AAF_,8,6,44.0,156.0,220.0,0.709091
G?AAFg,8,7,39.0,222.0,234.0,0.948718
G?AAFk,8,8,34.0,272.0,238.0,1.142857
G?AAFo,8,7,59.0,270.0,354.0,0.762712
G?AAFw,8,8,53.0,349.0,371.0,0.940701
G?AAF{,8,9,47.0,410.0,376.0,1.090426
G?AB?o,8,5,9.0,32.0,36.0,0.888889
G?AB?s,8,6,30.0,114.0,150.0,0.76
G?ABA_,8,5,21.0,54.0,84.0,0.642857
G?ABAc,8,6,17.0,93.0,85.0,1.094118
G?ABAo,8,6,33.0,113.0,165.0,0.684848
G?ABAs,8,7,27.0,168.0,162.0,1.037037
G?ABB?,8,5,9.0,52.0,36.0,1.444444
G?ABBC,8,6,8.0,52.0,40.0,1.3
G?ABB_,8,6,17.0,105.0,85.0,1.235294
G?ABBc,8,7,15.0,105.0,90.0,1.166667
G?ABBo,8,7,27.0,184.0,162.0,1.135802
G?ABBs,8,8,24.0,184.0,168.0,1.095238
G?ABCg,8,6,12.0,66.0,60.0,1.1
G?ABCk,8,7,41.0,228.0,246.0,0.926829
G?ABCo,8,6,22.0,88.0,110.0,0.8
G?ABCs,8,7,62.0,274.0,372.0,0.736559
G?ABCw,8,7,19.0,120.0,114.0,1.052632
G?ABC{,8,8,56.0,360.0,392.0,0.918367
G?ABEG,8,6,31.0,135.0,155.0,0.870968
G?ABEK,8,7,25.0,184.0,150.0,1.226667
G?ABE_,8,6,50.0,152.0,250.0,0.608
G?ABEc,8,7,42.0,239.0,252.0,0.948413
G?ABEg,8,7,45.0,232.0,270.0,0.859259
G?ABEk,8,8,37.0,295.0,259.0,1.138996
G?ABEo,8,7,67.0,274.0,402.0,0.681592
G?ABEs,8,8,57.0,376.0,399.0,0.942356
G?ABEw,8,8,61.0,369.0,427.0,0.864169
G?ABE{,8,9,51.0,444.0,408.0,1.088235
G?ABF?,8,6,29.0,157.0,145.0,1.082759
G?ABFC,8,7,26.0,163.0,156.0,1.044872
G?ABFG,8,7,25.0,200.0,150.0,1.333333
G?ABFK,8,8,22.0,196.0,154.0,1.272727
G?ABF_,8,7,42.0,260.0,252.0,1.031746
G?ABFc,8,8,38.0,268.0,266.0,1.007519
G?ABFg,8,8,37.0,315.0,259.0,1.216216
G?ABFk,8,9,33.0,311.0,264.0,1.17803
G?ABFo,8,8,57.0,401.0,399.0,1.005013
G?ABFs,8,9,52.0,411.0,416.0,0.987981
G?ABFw,8,9,51.0,468.0,408.0,1.147059
G?ABF{,8,10,46.0,464.0,414.0,1.120773
G?ABbO,8,7,29.0,194.0,174.0,1.114943
G?ABbS,8,8,25.0,191.0,175.0,1.091429
G?ABb_,8,7,15.0,116.0,90.0,1.288889
G?ABbc,8,8,14.0,118.0,98.0,1.204082
G?ABbo,8,8,25.0,207.0,175.0,1.182857
G?ABbs,8,9,23.0,208.0,184.0,1.130435
G?ABeW,8,8,65.0,381.0,455.0,0.837363
G?ABe[,8,9,53.0,462.0,424.0,1.089623
G?ABfG,8,8,41.0,343.0,287.0,1.195122
G?ABfK,8,9,35.0,329.0,280.0,1.175
G?ABfO,8,8,63.0,435.0,441.0,0.986395
G?ABfS,8,9,55.0,434.0,440.0,0.986364
G?ABfW,8,9,57.0,514.0,456.0,1.127193
G?ABf[,8,10,49.0,493.0,441.0,1.117914
G?ABf_,8,8,40.0,303.0,280.0,1.082143
G?ABfc,8,9,37.0,310.0,296.0,1.047297
G?ABfg,8,9,35.0,350.0,280.0,1.25
G?ABfk,8,10,32.0,346.0,288.0,1.201389
G?ABfo,8,9,55.0,461.0,440.0,1.047727
G?ABfs,8,10,51.0,469.0,459.0,1.021786
G?ABfw,8,10,49.0,519.0,441.0,1.176871
G?ABf{,8,11,45.0,514.0,450.0,1.142222
G?ABro,8,9,23.0,222.0,184.0,1.206522
G?ABrs,8,10,22.0,228.0,198.0,1.151515
G?ABvg,8,10,53.0,555.0,477.0,1.163522
G?ABvk,8,11,47.0,536.0,470.0,1.140426
G?ABvo,8,10,53.0,513.0,477.0,1.075472
G?ABvs,8,11,50.0,523.0,500.0,1.046
G?ABvw,8,11,47.0,562.0,470.0,1.195745
G?ABv{,8,12,44.0,560.0,484.0,1.157025
G?ACJ?,8,5,7.0,32.0,28.0,1.142857
G?ACJ_,8,6,12.0,60.0,60.0,1.0
G?ACJo,8,7,19.0,108.0,114.0,0.947368
G?ACKK,8,6,6.0,42.0,30.0,1.4
G?ACMK,8,7,13.0,93.0,78.0,1.192308
G?ACN?,8,6,28.0,134.0,140.0,0.957143
G?ACNG,8,7,25.0,164.0,150.0,1.093333
G?ACNK,8,8,22.0,170.0,154.0,1.103896
G?ACN_,8,7,41.0,230.0,246.0,0.934959
G?ACNg,8,8,37.0,271.0,259.0,1.046332
G?ACNk,8,9,33.0,279.0,264.0,1.056818
G?ACNo,8,8,56.0,364.0,392.0,0.928571
G?ACNw,8,9,51.0,416.0,408.0,1.019608
G?ACN{,8,10,46.0,426.0,414.0,1.028986
G?AE@_,8,5,14.0,44.0,56.0,0.785714
G?AE@o,8,6,19.0,79.0,95.0,0.831579
G?AEAG,8,5,15.0,100.0,60.0,1.666667
G?AEB?,8,5,35.0,70.0,140.0,0.5
G?AEBG,8,6,26.0,180.0,130.0,1.384615
G?AEB_,8,6,52.0,148.0,260.0,0.569231
G?AEBg,8,7,39.0,292.0,234.0,1.247863
G?AEBo,8,7,71.0,270.0,426.0,0.633803
G?AEBw,8,8,54.0,442.0,378.0,1.169312
G?AEDC,8,6,27.0,141.0,135.0,1.044444
G?AEDG,8,6,29.0,140.0,145.0,0.965517
G?AED_,8,6,46.0,156.0,230.0,0.678261
G?AEDc,8,7,40.0,242.0,240.0,1.008333
G?AEDg,8,7,43.0,244.0,258.0,0.945736
G?AEDo,8,7,63.0,274.0,378.0,0.724868
G?AEDs,8,8,55.0,381.0,385.0,0.98961
G?AEDw,8,8,59.0,388.0,413.0,0.939467
G?AEEC,8,6,15.0,89.0,75.0,1.186667
G?AEEG,8,6,14.0,97.0,70.0,1.385714
G?AEEK,8,7,13.0,100.0,78.0,1.282051
G?AEF?,8,6,27.0,158.0,135.0,1.17037
G?AEFC,8,7,25.0,165.0,150.0,1.1
G?AEFG,8,7,24.0,175.0,144.0,1.215278
G?AEFK,8,8,22.0,180.0,154.0,1.168831
G?AEF_,8,7,40.0,264.0,240.0,1.1
G?AEFc,8,8,37.0,273.0,259.0,1.054054
G?AEFg,8,8,36.0,285.0,252.0,1.130952
G?AEFk,8,9,33.0,292.0,264.0,1.106061
G?AEFo,8,8,55.0,408.0,385.0,1.05974
G?AEFs,8,9,51.0,419.0,408.0,1.026961
G?AEFw,8,9,50.0,433.0,400.0,1.0825
G?AEF{,8,10,46.0,442.0,414.0,1.067633
G?AEHo,8,7,17.0,104.0,102.0,1.019608
G?AEHs,8,8,57.0,365.0,399.0,0.914787
G?AEJ_,8,7,47.0,238.0,282.0,0.843972
G?AEJc,8,8,38.0,304.0,266.0,1.142857
G?AEJo,8,8,65.0,385.0,455.0,0.846154
G?AEJs,8,9,53.0,464.0,424.0,1.09434
G?AELG,8,7,27.0,174.0,162.0,1.074074
G?AELK,8,8,23.0,177.0,161.0,1.099379
G?AELg,8,8,41.0,295.0,287.0,1.027875
G?AELk,8,9,35.0,295.0,280.0,1.053571
G?AELo,8,8,61.0,390.0,427.0,0.913349
G?AELs,8,9,53.0,433.0,424.0,1.021226
G?AELw,8,9,57.0,458.0,456.0,1.004386
G?AEL{,8,10,49.0,453.0,441.0,1.027211
G?AEMG,8,7,13.0,100.0,78.0,1.282051
G?AEMK,8,8,12.0,104.0,84.0,1.238095
G?AENG,8,8,23.0,187.0,161.0,1.161491
G?AENK,8,9,21.0,192.0,168.0,1.142857
G?AEN_,8,8,38.0,303.0,266.0,1.139098
G?AENc,8,9,35.0,306.0,280.0,1.092857
G?AENg,8,9,35.0,308.0,280.0,1.1
G?AENk,8,10,32.0,314.0,288.0,1.090278
G?AENo,8,9,53.0,463.0,424.0,1.091981
G?AENs,8,10,49.0,466.0,441.0,1.056689
G?AENw,8,10,49.0,469.0,441.0,1.063492
G?AEN{,8,11,45.0,476.0,450.0,1.057778
G?AF?w,8,7,74.0,270.0,444.0,0.608108
G?AF?{,8,8,56.0,416.0,392.0,1.061224
G?AFAg,8,7,41.0,304.0,246.0,1.235772
G?AFAk,8,8,37.0,292.0,259.0,1.127413
G?AFAo,8,7,71.0,274.0,426.0,0.643192
G?AFAs,8,8,59.0,389.0,413.0,0.941889
G?AFAw,8,8,58.0,470.0,406.0,1.157635
G?AFA{,8,9,52.0,449.0,416.0,1.079327
G?AFBG,8,7,23.0,190.0,138.0,1.376812
G?AFBK,8,8,22.0,195.0,154.0,1.266234
G?AFB_,8,7,46.0,278.0,276.0,1.007246
G?AFBc,8,8,40.0,281.0,280.0,1.003571
G?AFBg,8,8,36.0,313.0,252.0,1.242063
G?AFBk,8,9,34.0,318.0,272.0,1.169118
G?AFBo,8,8,65.0,445.0,455.0,0.978022
G?AFBs,8,9,56.0,441.0,448.0,0.984375
G?AFBw,8,9,51.0,476.0,408.0,1.166667
G?AFB{,8,10,48.0,481.0,432.0,1.113426
G?AFCg,8,7,44.0,244.0,264.0,0.924242
G?AFCk,8,8,38.0,279.0,266.0,1.048872
G?AFCo,8,7,65.0,276.0,390.0,0.707692
G?AFCs,8,8,56.0,388.0,392.0,0.989796
G?AFCw,8,8,62.0,398.0,434.0,0.917051
G?AFC{,8,9,53.0,434.0,424.0,1.023585
G?AFEG,8,7,25.0,183.0,150.0,1.22
G?AFEK,8,8,23.0,186.0,161.0,1.15528
G?AFE_,8,7,42.0,274.0,252.0,1.087302
G?AFEc,8,8,38.0,280.0,266.0,1.052632
G?AFEg,8,8,39.0,306.0,273.0,1.120879
G?AFEk,8,9,35.0,307.0,280.0,1.096429
G?AFEo,8,8,59.0,432.0,413.0,1.046005
G?AFEs,8,9,53.0,435.0,424.0,1.025943
G?AFEw,8,9,55.0,471.0,440.0,1.070455
G?AFE{,8,10,49.0,468.0,441.0,1.061224
G?AFF?,8,7,25.0,180.0,150.0,1.2
G?AFFC,8,8,24.0,190.0,168.0,1.130952
G?AFFG,8,8,22.0,195.0,154.0,1.266234
G?AFFK,8,9,21.0,202.0,168.0,1.202381
G?AFF_,8,8,38.0,301.0,266.0,1.131579
G?AFFc,8,9,36.0,312.0,288.0,1.083333
G?AFFg,8,9,34.0,319.0,272.0,1.172794
G?AFFk,8,10,32.0,327.0,288.0,1.135417
G?AFFo,8,9,53.0,462.0,424.0,1.089623
G?AFFs,8,10,50.0,474.0,450.0,1.053333
G?AFFw,8,10,48.0,483.0,432.0,1.118056
G?AFF{,8,11,45.0,492.0,450.0,1.093333
G?AFJo,8,9,59.0,532.0,472.0,1.127119
G?AFJs,8,10,50.0,504.0,450.0,1.12
G?AFKw,8,9,59.0,472.0,472.0,1.0
G?AFK{,8,10,50.0,462.0,450.0,1.026667
G?AFMg,8,9,37.0,322.0,296.0,1.087838
G?AFMk,8,10,33.0,323.0,297.0,1.087542
G?AFMw,8,10,53.0,501.0,477.0,1.050314
G?AFM{,8,11,47.0,496.0,470.0,1.055319
G?AFNG,8,9,21.0,202.0,168.0,1.202381
G?AFNK,8,10,20.0,210.0,180.0,1.166667
G?AFNg,8,10,33.0,337.0,297.0,1.13468
G?AFNk,8,11,31.0,345.0,310.0,1.112903
G?AFNo,8,10,50.0,505.0,450.0,1.122222
G?AFNs,8,11,47.0,510.0,470.0,1.085106
G?AFNw,8,11,47.0,514.0,470.0,1.093617
G?AFN{,8,12,44.0,522.0,484.0,1.078512
G?AFbW,8,9,53.0,490.0,424.0,1.15566
G?AFb[,8,10,49.0,490.0,441.0,1.111111
G?AFbg,8,9,33.0,334.0,264.0,1.265152
G?AFbk,8,10,32.0,345.0,288.0,1.197917
G?AFbo,8,9,59.0,487.0,472.0,1.03178
G?AFbs,8,10,53.0,486.0,477.0,1.018868
G?AFbw,8,10,48.0,513.0,432.0,1.1875
G?AFb{,8,11,46.0,523.0,460.0,1.136957
G?AFeW,8,9,56.0,481.0,448.0,1.073661
G?AFe[,8,10,50.0,476.0,450.0,1.057778
G?AFfG,8,9,35.0,329.0,280.0,1.175
G?AFfK,8,10,33.0,335.0,297.0,1.127946
G?AFfO,8,9,55.0,476.0,440.0,1.081818
G?AFfS,8,10,51.0,483.0,459.0,1.052288
G?AFfW,8,10,51.0,510.0,459.0,1.111111
G?AFf[,8,11,47.0,511.0,470.0,1.087234
G?AFf_,8,9,36.0,330.0,288.0,1.145833
G?AFfc,8,10,35.0,347.0,315.0,1.101587
G?AFfg,8,10,32.0,345.0,288.0,1.197917
G?AFfk,8,11,31.0,358.0,310.0,1.154839
G?AFfo,8,10,51.0,508.0,459.0,1.106754
G?AFfs,8,11,49.0,525.0,490.0,1.071429
G?AFfw,8,11,46.0,525.0,460.0,1.141304
G?AFf{,8,12,44.0,538.0,484.0,1.11157
G?AFnW,8,11,49.0,532.0,490.0,1.085714
G?AFn[,8,12,45.0,533.0,495.0,1.076768
G?AFng,8,11,31.0,358.0,310.0,1.154839
G?AFnk,8,12,30.0,372.0,330.0,1.127273
G?AFnw,8,12,45.0,551.0,495.0,1.113131
G?AFn{,8,13,43.0,564.0,516.0,1.093023
G?AFrw,8,11,45.0,540.0,450.0,1.2
G?AFr{,8,12,44.0,559.0,484.0,1.154959
G?AFvg,8,11,47.0,537.0,470.0,1.142553
G?AFvk,8,12,45.0,548.0,495.0,1.107071
G?AFvo,8,11,49.0,546.0,490.0,1.114286
G?AFvs,8,12,48.0,572.0,528.0,1.083333
G?AFvw,8,12,44.0,559.0,484.0,1.154959
G?AFv{,8,13,43.0,580.0,516.0,1.124031
G?AF~w,8,13,43.0,580.0,516.0,1.124031
G?AF~{,8,14,42.0,602.0,546.0,1.102564
G?B@cW,8,7,20.0,126.0,120.0,1.05
G?B@c[,8,8,60.0,386.0,420.0,0.919048
G?B@dK,8,8,40.0,318.0,280.0,1.135714
G?B@dO,8,7,75.0,270.0,450.0,0.6
G?B@dW,8,8,65.0,394.0,455.0,0.865934
G?B@d[,8,9,55.0,478.0,440.0,1.086364
G?B@eG,8,7,11.0,76.0,66.0,1.151515
G?B@eK,8,8,40.0,277.0,280.0,0.989286
G?B@eO,8,7,20.0,138.0,120.0,1.15
G?B@eS,8,8,60.0,412.0,420.0,0.980952
G?B@eW,8,8,18.0,139.0,126.0,1.103175
G?B@e[,8,9,55.0,426.0,440.0,0.968182
G?B@f?,8,7,48.0,270.0,288.0,0.9375
G?B@fC,8,8,40.0,339.0,280.0,1.210714
G?B@fG,8,8,44.0,286.0,308.0,0.928571
G?B@fK,8,9,36.0,338.0,288.0,1.173611
G?B@fO,8,8,65.0,421.0,455.0,0.925275
G?B@fS,8,9,55.0,503.0,440.0,1.143182
G?B@fW,8,9,60.0,441.0,480.0,0.91875
G?B@f[,8,10,50.0,503.0,450.0,1.117778
G?B@f_,8,8,40.0,360.0,280.0,1.285714
G?B@fg,8,9,36.0,358.0,288.0,1.243056
G?B@fk,8,10,32.0,348.0,288.0,1.208333
G?B@fo,8,9,55.0,528.0,440.0,1.2
G?B@fw,8,10,50.0,527.0,450.0,1.171111
G?B@f{,8,11,45.0,516.0,450.0,1.146667
G?B@l[,8,10,51.0,485.0,459.0,1.056645
G?B@m[,8,10,52.0,490.0,468.0,1.047009
G?B@nK,8,10,34.0,343.0,306.0,1.120915
G?B@nO,8,9,54.0,503.0,432.0,1.164352
G?B@nS,8,10,50.0,499.0,450.0,1.108889
G?B@nW,8,10,52.0,518.0,468.0,1.106838
G?B@n[,8,11,48.0,520.0,480.0,1.083333
G?B@n_,8,9,33.0,332.0,264.0,1.257576
G?B@ng,8,10,32.0,347.0,288.0,1.204861
G?B@nk,8,11,31.0,360.0,310.0,1.16129
G?B@no,8,10,48.0,508.0,432.0,1.175926
G?B@nw,8,11,46.0,526.0,460.0,1.143478
G?B@n{,8,12,44.0,540.0,484.0,1.115702
G?B@pk,8,9,58.0,448.0,464.0,0.965517
G?B@po,8,8,18.0,150.0,126.0,1.190476
G?B@ps,8,9,17.0,154.0,136.0,1.132353
G?B@pw,8,9,58.0,476.0,464.0,1.025862
G?B@p{,8,10,54.0,488.0,486.0,1.004115
G?B@tg,8,9,61.0,549.0,488.0,1.125
G?B@tk,8,10,53.0,532.0,477.0,1.115304
G?B@to,8,9,63.0,491.0,504.0,0.974206
G?B@ts,8,10,59.0,509.0,531.0,0.958569
G?B@tw,8,10,53.0,559.0,477.0,1.171908
G?B@t{,8,11,49.0,558.0,490.0,1.138776
G?B@vG,8,9,64.0,459.0,512.0,0.896484
G?B@vK,8,10,52.0,524.0,468.0,1.119658
G?B@v_,8,9,61.0,576.0,488.0,1.180328
G?B@vc,8,10,53.0,557.0,477.0,1.167715
G?B@vg,8,10,56.0,581.0,504.0,1.152778
G?B@vk,8,11,48.0,549.0,480.0,1.14375
G?B@vo,8,10,53.0,584.0,477.0,1.224319
G?B@vs,8,11,49.0,582.0,490.0,1.187755
G?B@vw,8,11,48.0,575.0,480.0,1.197917
G?B@v{,8,12,44.0,564.0,484.0,1.165289
G?B@xw,8,10,52.0,512.0,468.0,1.094017
G?B@x{,8,11,51.0,542.0,510.0,1.062745
G?B@|w,8,11,48.0,541.0,480.0,1.127083
G?B@|{,8,12,47.0,568.0,517.0,1.098646
G?B@~g,8,11,48.0,549.0,480.0,1.14375
G?B@~k,8,12,46.0,560.0,506.0,1.106719
G?B@~o,8,11,45.0,540.0,450.0,1.2
G?B@~s,8,12,44.0,563.0,484.0,1.163223
G?B@~w,8,12,44.0,563.0,484.0,1.163223
G?B@~{,8,13,43.0,584.0,516.0,1.131783
G?BD?o,8,6,24.0,88.0,120.0,0.733333
G?BD?w,8,7,70.0,274.0,420.0,0.652381
G?BD?{,8,8,58.0,428.0,406.0,1.054187
G?BDA_,8,6,56.0,140.0,280.0,0.5
G?BDAc,8,7,40.0,300.0,240.0,1.25
G?BDAg,8,7,48.0,247.0,288.0,0.857639
G?BDAk,8,8,38.0,302.0,266.0,1.135338
G?BDAo,8,7,79.0,262.0,474.0,0.552743
G?BDAs,8,8,56.0,460.0,392.0,1.173469
G?BDAw,8,8,67.0,405.0,469.0,0.863539
G?BDA{,8,9,53.0,461.0,424.0,1.087264
G?BDB?,8,6,27.0,210.0,135.0,1.555556
G?BDBG,8,7,24.0,199.0,144.0,1.381944
G?BDBK,8,8,22.0,196.0,154.0,1.272727
G?BDB_,8,7,42.0,343.0,252.0,1.361111
G?BDBg,8,8,37.0,323.0,259.0,1.247104
G?BDBk,8,9,34.0,318.0,272.0,1.169118
G?BDBo,8,8,59.0,518.0,413.0,1.254237
G?BDBw,8,9,52.0,487.0,416.0,1.170673
G?BDB{,8,10,48.0,480.0,432.0,1.111111
G?BDC_,8,6,48.0,156.0,240.0,0.65
G?BDCg,8,7,44.0,250.0,264.0,0.94697
G?BDCk,8,8,40.0,291.0,280.0,1.039286
G?BDCo,8,7,67.0,278.0,402.0,0.691542
G?BDCw,8,8,61.0,402.0,427.0,0.941452
G?BDC{,8,9,55.0,448.0,440.0,1.018182
G?BDEG,8,7,28.0,172.0,168.0,1.02381
G?BDEK,8,8,24.0,194.0,168.0,1.154762
G?BDE_,8,7,44.0,273.0,264.0,1.034091
G?BDEc,8,8,38.0,301.0,266.0,1.131579
G?BDEg,8,8,42.0,292.0,294.0,0.993197
G?BDEk,8,9,36.0,316.0,288.0,1.097222
G?BDEo,8,8,61.0,431.0,427.0,1.009368
G?BDEs,8,9,53.0,459.0,424.0,1.082547
G?BDEw,8,9,58.0,454.0,464.0,0.978448
G?BDE{,8,10,50.0,478.0,450.0,1.062222
G?BDF?,8,7,25.0,197.0,150.0,1.313333
G?BDFG,8,8,23.0,202.0,161.0,1.254658
G?BDFK,8,9,21.0,204.0,168.0,1.214286
G?BDF_,8,8,38.0,319.0,266.0,1.199248
G?BDFg,8,9,35.0,326.0,280.0,1.164286
G?BDFk,8,10,32.0,329.0,288.0,1.142361
G?BDFo,8,9,53.0,481.0,424.0,1.134434
G?BDFw,8,10,49.0,490.0,441.0,1.111111
G?BDF{,8,11,45.0,494.0,450.0,1.097778
G?BDG{,8,9,54.0,442.0,432.0,1.023148
G?BDIk,8,9,36.0,314.0,288.0,1.090278
G?BDIw,8,9,57.0,496.0,456.0,1.087719
G?BDI{,8,10,51.0,484.0,459.0,1.054466
G?BDJK,8,9,21.0,204.0,168.0,1.214286
G?BDJk,8,10,33.0,337.0,297.0,1.13468
G?BDJo,8,9,56.0,521.0,448.0,1.162946
G?BDJw,8,10,50.0,502.0,450.0,1.115556
G?BDJ{,8,11,47.0,512.0,470.0,1.089362
G?BDKk,8,9,36.0,303.0,288.0,1.052083
G?BDK{,8,10,51.0,471.0,459.0,1.026144
G?BDMk,8,10,34.0,331.0,306.0,1.081699
G?BDMo,8,9,57.0,495.0,456.0,1.085526
G?BDMs,8,10,51.0,486.0,459.0,1.058824
G?BDMw,8,10,54.0,508.0,486.0,1.045267
G?BDM{,8,11,48.0,505.0,480.0,1.052083
G?BDNK,8,10,20.0,212.0,180.0,1.177778
G?BDN_,8,9,35.0,327.0,280.0,1.167857
G?BDNg,8,10,33.0,338.0,297.0,1.138047
G?BDNk,8,11,31.0,347.0,310.0,1.119355
G?BDNo,8,10,50.0,501.0,450.0,1.113333
G?BDNw,8,11,47.0,514.0,470.0,1.093617
G?BDN{,8,12,44.0,524.0,484.0,1.082645
G?BD`W,8,8,59.0,479.0,413.0,1.159806
G?BD`[,8,9,55.0,474.0,440.0,1.077273
G?BD`k,8,9,36.0,337.0,288.0,1.170139
G?BD`o,8,8,71.0,451.0,497.0,0.907445
G?BD`s,8,9,63.0,462.0,504.0,0.916667
G?BD`w,8,9,53.0,497.0,424.0,1.17217
G?BD`{,8,10,51.0,512.0,459.0,1.115468
G?BDaW,8,8,69.0,404.0,483.0,0.836439
G?BDa[,8,9,54.0,471.0,432.0,1.090278
G?BDbG,8,8,39.0,338.0,273.0,1.238095
G?BDbK,8,9,35.0,328.0,280.0,1.171429
G?BDbO,8,8,61.0,534.0,427.0,1.250585
G?BDbS,8,9,53.0,495.0,424.0,1.167453
G?BDbW,8,9,56.0,520.0,448.0,1.160714
G?BDb[,8,10,50.0,500.0,450.0,1.111111
G?BDb_,8,8,38.0,356.0,266.0,1.338346
G?BDbc,8,9,35.0,354.0,280.0,1.264286
G?BDbg,8,9,34.0,344.0,272.0,1.264706
G?BDbk,8,10,32.0,348.0,288.0,1.208333
G?BDbo,8,9,55.0,542.0,440.0,1.231818
G?BDbs,8,10,50.0,534.0,450.0,1.186667
G?BDbw,8,10,49.0,521.0,441.0,1.181406
G?BDb{,8,11,46.0,525.0,460.0,1.141304
G?BDcW,8,8,63.0,405.0,441.0,0.918367
G?BDc[,8,9,57.0,461.0,456.0,1.010965
G?BDdK,8,9,38.0,329.0,304.0,1.082237
G?BDdO,8,8,63.0,443.0,441.0,1.004535
G?BDdS,8,9,59.0,462.0,472.0,0.978814
G?BDdW,8,9,57.0,491.0,456.0,1.076754
G?BDd[,8,10,53.0,502.0,477.0,1.052411
G?BDd_,8,8,42.0,312.0,294.0,1.061224
G?BDdc,8,9,41.0,336.0,328.0,1.02439
G?BDdg,8,9,36.0,337.0,288.0,1.170139
G?BDdk,8,10,35.0,355.0,315.0,1.126984
G?BDdo,8,9,59.0,489.0,472.0,1.036017
G?BDds,8,10,57.0,516.0,513.0,1.005848
G?BDdw,8,10,51.0,512.0,459.0,1.115468
G?BDd{,8,11,49.0,533.0,490.0,1.087755
G?BDeW,8,9,61.0,467.0,488.0,0.956967
G?BDe[,8,10,52.0,496.0,468.0,1.059829
G?BDfG,8,9,38.0,351.0,304.0,1.154605
G?BDfK,8,10,34.0,347.0,306.0,1.133987
G?BDfO,8,9,57.0,513.0,456.0,1.125
G?BDfS,8,10,51.0,510.0,459.0,1.111111
G?BDfW,8,10,54.0,534.0,486.0,1.098765
G?BDf[,8,11,48.0,524.0,480.0,1.091667
G?BDf_,8,9,36.0,354.0,288.0,1.229167
G?BDfc,8,10,34.0,363.0,306.0,1.186275
G?BDfg,8,10,33.0,357.0,297.0,1.20202
G?BDfk,8,11,31.0,362.0,310.0,1.167742
G?BDfo,8,10,51.0,533.0,459.0,1.16122
G?BDfs,8,11,48.0,543.0,480.0,1.13125
G?BDfw,8,11,47.0,537.0,470.0,1.142553
G?BDf{,8,12,44.0,542.0,484.0,1.119835
G?BDhw,8,10,51.0,511.0,459.0,1.11329
G?BDh{,8,11,49.0,529.0,490.0,1.079592
G?BDjW,8,10,52.0,518.0,468.0,1.106838
G?BDj[,8,11,48.0,522.0,480.0,1.0875
G?BDjg,8,10,32.0,348.0,288.0,1.208333
G?BDjk,8,11,31.0,362.0,310.0,1.167742
G?BDjw,8,11,47.0,538.0,470.0,1.144681
G?BDj{,8,12,45.0,552.0,495.0,1.115152
G?BDlW,8,10,53.0,502.0,477.0,1.052411
G?BDl[,8,11,49.0,515.0,490.0,1.05102
G?BDlg,8,10,34.0,343.0,306.0,1.120915
G?BDlk,8,11,33.0,363.0,330.0,1.1
G?BDlw,8,11,49.0,531.0,490.0,1.083673
G?BDl{,8,12,47.0,553.0,517.0,1.069632
G?BDnW,8,11,50.0,543.0,500.0,1.086
G?BDn[,8,12,46.0,545.0,506.0,1.077075
G?BDng,8,11,31.0,362.0,310.0,1.167742
G?BDnk,8,12,30.0,376.0,330.0,1.139394
G?BDno,8,11,47.0,537.0,470.0,1.142553
G?BDns,8,12,45.0,553.0,495.0,1.117172
G?BDnw,8,12,45.0,554.0,495.0,1.119192
G?BDn{,8,13,43.0,568.0,516.0,1.100775
G?BDpw,8,10,50.0,534.0,450.0,1.186667
G?BDp{,8,11,49.0,557.0,490.0,1.136735
G?BDrg,8,10,51.0,540.0,459.0,1.176471
G?BDrk,8,11,47.0,537.0,470.0,1.142553
G?BDro,8,10,51.0,574.0,459.0,1.250545
G?BDrs,8,11,48.0,575.0,480.0,1.197917
G?BDrw,8,11,46.0,555.0,460.0,1.206522
G?BDr{,8,12,44.0,564.0,484.0,1.165289
G?BDtg,8,10,53.0,532.0,477.0,1.115304
G?BDtk,8,11,51.0,550.0,510.0,1.078431
G?BDto,8,10,57.0,539.0,513.0,1.050682
G?BDts,8,11,56.0,574.0,560.0,1.025
G?BDtw,8,11,49.0,557.0,490.0,1.136735
G?BDt{,8,12,48.0,584.0,528.0,1.106061
G?BDvg,8,11,50.0,568.0,500.0,1.136
G?BDvk,8,12,46.0,564.0,506.0,1.114625
G?BDvo,8,11,49.0,577.0,490.0,1.177551
G?BDvs,8,12,47.0,592.0,517.0,1.145068
G?BDvw,8,12,45.0,576.0,495.0,1.163636
G?BDv{,8,13,43.0,586.0,516.0,1.135659
G?BDzw,8,12,44.0,564.0,484.0,1.165289
G?BDz{,8,13,43.0,586.0,516.0,1.135659
G?BD|w,8,12,47.0,568.0,517.0,1.098646
G?BD|{,8,13,46.0,597.0,552.0,1.081522
G?BD~w,8,13,43.0,586.0,516.0,1.135659
G?BD~{,8,14,42.0,608.0,546.0,1.113553
G?BE@_,8,6,12.0,74.0,60.0,1.233333
G?BE@o,8,7,17.0,112.0,102.0,1.098039
G?BEDG,8,7,25.0,183.0,150.0,1.22
G?BED_,8,7,44.0,266.0,264.0,1.007576
G?BEDg,8,8,38.0,303.0,266.0,1.139098
G?BEDo,8,8,61.0,417.0,427.0,0.976581
G?BEDw,8,9,53.0,463.0,424.0,1.091981
G?BEEK,8,8,12.0,104.0,84.0,1.238095
G?BEFG,8,8,23.0,186.0,161.0,1.15528
G?BEFK,8,9,21.0,192.0,168.0,1.142857
G?BEF_,8,8,38.0,298.0,266.0,1.120301
G?BEFg,8,9,35.0,306.0,280.0,1.092857
G?BEFk,8,10,32.0,314.0,288.0,1.090278
G?BEFo,8,9,53.0,456.0,424.0,1.075472
G?BEFw,8,10,49.0,466.0,441.0,1.056689
G?BEF{,8,11,45.0,476.0,450.0,1.057778
G?BEHk,8,9,37.0,318.0,296.0,1.074324
G?BEHo,8,8,16.0,118.0,112.0,1.053571
G?BEHw,8,9,56.0,433.0,448.0,0.966518
G?BEH{,8,10,52.0,488.0,468.0,1.042735
G?BELK,8,9,22.0,199.0,176.0,1.130682
G?BEL_,8,8,43.0,293.0,301.0,0.973422
G?BELg,8,9,37.0,324.0,296.0,1.094595
G?BELk,8,10,34.0,330.0,306.0,1.078431
G?BELo,8,9,60.0,458.0,480.0,0.954167
G?BELw,8,10,52.0,496.0,468.0,1.059829
G?BEL{,8,11,48.0,503.0,480.0,1.047917
G?BEMK,8,9,11.0,108.0,88.0,1.227273
G?BENK,8,10,20.0,204.0,180.0,1.133333
G?BEN_,8,9,37.0,324.0,296.0,1.094595
G?BENg,8,10,34.0,330.0,306.0,1.078431
G?BENk,8,11,31.0,336.0,310.0,1.083871
G?BENo,8,10,52.0,496.0,468.0,1.059829
G?BENw,8,11,48.0,503.0,480.0,1.047917
G?BEN{,8,12,44.0,510.0,484.0,1.053719
G?BF?w,8,8,66.0,444.0,462.0,0.961039
G?BF?{,8,9,54.0,468.0,432.0,1.083333
G?BF@g,8,8,37.0,323.0,259.0,1.247104
G?BF@k,8,9,35.0,325.0,280.0,1.160714
G?BF@o,8,8,69.0,433.0,483.0,0.89648
G?BF@s,8,9,57.0,522.0,456.0,1.144737
G?BF@w,8,9,53.0,498.0,424.0,1.174528
G?BF@{,8,10,50.0,497.0,450.0,1.104444
G?BFCg,8,8,40.0,317.0,280.0,1.132143
G?BFCk,8,9,36.0,315.0,288.0,1.09375
G?BFCo,8,8,63.0,434.0,441.0,0.984127
G?BFCs,8,9,54.0,469.0,432.0,1.085648
G?BFCw,8,9,57.0,495.0,456.0,1.085526
G?BFC{,8,10,51.0,485.0,459.0,1.056645
G?BFDG,8,8,22.0,195.0,154.0,1.266234
G?BFDK,8,9,21.0,204.0,168.0,1.214286
G?BFD_,8,8,40.0,335.0,280.0,1.196429
G?BFDc,8,9,36.0,336.0,288.0,1.166667
G?BFDg,8,9,35.0,327.0,280.0,1.167857
G?BFDk,8,10,33.0,337.0,297.0,1.13468
G?BFDo,8,9,57.0,517.0,456.0,1.133772
G?BFDs,8,10,51.0,512.0,459.0,1.115468
G?BFDw,8,10,50.0,501.0,450.0,1.113333
G?BFD{,8,11,47.0,512.0,470.0,1.089362
G?BFEG,8,8,24.0,194.0,168.0,1.154762
G?BFEK,8,9,22.0,199.0,176.0,1.130682
G?BFE_,8,8,40.0,310.0,280.0,1.107143
G?BFEc,8,9,36.0,314.0,288.0,1.090278
G?BFEg,8,9,38.0,329.0,304.0,1.082237
G?BFEk,8,10,34.0,331.0,306.0,1.081699
G?BFEo,8,9,57.0,484.0,456.0,1.061404
G?BFEs,8,10,51.0,484.0,459.0,1.054466
G?BFEw,8,10,54.0,508.0,486.0,1.045267
G?BFE{,8,11,48.0,505.0,480.0,1.052083
G?BFF?,8,8,23.0,200.0,161.0,1.242236
G?BFFC,8,9,22.0,209.0,176.0,1.1875
G?BFFG,8,9,21.0,204.0,168.0,1.214286
G?BFFK,8,10,20.0,212.0,180.0,1.177778
G?BFF_,8,9,36.0,333.0,288.0,1.15625
G?BFFc,8,10,34.0,343.0,306.0,1.120915
G?BFFg,8,10,33.0,338.0,297.0,1.138047
G?BFFk,8,11,31.0,347.0,310.0,1.119355
G?BFFo,8,10,51.0,508.0,459.0,1.106754
G?BFFs,8,11,48.0,519.0,480.0,1.08125
G?BFFw,8,11,47.0,514.0,470.0,1.093617
G?BFF{,8,12,44.0,524.0,484.0,1.082645
G?BFHw,8,10,52.0,523.0,468.0,1.117521
G?BFH{,8,11,49.0,528.0,490.0,1.077551
G?BFKw,8,10,55.0,518.0,495.0,1.046465
G?BFK{,8,11,49.0,514.0,490.0,1.04898
G?BFLg,8,10,34.0,348.0,306.0,1.137255
G?BFLk,8,11,32.0,356.0,320.0,1.1125
G?BFLo,8,10,55.0,546.0,495.0,1.10303
G?BFLs,8,11,49.0,534.0,490.0,1.089796
G?BFLw,8,11,49.0,536.0,490.0,1.093878
G?BFL{,8,12,46.0,544.0,506.0,1.075099
G?BFMg,8,10,36.0,346.0,324.0,1.067901
G?BFMk,8,11,32.0,346.0,320.0,1.08125
G?BFMw,8,11,52.0,539.0,520.0,1.036538
G?BFM{,8,12,46.0,532.0,506.0,1.051383
G?BFNG,8,10,20.0,212.0,180.0,1.177778
G?BFNK,8,11,19.0,220.0,190.0,1.157895
G?BFNg,8,11,32.0,357.0,320.0,1.115625
G?BFNk,8,12,30.0,365.0,330.0,1.106061
G?BFNo,8,11,49.0,536.0,490.0,1.093878
G?BFNs,8,12,46.0,544.0,506.0,1.075099
G?BFNw,8,12,46.0,546.0,506.0,1.079051
G?BFN{,8,13,43.0,554.0,516.0,1.073643
G?BF`w,8,10,49.0,520.0,441.0,1.179138
G?BF`{,8,11,47.0,534.0,470.0,1.13617
G?BFdW,8,10,52.0,517.0,468.0,1.104701
G?BFd[,8,11,48.0,523.0,480.0,1.089583
G?BFdg,8,10,32.0,347.0,288.0,1.204861
G?BFdk,8,11,31.0,362.0,310.0,1.167742
G?BFdo,8,10,53.0,553.0,477.0,1.159329
G?BFds,8,11,49.0,555.0,490.0,1.132653
G?BFdw,8,11,47.0,537.0,470.0,1.142553
G?BFd{,8,12,45.0,552.0,495.0,1.115152
G?BFeW,8,10,55.0,518.0,495.0,1.046465
G?BFe[,8,11,49.0,514.0,490.0,1.04898
G?BFfG,8,10,34.0,348.0,306.0,1.137255
G?BFfK,8,11,32.0,356.0,320.0,1.1125
G?BFfO,8,10,53.0,524.0,477.0,1.098532
G?BFfS,8,11,49.0,529.0,490.0,1.079592
G?BFfW,8,11,50.0,543.0,500.0,1.086
G?BFf[,8,12,46.0,545.0,506.0,1.077075
G?BFf_,8,10,34.0,360.0,306.0,1.176471
G?BFfc,8,11,33.0,376.0,330.0,1.139394
G?BFfg,8,11,31.0,362.0,310.0,1.167742
G?BFfk,8,12,30.0,376.0,330.0,1.139394
G?BFfo,8,11,49.0,552.0,490.0,1.126531
G?BFfs,8,12,47.0,568.0,517.0,1.098646
G?BFfw,8,12,45.0,554.0,495.0,1.119192
G?BFf{,8,13,43.0,568.0,516.0,1.100775
G?BFlw,8,12,46.0,566.0,506.0,1.118577
G?BFl{,8,13,44.0,579.0,528.0,1.096591
G?BFnW,8,12,48.0,566.0,528.0,1.07197
G?BFn[,8,13,44.0,566.0,528.0,1.07197
G?BFng,8,12,30.0,376.0,330.0,1.139394
G?BFnk,8,13,29.0,390.0,348.0,1.12069
G?BFnw,8,13,44.0,581.0,528.0,1.100379
G?BFn{,8,14,42.0,594.0,546.0,1.087912
G?BFtw,8,12,44.0,563.0,484.0,1.163223
G?BFt{,8,13,43.0,586.0,516.0,1.135659
G?BFvg,8,12,46.0,566.0,506.0,1.118577
G?BFvk,8,13,44.0,579.0,528.0,1.096591
G?BFvo,8,12,47.0,588.0,517.0,1.137331
G?BFvs,8,13,46.0,613.0,552.0,1.110507
G?BFvw,8,13,43.0,586.0,516.0,1.135659
G?BFv{,8,14,42.0,608.0,546.0,1.113553
G?BF~w,8,14,42.0,608.0,546.0,1.113553
G?BF~{,8,15,41.0,630.0,574.0,1.097561
G?Bcrg,8,10,54.0,570.0,486.0,1.17284
G?Bcrk,8,11,48.0,548.0,480.0,1.141667
G?Bcro,8,10,51.0,570.0,459.0,1.24183
G?Bcrw,8,11,47.0,566.0,470.0,1.204255
G?Bcr{,8,12,44.0,566.0,484.0,1.169421
G?Bcuk,8,11,51.0,552.0,510.0,1.082353
G?BcvG,8,10,60.0,532.0,540.0,0.985185
G?BcvK,8,11,51.0,554.0,510.0,1.086275
G?Bcv_,8,10,55.0,569.0,495.0,1.149495
G?Bcvc,8,11,49.0,559.0,490.0,1.140816
G?Bcvg,8,11,53.0,593.0,530.0,1.118868
G?Bcvk,8,12,47.0,576.0,517.0,1.11412
G?Bcvo,8,11,49.0,581.0,490.0,1.185714
G?Bcvw,8,12,46.0,587.0,506.0,1.160079
G?Bcv{,8,13,43.0,588.0,516.0,1.139535
G?Bcz{,8,13,43.0,588.0,516.0,1.139535
G?Bc~k,8,13,45.0,590.0,540.0,1.092593
G?Bc~o,8,12,44.0,565.0,484.0,1.167355
G?Bc~w,8,13,43.0,588.0,516.0,1.139535
G?Bc~{,8,14,42.0,610.0,546.0,1.117216
G?Be`o,8,9,57.0,562.0,456.0,1.232456
G?Be`w,8,10,50.0,533.0,450.0,1.184444
G?Be`{,8,11,47.0,534.0,470.0,1.13617
G?BedO,8,9,59.0,535.0,472.0,1.133475
G?BedS,8,10,51.0,510.0,459.0,1.111111
G?BedW,8,10,55.0,547.0,495.0,1.105051
G?Bed[,8,11,49.0,534.0,490.0,1.089796
G?Bed_,8,9,36.0,354.0,288.0,1.229167
G?Bedg,8,10,33.0,357.0,297.0,1.20202
G?Bedk,8,11,31.0,364.0,310.0,1.174194
G?Bedo,8,10,53.0,549.0,477.0,1.150943
G?Bedw,8,11,48.0,547.0,480.0,1.139583
G?Bed{,8,12,45.0,554.0,495.0,1.119192
G?BeeO,8,9,59.0,498.0,472.0,1.055085
G?BeeW,8,10,55.0,517.0,495.0,1.044444
G?Bee[,8,11,51.0,532.0,510.0,1.043137
G?BefG,8,10,37.0,370.0,333.0,1.111111
G?BefK,8,11,33.0,367.0,330.0,1.112121
G?BefO,8,10,55.0,540.0,495.0,1.090909
G?BefS,8,11,49.0,534.0,490.0,1.089796
G?BefW,8,11,53.0,567.0,530.0,1.069811
G?Bef[,8,12,47.0,557.0,517.0,1.077369
G?Bef_,8,10,34.0,364.0,306.0,1.189542
G?Befg,8,11,32.0,372.0,320.0,1.1625
G?Befk,8,12,30.0,378.0,330.0,1.145455
G?Befo,8,11,49.0,556.0,490.0,1.134694
G?Befw,8,12,46.0,564.0,506.0,1.114625
G?Bef{,8,13,43.0,570.0,516.0,1.104651
G?Beh{,8,12,46.0,562.0,506.0,1.110672
G?Bel[,8,12,47.0,555.0,517.0,1.073501
G?Belk,8,12,30.0,378.0,330.0,1.145455
G?Bel{,8,13,44.0,581.0,528.0,1.100379
G?Bem[,8,12,47.0,543.0,517.0,1.05029
G?Ben[,8,13,45.0,577.0,540.0,1.068519
G?Benk,8,13,29.0,392.0,348.0,1.126437
G?Beno,8,12,46.0,568.0,506.0,1.12253
G?Benw,8,13,44.0,582.0,528.0,1.102273
G?Ben{,8,14,42.0,596.0,546.0,1.091575
G?Bepw,8,11,46.0,553.0,460.0,1.202174
G?Bep{,8,12,44.0,566.0,484.0,1.169421
G?Bes{,8,12,47.0,577.0,517.0,1.116054
G?Betg,8,11,50.0,566.0,500.0,1.132
G?Betk,8,12,46.0,567.0,506.0,1.120553
G?Beto,8,11,49.0,581.0,490.0,1.185714
G?Bets,8,12,46.0,587.0,506.0,1.160079
G?Betw,8,12,45.0,578.0,495.0,1.167677
G?Bet{,8,13,43.0,590.0,516.0,1.143411
G?Beuk,8,12,49.0,576.0,539.0,1.068646
G?Beuo,8,11,53.0,588.0,530.0,1.109434
G?Beus,8,12,52.0,622.0,572.0,1.087413
G?Beuw,8,12,47.0,576.0,517.0,1.11412
G?Beu{,8,13,46.0,605.0,552.0,1.096014
G?Bevg,8,12,49.0,597.0,539.0,1.107607
G?Bevk,8,13,45.0,594.0,540.0,1.1
G?Bevo,8,12,47.0,596.0,517.0,1.152805
G?Bevs,8,13,45.0,610.0,540.0,1.12963
G?Bevw,8,13,44.0,601.0,528.0,1.138258
G?Bev{,8,14,42.0,612.0,546.0,1.120879
G?Be|w,8,13,43.0,590.0,516.0,1.143411
G?Be|{,8,14,42.0,612.0,546.0,1.120879
G?Be}w,8,13,45.0,590.0,540.0,1.092593
G?Be}{,8,14,44.0,618.0,572.0,1.08042
G?Be~w,8,14,42.0,612.0,546.0,1.120879
G?Be~{,8,15,41.0,634.0,574.0,1.10453
G?BfCo,8,9,61.0,492.0,488.0,1.008197
G?BfCw,8,10,52.0,523.0,468.0,1.117521
G?BfC{,8,11,49.0,528.0,490.0,1.077551
G?BfE_,8,9,38.0,347.0,304.0,1.141447
G?BfEg,8,10,34.0,347.0,306.0,1.133987
G?BfEk,8,11,32.0,356.0,320.0,1.1125
G?BfEo,8,10,55.0,540.0,495.0,1.090909
G?BfEw,8,11,49.0,534.0,490.0,1.089796
G?BfE{,8,12,46.0,544.0,506.0,1.075099
G?BfF?,8,9,21.0,207.0,168.0,1.232143
G?BfFG,8,10,20.0,213.0,180.0,1.183333
G?BfFK,8,11,19.0,220.0,190.0,1.157895
G?BfF_,8,10,34.0,351.0,306.0,1.147059
G?BfFg,8,11,32.0,357.0,320.0,1.115625
G?BfFk,8,12,30.0,365.0,330.0,1.106061
G?BfFo,8,11,49.0,539.0,490.0,1.1
G?BfFw,8,12,46.0,545.0,506.0,1.077075
G?BfF{,8,13,43.0,554.0,516.0,1.073643
G?BfK{,8,12,48.0,562.0,528.0,1.064394
G?BfMk,8,12,31.0,375.0,341.0,1.099707
G?BfMo,8,11,54.0,579.0,540.0,1.072222
G?BfMw,8,12,48.0,568.0,528.0,1.075758
G?BfM{,8,13,45.0,576.0,540.0,1.066667
G?BfNK,8,12,18.0,228.0,198.0,1.151515
G?BfNk,8,13,29.0,383.0,348.0,1.100575
G?BfNo,8,12,48.0,571.0,528.0,1.081439
G?BfNw,8,13,45.0,576.0,540.0,1.066667
G?BfN{,8,14,42.0,584.0,546.0,1.069597
G?Bfcw,8,11,48.0,547.0,480.0,1.139583
G?Bfc{,8,12,46.0,562.0,506.0,1.110672
G?BfeW,8,11,51.0,553.0,510.0,1.084314
G?Bfe[,8,12,47.0,556.0,517.0,1.075435
G?Bfeg,8,11,31.0,364.0,310.0,1.174194
G?Bfek,8,12,30.0,378.0,330.0,1.145455
G?Bfeo,8,11,51.0,574.0,510.0,1.12549
G?Bfes,8,12,47.0,575.0,517.0,1.112186
G?Bfew,8,12,46.0,567.0,506.0,1.120553
G?Bfe{,8,13,44.0,581.0,528.0,1.100379
G?BffG,8,11,33.0,369.0,330.0,1.118182
G?BffK,8,12,31.0,375.0,341.0,1.099707
G?BffO,8,11,51.0,557.0,510.0,1.092157
G?BffS,8,12,47.0,556.0,517.0,1.075435
G?BffW,8,12,49.0,578.0,539.0,1.072356
G?Bff[,8,13,45.0,577.0,540.0,1.068519
G?Bff_,8,11,32.0,374.0,320.0,1.16875
G?Bffc,8,12,31.0,387.0,341.0,1.134897
G?Bffg,8,12,30.0,379.0,330.0,1.148485
G?Bffk,8,13,29.0,392.0,348.0,1.126437
G?Bffo,8,12,47.0,579.0,517.0,1.119923
G?Bffs,8,13,45.0,591.0,540.0,1.094444
G?Bffw,8,13,44.0,583.0,528.0,1.104167
G?Bff{,8,14,42.0,596.0,546.0,1.091575
G?Bfmw,8,13,45.0,595.0,540.0,1.101852
G?Bfm{,8,14,43.0,608.0,559.0,1.087657
G?BfnW,8,13,47.0,598.0,564.0,1.060284
G?Bfn[,8,14,43.0,597.0,559.0,1.067979
G?Bfng,8,13,29.0,392.0,348.0,1.126437
G?Bfnk,8,14,28.0,406.0,364.0,1.115385
G?Bfnw,8,14,43.0,609.0,559.0,1.089445
G?Bfn{,8,15,41.0,622.0,574.0,1.083624
G?Bfuw,8,13,43.0,590.0,516.0,1.143411
G?Bfu{,8,14,42.0,612.0,546.0,1.120879
G?Bfvg,8,13,45.0,597.0,540.0,1.105556
G?Bfvk,8,14,43.0,608.0,559.0,1.087657
G?Bfvo,8,13,45.0,611.0,540.0,1.131481
G?Bfvs,8,14,44.0,633.0,572.0,1.106643
G?Bfvw,8,14,42.0,613.0,546.0,1.122711
G?Bfv{,8,15,41.0,634.0,574.0,1.10453
G?Bf~w,8,15,41.0,634.0,574.0,1.10453
G?Bf~{,8,16,40.0,656.0,600.0,1.093333
G?BvUo,8,12,47.0,600.0,517.0,1.160542
G?BvUw,8,13,44.0,603.0,528.0,1.142045
G?BvU{,8,14,42.0,614.0,546.0,1.124542
G?BvVg,8,13,48.0,628.0,576.0,1.090278
G?BvVk,8,14,44.0,622.0,572.0,1.087413
G?BvVo,8,13,45.0,615.0,540.0,1.138889
G?BvVw,8,14,43.0,626.0,559.0,1.119857
G?BvV{,8,15,41.0,636.0,574.0,1.108014
G?Bv]{,8,15,41.0,636.0,574.0,1.108014
G?Bv^{,8,16,40.0,658.0,600.0,1.096667
G?BvfO,8,12,49.0,599.0,539.0,1.111317
G?BvfW,8,13,45.0,595.0,540.0,1.101852
G?Bvf[,8,14,43.0,608.0,559.0,1.087657
G?Bvf_,8,12,30.0,384.0,330.0,1.163636
G?Bvfg,8,13,29.0,394.0,348.0,1.132184
G?Bvfk,8,14,28.0,406.0,364.0,1.115385
G?Bvfo,8,13,45.0,602.0,540.0,1.114815
G?Bvfw,8,14,43.0,610.0,559.0,1.091234
G?Bvf{,8,15,41.0,622.0,574.0,1.083624
G?Bvn[,8,15,42.0,635.0,588.0,1.079932
G?Bvnk,8,15,27.0,420.0,378.0,1.111111
G?Bvn{,8,16,40.0,648.0,600.0,1.08
G?BvvW,8,14,42.0,615.0,546.0,1.126374
G?Bvv[,8,15,41.0,636.0,574.0,1.108014
G?Bvvg,8,14,44.0,626.0,572.0,1.094406
G?Bvvk,8,15,42.0,635.0,588.0,1.079932
G?Bvvo,8,14,43.0,630.0,559.0,1.127013
G?Bvvs,8,15,42.0,649.0,588.0,1.103741
G?Bvvw,8,15,41.0,638.0,574.0,1.111498
G?Bvv{,8,16,40.0,658.0,600.0,1.096667
G?Bv~w,8,16,40.0,658.0,600.0,1.096667
G?Bv~{,8,17,39.0,680.0,624.0,1.089744
G?B~vo,8,15,41.0,645.0,574.0,1.123693
G?B~vw,8,16,40.0,661.0,600.0,1.101667
G?B~v{,8,17,39.0,680.0,624.0,1.089744
G?B~~{,8,18,38.0,702.0,646.0,1.086687
G?`@?_,8,4,4.0,12.0,12.0,1.0
G?`@CO,8,5,5.0,26.0,20.0,1.3
G?`@C_,8,5,12.0,38.0,48.0,0.791667
G?`@Co,8,6,10.0,58.0,50.0,1.16
G?`@EO,8,6,18.0,92.0,90.0,1.022222
G?`@EW,8,7,15.0,118.0,90.0,1.311111
G?`@E_,8,6,32.0,114.0,160.0,0.7125
G?`@Eo,8,7,28.0,164.0,168.0,0.97619
G?`@Ew,8,8,24.0,200.0,168.0,1.190476
G?`@FO,8,7,43.0,230.0,258.0,0.891473
G?`@FW,8,8,38.0,288.0,266.0,1.082707
G?`@F[,8,9,33.0,330.0,264.0,1.25
G?`@F_,8,7,64.0,276.0,384.0,0.71875
G?`@Fo,8,8,58.0,364.0,406.0,0.896552
G?`@Fw,8,9,52.0,434.0,416.0,1.043269
G?`@F{,8,10,46.0,486.0,414.0,1.173913
G?`@`_,8,6,10.0,66.0,50.0,1.32
G?`@`c,8,7,9.0,66.0,54.0,1.222222
G?`@dO,8,7,32.0,172.0,192.0,0.895833
G?`@dS,8,8,26.0,216.0,182.0,1.186813
G?`@d_,8,7,30.0,192.0,180.0,1.066667
G?`@dc,8,8,27.0,196.0,189.0,1.037037
G?`@do,8,8,26.0,232.0,182.0,1.274725
G?`@ds,8,9,23.0,226.0,184.0,1.228261
G?`@eO,8,7,21.0,126.0,126.0,1.0
G?`@eS,8,8,61.0,373.0,427.0,0.873536
G?`@eW,8,8,18.0,152.0,126.0,1.206349
G?`@e[,8,9,55.0,450.0,440.0,1.022727
G?`@f?,8,7,72.0,276.0,432.0,0.638889
G?`@fC,8,8,62.0,390.0,434.0,0.898618
G?`@fO,8,8,66.0,380.0,462.0,0.822511
G?`@fS,8,9,56.0,467.0,448.0,1.042411
G?`@fW,8,9,60.0,466.0,480.0,0.970833
G?`@f[,8,10,50.0,526.0,450.0,1.168889
G?`@f_,8,8,62.0,416.0,434.0,0.958525
G?`@fc,8,9,57.0,432.0,456.0,0.947368
G?`@fo,8,9,56.0,492.0,448.0,1.098214
G?`@fs,8,10,51.0,494.0,459.0,1.076253
G?`@fw,8,10,50.0,550.0,450.0,1.222222
G?`@f{,8,11,45.0,538.0,450.0,1.195556
G?`CP_,8,6,8.0,44.0,40.0,1.1
G?`CQG,8,6,6.0,42.0,30.0,1.4
G?`CRG,8,7,11.0,80.0,66.0,1.212121
G?`CR_,8,7,21.0,112.0,126.0,0.888889
G?`CRg,8,8,18.0,140.0,126.0,1.111111
G?`CSS,8,7,7.0,54.0,42.0,1.285714
G?`CTS,8,8,14.0,113.0,98.0,1.153061
G?`CT_,8,7,29.0,168.0,174.0,0.965517
G?`CTo,8,8,26.0,196.0,182.0,1.076923
G?`CTs,8,9,23.0,200.0,184.0,1.086957
G?`CUG,8,7,27.0,186.0,162.0,1.148148
G?`CUS,8,8,25.0,182.0,175.0,1.04
G?`CUW,8,8,24.0,210.0,168.0,1.25
G?`CU[,8,9,21.0,210.0,168.0,1.25
G?`CVG,8,8,40.0,300.0,280.0,1.071429
G?`CVO,8,8,41.0,285.0,287.0,0.993031
G?`CVS,8,9,37.0,298.0,296.0,1.006757
G?`CVW,8,9,36.0,334.0,288.0,1.159722
G?`CV[,8,10,32.0,335.0,288.0,1.163194
G?`CV_,8,8,61.0,377.0,427.0,0.882904
G?`CVg,8,9,55.0,454.0,440.0,1.031818
G?`CVo,8,9,56.0,438.0,448.0,0.977679
G?`CVs,8,10,51.0,454.0,459.0,0.989107
G?`CVw,8,10,50.0,498.0,450.0,1.106667
G?`CV{,8,11,45.0,500.0,450.0,1.111111
G?`D@O,8,6,16.0,120.0,80.0,1.5
G?`D@_,8,6,36.0,110.0,180.0,0.611111
G?`D@o,8,7,27.0,212.0,162.0,1.308642
G?`DAG,8,6,13.0,61.0,65.0,0.938462
G?`DA_,8,6,20.0,80.0,100.0,0.8
G?`DAg,8,7,18.0,106.0,108.0,0.981481
G?`DBG,8,7,51.0,238.0,306.0,0.777778
G?`DBO,8,7,43.0,302.0,258.0,1.170543
G?`DBW,8,8,38.0,360.0,266.0,1.353383
G?`DB_,8,7,76.0,268.0,456.0,0.587719
G?`DBg,8,8,70.0,384.0,490.0,0.783673
G?`DBo,8,8,59.0,459.0,413.0,1.11138
G?`DBw,8,9,53.0,530.0,424.0,1.25
G?`DCc,8,7,28.0,174.0,168.0,1.035714
G?`DCo,8,7,30.0,175.0,180.0,0.972222
G?`DDC,8,7,16.0,110.0,96.0,1.145833
G?`DDO,8,7,15.0,117.0,90.0,1.3
G?`DDS,8,8,14.0,120.0,98.0,1.22449
G?`DD_,8,7,28.0,191.0,168.0,1.136905
G?`DDc,8,8,26.0,197.0,182.0,1.082418
G?`DDo,8,8,25.0,206.0,175.0,1.177143
G?`DDs,8,9,23.0,210.0,184.0,1.141304
G?`DEG,8,7,45.0,236.0,270.0,0.874074
G?`DEK,8,8,39.0,311.0,273.0,1.139194
G?`DEO,8,7,47.0,250.0,282.0,0.886525
G?`DEW,8,8,42.0,318.0,294.0,1.081633
G?`DE_,8,7,68.0,276.0,408.0,0.676471
G?`DEc,8,8,60.0,396.0,420.0,0.942857
G?`DEg,8,8,62.0,376.0,434.0,0.866359
G?`DEk,8,9,54.0,470.0,432.0,1.087963
G?`DEo,8,8,64.0,401.0,448.0,0.895089
G?`DEw,8,9,58.0,483.0,464.0,1.040948
G?`DFC,8,8,41.0,287.0,287.0,1.0
G?`DFG,8,8,39.0,333.0,273.0,1.21978
G?`DFK,8,9,36.0,336.0,288.0,1.166667
G?`DFO,8,8,40.0,300.0,280.0,1.071429
G?`DFS,8,9,37.0,312.0,296.0,1.054054
G?`DFW,8,9,35.0,347.0,280.0,1.239286
G?`DF[,8,10,32.0,348.0,288.0,1.208333
G?`DF_,8,8,60.0,424.0,420.0,1.009524
G?`DFc,8,9,56.0,441.0,448.0,0.984375
G?`DFg,8,9,54.0,497.0,432.0,1.150463
G?`DFk,8,10,50.0,501.0,450.0,1.113333
G?`DFo,8,9,55.0,456.0,440.0,1.036364
G?`DFs,8,10,51.0,471.0,459.0,1.026144
G?`DFw,8,10,49.0,514.0,441.0,1.165533
G?`DF{,8,11,45.0,516.0,450.0,1.146667
G?`DQg,8,8,16.0,128.0,112.0,1.142857
G?`DQk,8,9,56.0,458.0,448.0,1.022321
G?`DRG,8,8,46.0,320.0,322.0,0.993789
G?`DRK,8,9,37.0,370.0,296.0,1.25
G?`DRg,8,9,64.0,490.0,512.0,0.957031
G?`DRk,8,10,52.0,550.0,468.0,1.175214
G?`DSo,8,8,28.0,208.0,196.0,1.061224
G?`DSs,8,9,24.0,208.0,192.0,1.083333
G?`DTO,8,8,14.0,120.0,98.0,1.22449
G?`DTS,8,9,13.0,124.0,104.0,1.192308
G?`DTo,8,9,24.0,218.0,192.0,1.135417
G?`DTs,8,10,22.0,222.0,198.0,1.121212
G?`DUW,8,9,40.0,366.0,320.0,1.14375
G?`DU[,8,10,34.0,355.0,306.0,1.160131
G?`DUg,8,9,60.0,489.0,480.0,1.01875
G?`DUk,8,10,52.0,519.0,468.0,1.108974
G?`DUo,8,9,62.0,478.0,496.0,0.96371
G?`DUs,8,10,54.0,480.0,486.0,0.987654
G?`DUw,8,10,56.0,550.0,504.0,1.09127
G?`DU{,8,11,48.0,532.0,480.0,1.108333
G?`DVG,8,9,37.0,369.0,296.0,1.246622
G?`DVK,8,10,34.0,366.0,306.0,1.196078
G?`DVO,8,9,39.0,327.0,312.0,1.048077
G?`DVS,8,10,36.0,338.0,324.0,1.04321
G?`DVW,8,10,34.0,368.0,306.0,1.202614
G?`DV[,8,11,31.0,368.0,310.0,1.187097
G?`DV_,8,9,58.0,485.0,464.0,1.045259
G?`DVc,8,10,54.0,494.0,486.0,1.016461
G?`DVg,8,10,52.0,549.0,468.0,1.173077
G?`DVk,8,11,48.0,545.0,480.0,1.135417
G?`DVo,8,10,54.0,497.0,486.0,1.022634
G?`DVs,8,11,50.0,510.0,500.0,1.02
G?`DVw,8,11,48.0,548.0,480.0,1.141667
G?`DV{,8,12,44.0,548.0,484.0,1.132231
G?`D`o,8,8,24.0,220.0,168.0,1.309524
G?`D`s,8,9,23.0,225.0,184.0,1.222826
G?`DbG,8,8,70.0,392.0,490.0,0.8
G?`DbK,8,9,58.0,486.0,464.0,1.047414
G?`DbW,8,9,57.0,566.0,456.0,1.241228
G?`Db[,8,10,51.0,534.0,459.0,1.163399
G?`Db_,8,8,70.0,456.0,490.0,0.930612
G?`Dbc,8,9,61.0,460.0,488.0,0.942623
G?`Dbg,8,9,64.0,552.0,512.0,1.078125
G?`Dbk,8,10,55.0,532.0,495.0,1.074747
G?`Dbo,8,9,56.0,499.0,448.0,1.113839
G?`Dbs,8,10,53.0,510.0,477.0,1.069182
G?`Dbw,8,10,50.0,560.0,450.0,1.244444
G?`Db{,8,11,47.0,559.0,470.0,1.189362
G?`DdO,8,8,26.0,215.0,182.0,1.181319
G?`DdS,8,9,24.0,217.0,192.0,1.130208
G?`Dd_,8,8,26.0,212.0,182.0,1.164835
G?`Ddc,8,9,25.0,222.0,200.0,1.11
G?`Ddo,8,9,23.0,225.0,184.0,1.222826
G?`Dds,8,10,22.0,232.0,198.0,1.171717
G?`DeW,8,9,61.0,500.0,488.0,1.02459
G?`De[,8,10,52.0,520.0,468.0,1.111111
G?`DfG,8,9,58.0,529.0,464.0,1.140086
G?`DfK,8,10,52.0,521.0,468.0,1.113248
G?`DfO,8,9,60.0,492.0,480.0,1.025
G?`DfS,8,10,54.0,496.0,486.0,1.020576
G?`DfW,8,10,54.0,561.0,486.0,1.154321
G?`Df[,8,11,48.0,547.0,480.0,1.139583
G?`Df_,8,9,58.0,484.0,464.0,1.043103
G?`Dfc,8,10,55.0,502.0,495.0,1.014141
G?`Dfg,8,10,52.0,548.0,468.0,1.17094
G?`Dfk,8,11,49.0,554.0,490.0,1.130612
G?`Dfo,8,10,53.0,512.0,477.0,1.073375
G?`Dfs,8,11,50.0,527.0,500.0,1.054
G?`Dfw,8,11,47.0,561.0,470.0,1.193617
G?`Df{,8,12,44.0,564.0,484.0,1.165289
G?`Drg,8,10,58.0,630.0,522.0,1.206897
G?`Drk,8,11,49.0,586.0,490.0,1.195918
G?`Dto,8,10,22.0,232.0,198.0,1.171717
G?`Dts,8,11,21.0,240.0,210.0,1.142857
G?`DvW,8,11,52.0,588.0,520.0,1.130769
G?`Dv[,8,12,46.0,572.0,506.0,1.130435
G?`Dvg,8,11,49.0,587.0,490.0,1.197959
G?`Dvk,8,12,46.0,586.0,506.0,1.158103
G?`Dvo,8,11,52.0,548.0,520.0,1.053846
G?`Dvs,8,12,49.0,562.0,539.0,1.042672
G?`Dvw,8,12,46.0,590.0,506.0,1.166008
G?`Dv{,8,13,43.0,592.0,516.0,1.147287
G?`EPg,8,8,73.0,393.0,511.0,0.76908
G?`EPk,8,9,55.0,508.0,440.0,1.154545
G?`ERG,8,8,43.0,321.0,301.0,1.066445
G?`ERK,8,9,37.0,345.0,296.0,1.165541
G?`ER_,8,8,64.0,384.0,448.0,0.857143
G?`ERc,8,9,55.0,480.0,440.0,1.090909
G?`ERg,8,9,61.0,502.0,488.0,1.028689
G?`ERk,8,10,52.0,522.0,468.0,1.115385
G?`ESW,8,8,22.0,202.0,154.0,1.311688
G?`ES[,8,9,21.0,209.0,168.0,1.244048
G?`ETO,8,8,45.0,307.0,315.0,0.974603
G?`ETS,8,9,39.0,313.0,312.0,1.003205
G?`ETW,8,9,35.0,335.0,280.0,1.196429
G?`ET[,8,10,33.0,343.0,297.0,1.154882
G?`ET_,8,8,67.0,408.0,469.0,0.869936
G?`ETc,8,9,58.0,455.0,464.0,0.980603
G?`ETg,8,9,54.0,511.0,432.0,1.18287
G?`ETk,8,10,51.0,506.0,459.0,1.102397
G?`ETo,8,9,64.0,490.0,512.0,0.957031
G?`ETs,8,10,55.0,488.0,495.0,0.985859
G?`ETw,8,10,50.0,510.0,450.0,1.133333
G?`ET{,8,11,47.0,519.0,470.0,1.104255
G?`EUG,8,8,23.0,202.0,161.0,1.254658
G?`EUK,8,9,22.0,211.0,176.0,1.198864
G?`EUS,8,9,23.0,206.0,184.0,1.119565
G?`EUW,8,9,21.0,205.0,168.0,1.220238
G?`EU[,8,10,20.0,214.0,180.0,1.188889
G?`EVG,8,9,36.0,335.0,288.0,1.163194
G?`EVK,8,10,34.0,345.0,306.0,1.127451
G?`EVO,8,9,37.0,325.0,296.0,1.097973
G?`EVS,8,10,35.0,339.0,315.0,1.07619
G?`EVW,8,10,33.0,338.0,297.0,1.138047
G?`EV[,8,11,31.0,349.0,310.0,1.125806
G?`EV_,8,9,55.0,481.0,440.0,1.093182
G?`EVc,8,10,52.0,494.0,468.0,1.055556
G?`EVg,8,10,51.0,510.0,459.0,1.111111
G?`EVk,8,11,48.0,521.0,480.0,1.085417
G?`EVo,8,10,52.0,498.0,468.0,1.064103
G?`EVs,8,11,49.0,514.0,490.0,1.04898
G?`EVw,8,11,47.0,513.0,470.0,1.091489
G?`EV{,8,12,44.0,526.0,484.0,1.086777
G?`E\o,8,10,58.0,570.0,522.0,1.091954
G?`E\s,8,11,49.0,544.0,490.0,1.110204
G?`E]W,8,10,20.0,210.0,180.0,1.166667
G?`E][,8,11,19.0,220.0,190.0,1.157895
G?`E^W,8,11,32.0,354.0,320.0,1.10625
G?`E^[,8,12,30.0,365.0,330.0,1.106061
G?`E^o,8,11,49.0,537.0,490.0,1.095918
G?`E^s,8,12,46.0,546.0,506.0,1.079051
G?`E^w,8,12,46.0,542.0,506.0,1.071146
G?`E^{,8,13,43.0,554.0,516.0,1.073643
G?`F?w,8,8,62.0,536.0,434.0,1.235023
G?`F?{,8,9,54.0,490.0,432.0,1.134259
G?`F@W,8,8,36.0,338.0,252.0,1.34127
G?`F@[,8,9,35.0,346.0,280.0,1.235714
G?`F@o,8,8,63.0,485.0,441.0,1.099773
G?`F@s,8,9,57.0,471.0,456.0,1.032895
G?`F@w,8,9,52.0,517.0,416.0,1.242788
G?`F@{,8,10,50.0,522.0,450.0,1.16
G?`FCW,8,8,38.0,334.0,266.0,1.255639
G?`FC[,8,9,36.0,333.0,288.0,1.15625
G?`FCg,8,8,58.0,474.0,406.0,1.167488
G?`FCk,8,9,54.0,467.0,432.0,1.081019
G?`FCo,8,8,66.0,400.0,462.0,0.865801
G?`FCs,8,9,58.0,454.0,464.0,0.978448
G?`FCw,8,9,55.0,515.0,440.0,1.170455
G?`FC{,8,10,51.0,507.0,459.0,1.104575
G?`FDG,8,8,37.0,319.0,259.0,1.23166
G?`FDK,8,9,36.0,335.0,288.0,1.163194
G?`FDO,8,8,42.0,317.0,294.0,1.078231
G?`FDS,8,9,39.0,325.0,312.0,1.041667
G?`FDW,8,9,34.0,343.0,272.0,1.261029
G?`FD[,8,10,33.0,356.0,297.0,1.198653
G?`FD_,8,8,64.0,446.0,448.0,0.995536
G?`FDc,8,9,58.0,456.0,464.0,0.982759
G?`FDg,8,9,53.0,492.0,424.0,1.160377
G?`FDk,8,10,51.0,509.0,459.0,1.108932
G?`FDo,8,9,61.0,501.0,488.0,1.026639
G?`FDs,8,10,55.0,503.0,495.0,1.016162
G?`FDw,8,10,49.0,521.0,441.0,1.181406
G?`FD{,8,11,47.0,535.0,470.0,1.138298
G?`FEO,8,8,39.0,311.0,273.0,1.139194
G?`FES,8,9,37.0,323.0,296.0,1.091216
G?`FEW,8,9,36.0,338.0,288.0,1.173611
G?`FE[,8,10,34.0,345.0,306.0,1.127451
G?`FE_,8,8,60.0,440.0,420.0,1.047619
G?`FEc,8,9,56.0,456.0,448.0,1.017857
G?`FEo,8,9,56.0,485.0,448.0,1.082589
G?`FEs,8,10,52.0,495.0,468.0,1.057692
G?`FEw,8,10,52.0,518.0,468.0,1.106838
G?`FE{,8,11,48.0,522.0,480.0,1.0875
G?`FFC,8,9,39.0,332.0,312.0,1.064103
G?`FFO,8,9,36.0,335.0,288.0,1.163194
G?`FFS,8,10,35.0,353.0,315.0,1.120635
G?`FFW,8,10,32.0,348.0,288.0,1.208333
G?`FF[,8,11,31.0,362.0,310.0,1.167742
G?`FF_,8,9,56.0,482.0,448.0,1.075893
G?`FFc,8,10,54.0,506.0,486.0,1.041152
G?`FFo,8,10,51.0,511.0,459.0,1.11329
G?`FFs,8,11,49.0,531.0,490.0,1.083673
G?`FFw,8,11,46.0,526.0,460.0,1.143478
G?`FF{,8,12,44.0,542.0,484.0,1.119835
G?`FRg,8,10,55.0,574.0,495.0,1.159596
G?`FRk,8,11,49.0,558.0,490.0,1.138776
G?`FSw,8,10,52.0,526.0,468.0,1.123932
G?`FS{,8,11,48.0,529.0,480.0,1.102083
G?`FTW,8,10,32.0,354.0,288.0,1.229167
G?`FT[,8,11,31.0,367.0,310.0,1.183871
G?`FTo,8,10,58.0,527.0,522.0,1.009579
G?`FTs,8,11,52.0,529.0,520.0,1.017308
G?`FTw,8,11,47.0,545.0,470.0,1.159574
G?`FT{,8,12,45.0,558.0,495.0,1.127273
G?`FUW,8,10,34.0,349.0,306.0,1.140523
G?`FU[,8,11,32.0,358.0,320.0,1.11875
G?`FUg,8,10,53.0,526.0,477.0,1.102725
G?`FUk,8,11,49.0,531.0,490.0,1.083673
G?`FUo,8,10,54.0,514.0,486.0,1.057613
G?`FUs,8,11,50.0,524.0,500.0,1.048
G?`FUw,8,11,50.0,543.0,500.0,1.086
G?`FU{,8,12,46.0,547.0,506.0,1.081028
G?`FVG,8,10,33.0,356.0,297.0,1.198653
G?`FVK,8,11,32.0,371.0,320.0,1.159375
G?`FVO,8,10,35.0,353.0,315.0,1.120635
G?`FVS,8,11,34.0,372.0,340.0,1.094118
G?`FVW,8,11,31.0,363.0,310.0,1.170968
G?`FV[,8,12,30.0,378.0,330.0,1.145455
G?`FVg,8,11,48.0,547.0,480.0,1.139583
G?`FVk,8,12,46.0,562.0,506.0,1.110672
G?`FVo,8,11,50.0,543.0,500.0,1.086
G?`FVs,8,12,48.0,563.0,528.0,1.066288
G?`FVw,8,12,45.0,554.0,495.0,1.119192
G?`FV{,8,13,43.0,570.0,516.0,1.104651
G?`F]w,8,12,48.0,562.0,528.0,1.064394
G?`F]{,8,13,44.0,566.0,528.0,1.07197
G?`F^W,8,12,30.0,374.0,330.0,1.133333
G?`F^[,8,13,29.0,390.0,348.0,1.12069
G?`F^w,8,13,44.0,578.0,528.0,1.094697
G?`F^{,8,14,42.0,594.0,546.0,1.087912
G?`F`w,8,10,48.0,538.0,432.0,1.24537
G?`F`{,8,11,47.0,558.0,470.0,1.187234
G?`FdW,8,10,50.0,532.0,450.0,1.182222
G?`Fd[,8,11,48.0,544.0,480.0,1.133333
G?`Fdg,8,10,50.0,528.0,450.0,1.173333
G?`Fdk,8,11,49.0,553.0,490.0,1.128571
G?`Fdo,8,10,55.0,533.0,495.0,1.076768
G?`Fds,8,11,52.0,544.0,520.0,1.046154
G?`Fdw,8,11,46.0,553.0,460.0,1.202174
G?`Fd{,8,12,45.0,574.0,495.0,1.159596
G?`FeW,8,10,52.0,524.0,468.0,1.119658
G?`Fe[,8,11,49.0,530.0,490.0,1.081633
G?`FfO,8,10,52.0,522.0,468.0,1.115385
G?`FfS,8,11,50.0,540.0,500.0,1.08
G?`FfW,8,11,48.0,550.0,480.0,1.145833
G?`Ff[,8,12,46.0,562.0,506.0,1.110672
G?`Ff_,8,10,54.0,528.0,486.0,1.08642
G?`Ffc,8,11,53.0,560.0,530.0,1.056604
G?`Ffo,8,11,49.0,553.0,490.0,1.128571
G?`Ffs,8,12,48.0,580.0,528.0,1.098485
G?`Ffw,8,12,44.0,564.0,484.0,1.165289
G?`Ff{,8,13,43.0,586.0,516.0,1.135659
G?`Ftw,8,12,44.0,570.0,484.0,1.177686
G?`Ft{,8,13,43.0,591.0,516.0,1.145349
G?`FvW,8,12,46.0,567.0,506.0,1.120553
G?`Fv[,8,13,44.0,581.0,528.0,1.100379
G?`Fvg,8,12,45.0,574.0,495.0,1.159596
G?`Fvk,8,13,44.0,597.0,528.0,1.130682
G?`Fvo,8,12,48.0,580.0,528.0,1.098485
G?`Fvs,8,13,47.0,608.0,564.0,1.078014
G?`Fvw,8,13,43.0,587.0,516.0,1.137597
G?`Fv{,8,14,42.0,610.0,546.0,1.117216
G?`F~w,8,14,42.0,606.0,546.0,1.10989
G?`F~{,8,15,41.0,630.0,574.0,1.097561
G?`a`_,8,7,28.0,243.0,168.0,1.446429
G?`a`g,8,8,25.0,230.0,175.0,1.314286
G?`a`k,8,9,23.0,226.0,184.0,1.228261
G?`abG,8,8,29.0,207.0,203.0,1.019704
G?`abK,8,9,25.0,226.0,200.0,1.13
G?`ab_,8,8,26.0,229.0,182.0,1.258242
G?`abg,8,9,24.0,233.0,192.0,1.213542
G?`abk,8,10,22.0,234.0,198.0,1.181818
G?`adO,8,8,78.0,392.0,546.0,0.717949
G?`adS,8,9,55.0,552.0,440.0,1.254545
G?`adW,8,9,66.0,514.0,528.0,0.973485
G?`ad[,8,10,52.0,547.0,468.0,1.168803
G?`ad_,8,8,64.0,534.0,448.0,1.191964
G?`adg,8,9,57.0,510.0,456.0,1.118421
G?`adk,8,10,53.0,509.0,477.0,1.067086
G?`ado,8,9,58.0,615.0,464.0,1.325431
G?`adw,8,10,51.0,572.0,459.0,1.246187
G?`ad{,8,11,47.0,558.0,470.0,1.187234
G?`aeO,8,8,66.0,388.0,462.0,0.839827
G?`aeW,8,9,60.0,501.0,480.0,1.04375
G?`ae[,8,10,54.0,536.0,486.0,1.102881
G?`af?,8,8,66.0,444.0,462.0,0.961039
G?`afC,8,9,58.0,481.0,464.0,1.036638
G?`afG,8,9,63.0,473.0,504.0,0.938492
G?`afK,8,10,55.0,506.0,495.0,1.022222
G?`afO,8,9,60.0,530.0,480.0,1.104167
G?`afS,8,10,52.0,545.0,468.0,1.16453
G?`afW,8,10,57.0,547.0,513.0,1.066277
G?`af[,8,11,49.0,558.0,490.0,1.138776
G?`af_,8,9,58.0,504.0,464.0,1.086207
G?`afg,8,10,54.0,519.0,486.0,1.067901
G?`afk,8,11,50.0,529.0,500.0,1.058
G?`afo,8,10,52.0,567.0,468.0,1.211538
G?`afw,8,11,48.0,569.0,480.0,1.185417
G?`af{,8,12,44.0,566.0,484.0,1.169421
G?`ahk,8,10,22.0,234.0,198.0,1.181818
G?`ajk,8,11,21.0,242.0,210.0,1.152381
G?`al[,8,11,50.0,567.0,500.0,1.134
G?`alk,8,11,52.0,546.0,520.0,1.05
G?`alo,8,10,55.0,614.0,495.0,1.240404
G?`alw,8,11,49.0,584.0,490.0,1.191837
G?`al{,8,12,46.0,588.0,506.0,1.162055
G?`am[,8,11,50.0,554.0,500.0,1.108
G?`anK,8,11,53.0,538.0,530.0,1.015094
G?`anO,8,10,56.0,589.0,504.0,1.168651
G?`anS,8,11,50.0,569.0,500.0,1.138
G?`anW,8,11,53.0,596.0,530.0,1.124528
G?`an[,8,12,47.0,582.0,517.0,1.125725
G?`an_,8,10,55.0,529.0,495.0,1.068687
G?`ang,8,11,52.0,548.0,520.0,1.053846
G?`ank,8,12,49.0,564.0,539.0,1.046382
G?`ano,8,11,49.0,583.0,490.0,1.189796
G?`anw,8,12,46.0,590.0,506.0,1.166008
G?`an{,8,13,43.0,594.0,516.0,1.151163
G?`bAg,8,8,26.0,215.0,182.0,1.181319
G?`bBK,8,9,13.0,124.0,104.0,1.192308
G?`bBg,8,9,24.0,217.0,192.0,1.130208
G?`bBk,8,10,22.0,222.0,198.0,1.121212
G?`bCo,8,8,16.0,136.0,112.0,1.214286
G?`bEW,8,9,37.0,369.0,296.0,1.246622
G?`bEg,8,9,58.0,485.0,464.0,1.045259
G?`bEo,8,9,60.0,516.0,480.0,1.075
G?`bEw,8,10,52.0,549.0,468.0,1.173077
G?`bFK,8,10,36.0,338.0,324.0,1.04321
G?`bFW,8,10,34.0,366.0,306.0,1.196078
G?`bF[,8,11,31.0,368.0,310.0,1.187097
G?`bFg,8,10,54.0,494.0,486.0,1.016461
G?`bFk,8,11,50.0,510.0,500.0,1.02
G?`bFo,8,10,52.0,542.0,468.0,1.15812
G?`bFw,8,11,48.0,545.0,480.0,1.135417
G?`bF{,8,12,44.0,548.0,484.0,1.132231
G?`bIk,8,10,23.0,230.0,207.0,1.111111
G?`bJK,8,10,12.0,128.0,108.0,1.185185
G?`bJk,8,11,21.0,234.0,210.0,1.114286
G?`bK{,8,11,51.0,572.0,510.0,1.121569
G?`bM[,8,11,33.0,388.0,330.0,1.175758
G?`bMk,8,11,53.0,536.0,530.0,1.011321
G?`bMo,8,10,59.0,555.0,531.0,1.045198
G?`bMw,8,11,51.0,580.0,510.0,1.137255
G?`bM{,8,12,47.0,580.0,517.0,1.121857
G?`bNK,8,11,35.0,364.0,350.0,1.04
G?`bNO,8,10,36.0,388.0,324.0,1.197531
G?`bNW,8,11,33.0,388.0,330.0,1.175758
G?`bN[,8,12,30.0,388.0,330.0,1.175758
G?`bN_,8,10,57.0,523.0,513.0,1.019493
G?`bNg,8,11,53.0,536.0,530.0,1.011321
G?`bNk,8,12,49.0,549.0,539.0,1.018553
G?`bNo,8,11,51.0,580.0,510.0,1.137255
G?`bNw,8,12,47.0,580.0,517.0,1.121857
G?`bN{,8,13,43.0,580.0,516.0,1.124031
G?`bag,8,9,23.0,225.0,184.0,1.222826
G?`bak,8,10,22.0,234.0,198.0,1.181818
G?`bbG,8,9,25.0,226.0,200.0,1.13
G?`bbK,8,10,23.0,230.0,207.0,1.111111
G?`bb_,8,9,24.0,231.0,192.0,1.203125
G?`bbc,8,10,23.0,240.0,207.0,1.15942
G?`bbg,8,10,22.0,234.0,198.0,1.181818
G?`bbk,8,11,21.0,242.0,210.0,1.152381
G?`bcw,8,10,52.0,586.0,468.0,1.252137
G?`bc{,8,11,49.0,579.0,490.0,1.181633
G?`beW,8,10,56.0,589.0,504.0,1.168651
G?`be[,8,11,50.0,568.0,500.0,1.136
G?`beg,8,10,55.0,529.0,495.0,1.068687
G?`bek,8,11,52.0,546.0,520.0,1.05
G?`beo,8,10,56.0,611.0,504.0,1.212302
G?`bes,8,11,50.0,595.0,500.0,1.19
G?`bew,8,11,49.0,583.0,490.0,1.189796
G?`be{,8,12,46.0,588.0,506.0,1.162055
G?`bfG,8,10,59.0,534.0,531.0,1.00565
G?`bfK,8,11,53.0,538.0,530.0,1.015094
G?`bfO,8,10,56.0,578.0,504.0,1.146825
G?`bfS,8,11,50.0,567.0,500.0,1.134
G?`bfW,8,11,53.0,596.0,530.0,1.124528
G?`bf[,8,12,47.0,582.0,517.0,1.125725
G?`bf_,8,10,56.0,536.0,504.0,1.063492
G?`bfc,8,11,53.0,553.0,530.0,1.043396
G?`bfg,8,11,52.0,548.0,520.0,1.053846
G?`bfk,8,12,49.0,564.0,539.0,1.046382
G?`bfo,8,11,50.0,591.0,500.0,1.182
G?`bfs,8,12,47.0,596.0,517.0,1.152805
G?`bfw,8,12,46.0,590.0,506.0,1.166008
G?`bf{,8,13,43.0,594.0,516.0,1.151163
G?`bjg,8,11,21.0,242.0,210.0,1.152381
G?`bjk,8,12,20.0,250.0,220.0,1.136364
G?`bmw,8,12,48.0,616.0,528.0,1.166667
G?`bm{,8,13,45.0,618.0,540.0,1.144444
G?`bnW,8,12,51.0,624.0,561.0,1.112299
G?`bn[,8,13,45.0,606.0,540.0,1.122222
G?`bng,8,12,51.0,585.0,561.0,1.042781
G?`bnk,8,13,48.0,599.0,576.0,1.039931
G?`bno,8,12,48.0,616.0,528.0,1.166667
G?`bns,8,13,45.0,618.0,540.0,1.144444
G?`bnw,8,13,45.0,620.0,540.0,1.148148
G?`bn{,8,14,42.0,622.0,546.0,1.139194
G?`cqk,8,10,56.0,590.0,504.0,1.170635
G?`crG,8,9,15.0,140.0,120.0,1.166667
G?`crK,8,10,55.0,524.0,495.0,1.058586
G?`cr_,8,9,68.0,548.0,544.0,1.007353
G?`crc,8,10,56.0,616.0,504.0,1.222222
G?`crg,8,10,63.0,566.0,567.0,0.998236
G?`crk,8,11,51.0,610.0,510.0,1.196078
G?`cso,8,9,17.0,156.0,136.0,1.147059
G?`css,8,10,16.0,162.0,144.0,1.125
G?`csw,8,10,57.0,515.0,513.0,1.003899
G?`cs{,8,11,53.0,532.0,530.0,1.003774
G?`cuW,8,10,60.0,589.0,540.0,1.090741
G?`cu[,8,11,52.0,575.0,520.0,1.105769
G?`cug,8,10,56.0,589.0,504.0,1.168651
G?`cuk,8,11,52.0,589.0,520.0,1.132692
G?`cuo,8,10,62.0,535.0,558.0,0.958781
G?`cus,8,11,58.0,558.0,580.0,0.962069
G?`cuw,8,11,52.0,592.0,520.0,1.138462
G?`cu{,8,12,48.0,596.0,528.0,1.128788
G?`cvG,8,10,59.0,560.0,531.0,1.054614
G?`cvK,8,11,51.0,579.0,510.0,1.135294
G?`cvO,8,10,60.0,616.0,540.0,1.140741
G?`cvS,8,11,52.0,600.0,520.0,1.153846
G?`cvW,8,11,55.0,615.0,550.0,1.118182
G?`cv[,8,12,47.0,586.0,517.0,1.133462
G?`cv_,8,10,56.0,615.0,504.0,1.220238
G?`cvc,8,11,52.0,614.0,520.0,1.180769
G?`cvg,8,11,51.0,609.0,510.0,1.194118
G?`cvk,8,12,47.0,599.0,517.0,1.158607
G?`cvo,8,11,52.0,617.0,520.0,1.186538
G?`cvs,8,12,48.0,620.0,528.0,1.174242
G?`cvw,8,12,47.0,602.0,517.0,1.16441
G?`cv{,8,13,43.0,596.0,516.0,1.155039
G?`czg,8,11,51.0,609.0,510.0,1.194118
G?`czk,8,12,48.0,608.0,528.0,1.151515
G?`c{w,8,11,51.0,550.0,510.0,1.078431
G?`c{{,8,12,50.0,582.0,550.0,1.058182
G?`c}w,8,12,47.0,574.0,517.0,1.110251
G?`c}{,8,13,46.0,603.0,552.0,1.092391
G?`c~W,8,12,47.0,580.0,517.0,1.121857
G?`c~[,8,13,45.0,594.0,540.0,1.1
G?`c~g,8,12,46.0,586.0,506.0,1.158103
G?`c~k,8,13,45.0,610.0,540.0,1.12963
G?`c~o,8,12,44.0,570.0,484.0,1.177686
G?`c~s,8,13,43.0,595.0,516.0,1.153101
G?`c~w,8,13,43.0,591.0,516.0,1.145349
G?`c~{,8,14,42.0,614.0,546.0,1.124542
G?`ePg,8,9,68.0,519.0,544.0,0.954044
G?`ePk,8,10,53.0,560.0,477.0,1.174004
G?`eQg,8,9,62.0,510.0,496.0,1.028226
G?`eQk,8,10,56.0,555.0,504.0,1.10119
G?`eRG,8,9,42.0,368.0,336.0,1.095238
G?`eRK,8,10,36.0,388.0,324.0,1.197531
G?`eR_,8,9,62.0,539.0,496.0,1.086694
G?`eRc,8,10,53.0,558.0,477.0,1.169811
G?`eRg,8,10,60.0,569.0,540.0,1.053704
G?`eRk,8,11,51.0,582.0,510.0,1.141176
G?`eSo,8,9,70.0,502.0,560.0,0.896429
G?`eSs,8,10,62.0,516.0,558.0,0.924731
G?`eSw,8,10,52.0,535.0,468.0,1.143162
G?`eS{,8,11,50.0,553.0,500.0,1.106
G?`eTO,8,9,37.0,378.0,296.0,1.277027
G?`eTS,8,10,34.0,380.0,306.0,1.24183
G?`eTW,8,10,33.0,363.0,297.0,1.222222
G?`eT[,8,11,31.0,370.0,310.0,1.193548
G?`eTg,8,10,52.0,556.0,468.0,1.188034
G?`eTk,8,11,49.0,554.0,490.0,1.130612
G?`eTo,8,10,54.0,578.0,486.0,1.1893
G?`eTs,8,11,49.0,574.0,490.0,1.171429
G?`eTw,8,11,48.0,552.0,480.0,1.15
G?`eT{,8,12,45.0,560.0,495.0,1.131313
G?`eUS,8,10,40.0,368.0,360.0,1.022222
G?`eUW,8,10,35.0,360.0,315.0,1.142857
G?`eU[,8,11,34.0,380.0,340.0,1.117647
G?`eUg,8,10,54.0,537.0,486.0,1.104938
G?`eUk,8,11,52.0,561.0,520.0,1.078846
G?`eUo,8,10,58.0,533.0,522.0,1.021073
G?`eUs,8,11,56.0,563.0,560.0,1.005357
G?`eUw,8,11,50.0,547.0,500.0,1.094
G?`eU{,8,12,48.0,571.0,528.0,1.081439
G?`eVG,8,10,35.0,376.0,315.0,1.193651
G?`eVK,8,11,33.0,383.0,330.0,1.160606
G?`eVO,8,10,35.0,375.0,315.0,1.190476
G?`eVS,8,11,33.0,387.0,330.0,1.172727
G?`eVW,8,11,32.0,374.0,320.0,1.16875
G?`eV[,8,12,30.0,382.0,330.0,1.157576
G?`eV_,8,10,53.0,555.0,477.0,1.163522
G?`eVc,8,11,50.0,566.0,500.0,1.132
G?`eVg,8,11,50.0,568.0,500.0,1.136
G?`eVk,8,12,47.0,575.0,517.0,1.112186
G?`eVo,8,11,50.0,566.0,500.0,1.132
G?`eVs,8,12,47.0,580.0,517.0,1.121857
G?`eVw,8,12,46.0,565.0,506.0,1.116601
G?`eV{,8,13,43.0,574.0,516.0,1.112403
G?`eZg,8,11,54.0,609.0,540.0,1.127778
G?`eZk,8,12,48.0,594.0,528.0,1.125
G?`e[w,8,11,50.0,546.0,500.0,1.092
G?`e[{,8,12,48.0,567.0,528.0,1.073864
G?`e\W,8,11,31.0,366.0,310.0,1.180645
G?`e\[,8,12,30.0,382.0,330.0,1.157576
G?`e\w,8,12,46.0,568.0,506.0,1.12253
G?`e\{,8,13,44.0,585.0,528.0,1.107955
G?`e]W,8,11,33.0,363.0,330.0,1.1
G?`e][,8,12,32.0,385.0,352.0,1.09375
G?`e]w,8,12,48.0,563.0,528.0,1.066288
G?`e]{,8,13,46.0,588.0,552.0,1.065217
G?`e^W,8,12,30.0,378.0,330.0,1.145455
G?`e^[,8,13,29.0,394.0,348.0,1.132184
G?`e^g,8,12,47.0,578.0,517.0,1.117988
G?`e^k,8,13,45.0,594.0,540.0,1.1
G?`e^o,8,12,46.0,567.0,506.0,1.120553
G?`e^s,8,13,44.0,586.0,528.0,1.109848
G?`e^w,8,13,44.0,581.0,528.0,1.100379
G?`e^{,8,14,42.0,598.0,546.0,1.095238
G?`e`g,8,9,61.0,542.0,488.0,1.110656
G?`e`k,8,10,55.0,530.0,495.0,1.070707
G?`e`o,8,9,54.0,571.0,432.0,1.321759
G?`e`s,8,10,51.0,569.0,459.0,1.239651
G?`e`w,8,10,50.0,562.0,450.0,1.248889
G?`e`{,8,11,48.0,569.0,480.0,1.185417
G?`eak,8,10,59.0,534.0,531.0,1.00565
G?`eao,8,9,58.0,512.0,464.0,1.103448
G?`eas,8,10,57.0,546.0,513.0,1.064327
G?`eaw,8,10,52.0,548.0,468.0,1.17094
G?`ea{,8,11,51.0,576.0,510.0,1.129412
G?`ebG,8,9,65.0,474.0,520.0,0.911538
G?`ebK,8,10,57.0,523.0,513.0,1.019493
G?`ebW,8,10,54.0,577.0,486.0,1.187243
G?`eb[,8,11,50.0,566.0,500.0,1.132
G?`eb_,8,9,62.0,538.0,496.0,1.084677
G?`ebc,8,10,56.0,540.0,504.0,1.071429
G?`ebg,8,10,60.0,572.0,540.0,1.059259
G?`ebk,8,11,54.0,567.0,540.0,1.05
G?`ebo,8,10,51.0,565.0,459.0,1.230937
G?`ebs,8,11,49.0,580.0,490.0,1.183673
G?`ebw,8,11,48.0,577.0,480.0,1.202083
G?`eb{,8,12,46.0,588.0,506.0,1.162055
G?`eco,8,9,66.0,513.0,528.0,0.971591
G?`ecs,8,10,62.0,532.0,558.0,0.953405
G?`ecw,8,10,51.0,545.0,459.0,1.187364
G?`ec{,8,11,50.0,570.0,500.0,1.14
G?`edO,8,9,57.0,573.0,456.0,1.256579
G?`edS,8,10,52.0,554.0,468.0,1.183761
G?`edW,8,10,53.0,562.0,477.0,1.178197
G?`ed[,8,11,49.0,555.0,490.0,1.132653
G?`ed_,8,9,56.0,550.0,448.0,1.227679
G?`edc,8,10,53.0,559.0,477.0,1.171908
G?`edg,8,10,51.0,542.0,459.0,1.180828
G?`edk,8,11,49.0,558.0,490.0,1.138776
G?`edo,8,10,52.0,586.0,468.0,1.252137
G?`eds,8,11,49.0,590.0,490.0,1.204082
G?`edw,8,11,47.0,563.0,470.0,1.197872
G?`ed{,8,12,45.0,576.0,495.0,1.163636
G?`eeO,8,9,60.0,502.0,480.0,1.045833
G?`eeS,8,10,58.0,530.0,522.0,1.015326
G?`eeW,8,10,54.0,542.0,486.0,1.115226
G?`ee[,8,11,52.0,561.0,520.0,1.078846
G?`eec,8,10,61.0,545.0,549.0,0.992714
G?`eeg,8,10,54.0,539.0,486.0,1.109053
G?`eek,8,11,53.0,572.0,530.0,1.079245
G?`eeo,8,10,57.0,546.0,513.0,1.064327
G?`ees,8,11,56.0,582.0,560.0,1.039286
G?`eew,8,11,49.0,560.0,490.0,1.142857
G?`ee{,8,12,48.0,588.0,528.0,1.113636
G?`efG,8,10,55.0,550.0,495.0,1.111111
G?`efK,8,11,51.0,555.0,510.0,1.088235
G?`efO,8,10,54.0,562.0,486.0,1.156379
G?`efS,8,11,50.0,567.0,500.0,1.134
G?`efW,8,11,51.0,577.0,510.0,1.131373
G?`ef[,8,12,47.0,576.0,517.0,1.11412
G?`ef_,8,10,54.0,560.0,486.0,1.152263
G?`efc,8,11,52.0,582.0,520.0,1.119231
G?`efg,8,11,50.0,569.0,500.0,1.138
G?`efk,8,12,48.0,586.0,528.0,1.109848
G?`efo,8,11,49.0,579.0,490.0,1.181633
G?`efs,8,12,47.0,597.0,517.0,1.154739
G?`efw,8,12,45.0,577.0,495.0,1.165657
G?`ef{,8,13,43.0,590.0,516.0,1.143411
G?`ehw,8,11,47.0,564.0,470.0,1.2
G?`eh{,8,12,46.0,587.0,506.0,1.160079
G?`eiw,8,11,48.0,553.0,480.0,1.152083
G?`ei{,8,12,47.0,581.0,517.0,1.123791
G?`ejg,8,11,54.0,569.0,540.0,1.053704
G?`ejk,8,12,51.0,583.0,561.0,1.039216
G?`ejw,8,12,45.0,583.0,495.0,1.177778
G?`ej{,8,13,44.0,605.0,528.0,1.145833
G?`ekw,8,11,49.0,555.0,490.0,1.132653
G?`ek{,8,12,48.0,584.0,528.0,1.106061
G?`elW,8,11,49.0,558.0,490.0,1.138776
G?`el[,8,12,47.0,574.0,517.0,1.110251
G?`elg,8,11,49.0,558.0,490.0,1.138776
G?`elk,8,12,48.0,586.0,528.0,1.109848
G?`elw,8,12,45.0,577.0,495.0,1.165657
G?`el{,8,13,44.0,601.0,528.0,1.138258
G?`emW,8,11,50.0,546.0,500.0,1.092
G?`em[,8,12,48.0,569.0,528.0,1.077652
G?`emg,8,11,52.0,557.0,520.0,1.071154
G?`emk,8,12,51.0,592.0,561.0,1.055258
G?`emw,8,12,47.0,575.0,517.0,1.112186
G?`em{,8,13,46.0,605.0,552.0,1.096014
G?`enW,8,12,47.0,580.0,517.0,1.121857
G?`en[,8,13,45.0,594.0,540.0,1.1
G?`eng,8,12,48.0,586.0,528.0,1.109848
G?`enk,8,13,47.0,614.0,564.0,1.088652
G?`eno,8,12,45.0,577.0,495.0,1.165657
G?`ens,8,13,44.0,602.0,528.0,1.140152
G?`enw,8,13,43.0,591.0,516.0,1.145349
G?`en{,8,14,42.0,614.0,546.0,1.124542
G?`erg,8,11,54.0,637.0,540.0,1.17963
G?`erk,8,12,48.0,614.0,528.0,1.162879
G?`esw,8,11,49.0,570.0,490.0,1.163265
G?`es{,8,12,48.0,595.0,528.0,1.126894
G?`etW,8,11,50.0,573.0,500.0,1.146
G?`et[,8,12,46.0,573.0,506.0,1.132411
G?`etg,8,11,48.0,577.0,480.0,1.202083
G?`etk,8,12,46.0,588.0,506.0,1.162055
G?`eto,8,11,50.0,607.0,500.0,1.214
G?`ets,8,12,47.0,612.0,517.0,1.183752
G?`etw,8,12,45.0,584.0,495.0,1.179798
G?`et{,8,13,43.0,596.0,516.0,1.155039
G?`euW,8,11,52.0,569.0,520.0,1.094231
G?`eu[,8,12,50.0,590.0,550.0,1.072727
G?`eug,8,11,51.0,577.0,510.0,1.131373
G?`euk,8,12,50.0,607.0,550.0,1.103636
G?`euo,8,11,56.0,582.0,560.0,1.039286
G?`eus,8,12,55.0,619.0,605.0,1.02314
G?`euw,8,12,48.0,591.0,528.0,1.119318
G?`eu{,8,13,47.0,620.0,564.0,1.099291
G?`evW,8,12,49.0,599.0,539.0,1.111317
G?`ev[,8,13,45.0,598.0,540.0,1.107407
G?`evg,8,12,47.0,601.0,517.0,1.162476
G?`evk,8,13,45.0,613.0,540.0,1.135185
G?`evo,8,12,48.0,609.0,528.0,1.153409
G?`evs,8,13,46.0,627.0,552.0,1.13587
G?`evw,8,13,44.0,603.0,528.0,1.142045
G?`ev{,8,14,42.0,616.0,546.0,1.128205
G?`e|w,8,13,43.0,592.0,516.0,1.147287
G?`e|{,8,14,42.0,616.0,546.0,1.128205
G?`e}w,8,13,46.0,599.0,552.0,1.085145
G?`e}{,8,14,45.0,630.0,585.0,1.076923
G?`e~w,8,14,42.0,612.0,546.0,1.120879
G?`e~{,8,15,41.0,636.0,574.0,1.108014
G?`fAg,8,9,62.0,515.0,496.0,1.038306
G?`fAk,8,10,56.0,513.0,504.0,1.017857
G?`fAo,8,9,56.0,550.0,448.0,1.227679
G?`fAs,8,10,52.0,544.0,468.0,1.162393
G?`fAw,8,10,51.0,542.0,459.0,1.180828
G?`fA{,8,11,49.0,555.0,490.0,1.132653
G?`fBG,8,9,41.0,342.0,328.0,1.042683
G?`fBK,8,10,38.0,353.0,342.0,1.032164
G?`fBS,8,10,34.0,365.0,306.0,1.19281
G?`fBW,8,10,33.0,363.0,297.0,1.222222
G?`fB[,8,11,32.0,377.0,320.0,1.178125
G?`fB_,8,9,62.0,504.0,496.0,1.016129
G?`fBc,8,10,56.0,511.0,504.0,1.013889
G?`fBg,8,10,60.0,543.0,540.0,1.005556
G?`fBk,8,11,54.0,546.0,540.0,1.011111
G?`fBo,8,10,51.0,538.0,459.0,1.172113
G?`fBs,8,11,49.0,554.0,490.0,1.130612
G?`fBw,8,11,48.0,554.0,480.0,1.154167
G?`fB{,8,12,46.0,569.0,506.0,1.124506
G?`fCo,8,9,64.0,548.0,512.0,1.070312
G?`fCs,8,10,56.0,584.0,504.0,1.15873
G?`fCw,8,10,51.0,540.0,459.0,1.176471
G?`fC{,8,11,49.0,553.0,490.0,1.128571
G?`fEO,8,9,37.0,366.0,296.0,1.236486
G?`fES,8,10,35.0,376.0,315.0,1.193651
G?`fEW,8,10,33.0,356.0,297.0,1.198653
G?`fE[,8,11,32.0,373.0,320.0,1.165625
G?`fE_,8,9,58.0,526.0,464.0,1.133621
G?`fEc,8,10,54.0,537.0,486.0,1.104938
G?`fEg,8,10,52.0,522.0,468.0,1.115385
G?`fEk,8,11,50.0,544.0,500.0,1.088
G?`fEo,8,10,54.0,564.0,486.0,1.160494
G?`fEs,8,11,50.0,569.0,500.0,1.138
G?`fEw,8,11,48.0,545.0,480.0,1.135417
G?`fE{,8,12,46.0,564.0,506.0,1.114625
G?`fFC,8,10,37.0,368.0,333.0,1.105105
G?`fFG,8,10,35.0,357.0,315.0,1.133333
G?`fFK,8,11,34.0,376.0,340.0,1.105882
G?`fFO,8,10,34.0,364.0,306.0,1.189542
G?`fFS,8,11,33.0,381.0,330.0,1.154545
G?`fFW,8,11,31.0,365.0,310.0,1.177419
G?`fF[,8,12,30.0,380.0,330.0,1.151515
G?`fF_,8,10,54.0,534.0,486.0,1.098765
G?`fFc,8,11,52.0,557.0,520.0,1.071154
G?`fFg,8,11,50.0,546.0,500.0,1.092
G?`fFk,8,12,48.0,567.0,528.0,1.073864
G?`fFo,8,11,49.0,554.0,490.0,1.130612
G?`fFs,8,12,47.0,573.0,517.0,1.108317
G?`fFw,8,12,45.0,555.0,495.0,1.121212
G?`fF{,8,13,43.0,572.0,516.0,1.108527
G?`fIw,8,11,49.0,565.0,490.0,1.153061
G?`fI{,8,12,47.0,579.0,517.0,1.119923
G?`fJW,8,11,31.0,374.0,310.0,1.206452
G?`fJ[,8,12,30.0,387.0,330.0,1.172727
G?`fJg,8,11,57.0,570.0,570.0,1.0
G?`fJk,8,12,51.0,570.0,561.0,1.016043
G?`fJw,8,12,46.0,578.0,506.0,1.142292
G?`fJ{,8,13,44.0,591.0,528.0,1.119318
G?`fKw,8,11,50.0,566.0,500.0,1.132
G?`fK{,8,12,48.0,582.0,528.0,1.102273
G?`fMW,8,11,32.0,374.0,320.0,1.16875
G?`fM[,8,12,31.0,390.0,341.0,1.143695
G?`fMg,8,11,51.0,557.0,510.0,1.092157
G?`fMk,8,12,49.0,577.0,539.0,1.070501
G?`fMo,8,11,52.0,587.0,520.0,1.128846
G?`fMs,8,12,48.0,587.0,528.0,1.111742
G?`fMw,8,12,47.0,577.0,517.0,1.116054
G?`fM{,8,13,45.0,594.0,540.0,1.1
G?`fNG,8,11,34.0,376.0,340.0,1.105882
G?`fNK,8,12,33.0,395.0,363.0,1.088154
G?`fNW,8,12,30.0,381.0,330.0,1.154545
G?`fN[,8,13,29.0,396.0,348.0,1.137931
G?`fNg,8,12,49.0,579.0,539.0,1.074212
G?`fNk,8,13,47.0,599.0,564.0,1.062057
G?`fNo,8,12,47.0,577.0,517.0,1.116054
G?`fNs,8,13,45.0,594.0,540.0,1.1
G?`fNw,8,13,44.0,584.0,528.0,1.106061
G?`fN{,8,14,42.0,600.0,546.0,1.098901
G?`fRg,8,11,54.0,609.0,540.0,1.127778
G?`fRk,8,12,48.0,594.0,528.0,1.125
G?`fSw,8,11,48.0,553.0,480.0,1.152083
G?`fS{,8,12,46.0,570.0,506.0,1.126482
G?`fUW,8,11,31.0,365.0,310.0,1.177419
G?`fU[,8,12,30.0,382.0,330.0,1.157576
G?`fUg,8,11,49.0,558.0,490.0,1.138776
G?`fUk,8,12,47.0,575.0,517.0,1.112186
G?`fUo,8,11,52.0,588.0,520.0,1.130769
G?`fUs,8,12,48.0,593.0,528.0,1.123106
G?`fUw,8,12,46.0,567.0,506.0,1.120553
G?`fU{,8,13,44.0,585.0,528.0,1.107955
G?`fVG,8,11,32.0,374.0,320.0,1.16875
G?`fVK,8,12,31.0,390.0,341.0,1.143695
G?`fVO,8,11,33.0,380.0,330.0,1.151515
G?`fVS,8,12,32.0,398.0,352.0,1.130682
G?`fVW,8,12,30.0,378.0,330.0,1.145455
G?`fV[,8,13,29.0,394.0,348.0,1.132184
G?`fVg,8,12,47.0,578.0,517.0,1.117988
G?`fVk,8,13,45.0,594.0,540.0,1.1
G?`fVo,8,12,48.0,584.0,528.0,1.106061
G?`fVs,8,13,46.0,603.0,552.0,1.092391
G?`fVw,8,13,44.0,581.0,528.0,1.100379
G?`fV{,8,14,42.0,598.0,546.0,1.095238
G?`f]w,8,13,45.0,594.0,540.0,1.1
G?`f]{,8,14,43.0,610.0,559.0,1.091234
G?`f^W,8,13,29.0,390.0,348.0,1.12069
G?`f^[,8,14,28.0,406.0,364.0,1.115385
G?`f^w,8,14,43.0,606.0,559.0,1.084079
G?`f^{,8,15,41.0,622.0,574.0,1.083624
G?`faw,8,11,47.0,564.0,470.0,1.2
G?`fa{,8,12,46.0,588.0,506.0,1.162055
G?`fbW,8,11,49.0,565.0,490.0,1.153061
G?`fb[,8,12,47.0,579.0,517.0,1.119923
G?`fbg,8,11,54.0,569.0,540.0,1.053704
G?`fbk,8,12,51.0,583.0,561.0,1.039216
G?`fbo,8,11,48.0,571.0,480.0,1.189583
G?`fbs,8,12,47.0,595.0,517.0,1.15087
G?`fbw,8,12,45.0,583.0,495.0,1.177778
G?`fb{,8,13,44.0,605.0,528.0,1.145833
G?`fcw,8,11,47.0,560.0,470.0,1.191489
G?`fc{,8,12,46.0,586.0,506.0,1.158103
G?`feW,8,11,49.0,557.0,490.0,1.136735
G?`fe[,8,12,47.0,575.0,517.0,1.112186
G?`feg,8,11,49.0,557.0,490.0,1.136735
G?`fek,8,12,48.0,586.0,528.0,1.109848
G?`feo,8,11,50.0,593.0,500.0,1.186
G?`fes,8,12,48.0,609.0,528.0,1.153409
G?`few,8,12,45.0,576.0,495.0,1.163636
G?`fe{,8,13,44.0,601.0,528.0,1.138258
G?`ffG,8,11,51.0,557.0,510.0,1.092157
G?`ffK,8,12,49.0,577.0,539.0,1.070501
G?`ffO,8,11,50.0,566.0,500.0,1.132
G?`ffS,8,12,48.0,583.0,528.0,1.104167
G?`ffW,8,12,47.0,580.0,517.0,1.121857
G?`ff[,8,13,45.0,594.0,540.0,1.1
G?`ff_,8,11,52.0,578.0,520.0,1.111538
G?`ffc,8,12,51.0,609.0,561.0,1.085561
G?`ffg,8,12,48.0,586.0,528.0,1.109848
G?`ffk,8,13,47.0,614.0,564.0,1.088652
G?`ffo,8,12,47.0,594.0,517.0,1.148936
G?`ffs,8,13,46.0,620.0,552.0,1.123188
G?`ffw,8,13,43.0,591.0,516.0,1.145349
G?`ff{,8,14,42.0,614.0,546.0,1.124542
G?`fjw,8,13,43.0,600.0,516.0,1.162791
G?`fj{,8,14,42.0,621.0,546.0,1.137363
G?`fmw,8,13,44.0,602.0,528.0,1.140152
G?`fm{,8,14,43.0,626.0,559.0,1.119857
G?`fnW,8,13,45.0,598.0,540.0,1.107407
G?`fn[,8,14,43.0,612.0,559.0,1.094812
G?`fng,8,13,47.0,614.0,564.0,1.088652
G?`fnk,8,14,46.0,642.0,598.0,1.073579
G?`fnw,8,14,42.0,615.0,546.0,1.126374
G?`fn{,8,15,41.0,638.0,574.0,1.111498
G?`fuw,8,13,43.0,591.0,516.0,1.145349
G?`fu{,8,14,42.0,616.0,546.0,1.128205
G?`fvW,8,13,45.0,594.0,540.0,1.1
G?`fv[,8,14,43.0,610.0,559.0,1.091234
G?`fvg,8,13,44.0,602.0,528.0,1.140152
G?`fvk,8,14,43.0,626.0,559.0,1.119857
G?`fvo,8,13,46.0,619.0,552.0,1.121377
G?`fvs,8,14,45.0,646.0,585.0,1.104274
G?`fvw,8,14,42.0,612.0,546.0,1.120879
G?`fv{,8,15,41.0,636.0,574.0,1.108014
G?`f~w,8,15,41.0,632.0,574.0,1.101045
G?`f~{,8,16,40.0,656.0,600.0,1.093333
G?`rb_,8,10,22.0,237.0,198.0,1.19697
G?`rbg,8,11,21.0,243.0,210.0,1.157143
G?`rbk,8,12,20.0,250.0,220.0,1.136364
G?`rfO,8,11,54.0,631.0,540.0,1.168519
G?`rfW,8,12,48.0,614.0,528.0,1.162879
G?`rf[,8,13,45.0,618.0,540.0,1.144444
G?`rf_,8,11,54.0,572.0,540.0,1.059259
G?`rfg,8,12,51.0,584.0,561.0,1.040998
G?`rfk,8,13,48.0,599.0,576.0,1.039931
G?`rfo,8,12,48.0,619.0,528.0,1.172348
G?`rfw,8,13,45.0,619.0,540.0,1.146296
G?`rf{,8,14,42.0,622.0,546.0,1.139194
G?`rjk,8,13,19.0,258.0,228.0,1.131579
G?`rn[,8,14,44.0,648.0,572.0,1.132867
G?`rnk,8,14,47.0,634.0,611.0,1.037643
G?`rno,8,13,47.0,649.0,564.0,1.150709
G?`rnw,8,14,44.0,648.0,572.0,1.132867
G?`rn{,8,15,41.0,650.0,574.0,1.132404
G?`vRg,8,12,53.0,668.0,583.0,1.145798
G?`vRk,8,13,47.0,646.0,564.0,1.14539
G?`vUo,8,12,48.0,611.0,528.0,1.157197
G?`vUs,8,13,45.0,621.0,540.0,1.15
G?`vUw,8,13,44.0,605.0,528.0,1.145833
G?`vU{,8,14,42.0,620.0,546.0,1.135531
G?`vVO,8,12,52.0,626.0,572.0,1.094406
G?`vVS,8,13,51.0,662.0,612.0,1.081699
G?`vVW,8,13,46.0,607.0,552.0,1.099638
G?`vV[,8,14,45.0,638.0,585.0,1.090598
G?`vVg,8,13,46.0,628.0,552.0,1.137681
G?`vVk,8,14,44.0,641.0,572.0,1.120629
G?`vVo,8,13,46.0,625.0,552.0,1.132246
G?`vVs,8,14,44.0,642.0,572.0,1.122378
G?`vVw,8,14,43.0,626.0,559.0,1.119857
G?`vV{,8,15,41.0,640.0,574.0,1.114983
G?`v]w,8,14,42.0,616.0,546.0,1.128205
G?`v]{,8,15,41.0,640.0,574.0,1.114983
G?`v^W,8,14,44.0,618.0,572.0,1.08042
G?`v^[,8,15,43.0,648.0,602.0,1.076412
G?`v^w,8,15,41.0,636.0,574.0,1.108014
G?`v^{,8,16,40.0,660.0,600.0,1.1
G?`vbg,8,12,53.0,609.0,583.0,1.044597
G?`vbk,8,13,50.0,620.0,600.0,1.033333
G?`vbo,8,12,46.0,597.0,506.0,1.179842
G?`vbs,8,13,45.0,618.0,540.0,1.144444
G?`vbw,8,13,44.0,613.0,528.0,1.160985
G?`vb{,8,14,43.0,634.0,559.0,1.134168
G?`vfO,8,12,48.0,611.0,528.0,1.157197
G?`vfS,8,13,46.0,626.0,552.0,1.134058
G?`vfW,8,13,44.0,604.0,528.0,1.143939
G?`vf[,8,14,43.0,628.0,559.0,1.123435
G?`vf_,8,12,50.0,608.0,550.0,1.105455
G?`vfc,8,13,49.0,636.0,588.0,1.081633
G?`vfg,8,13,47.0,619.0,564.0,1.097518
G?`vfk,8,14,46.0,646.0,598.0,1.080268
G?`vfo,8,13,45.0,617.0,540.0,1.142593
G?`vfs,8,14,44.0,640.0,572.0,1.118881
G?`vfw,8,14,42.0,618.0,546.0,1.131868
G?`vf{,8,15,41.0,640.0,574.0,1.114983
G?`vjw,8,14,42.0,628.0,546.0,1.150183
G?`vj{,8,15,41.0,649.0,574.0,1.130662
G?`vnW,8,14,43.0,629.0,559.0,1.125224
G?`vn[,8,15,42.0,653.0,588.0,1.110544
G?`vng,8,14,46.0,646.0,598.0,1.080268
G?`vnk,8,15,45.0,674.0,630.0,1.069841
G?`vnw,8,15,41.0,641.0,574.0,1.116725
G?`vn{,8,16,40.0,664.0,600.0,1.106667
G?`vvW,8,14,42.0,616.0,546.0,1.128205
G?`vv[,8,15,41.0,640.0,574.0,1.114983
G?`vvg,8,14,43.0,630.0,559.0,1.127013
G?`vvk,8,15,42.0,653.0,588.0,1.110544
G?`vvo,8,14,44.0,639.0,572.0,1.117133
G?`vvs,8,15,43.0,663.0,602.0,1.101329
G?`vvw,8,15,41.0,637.0,574.0,1.109756
G?`vv{,8,16,40.0,660.0,600.0,1.1
G?`v~w,8,16,40.0,656.0,600.0,1.093333
G?`v~{,8,17,39.0,680.0,624.0,1.089744
G?aJA_,8,7,23.0,114.0,138.0,0.826087
G?aJAc,8,8,19.0,147.0,133.0,1.105263
G?aJB?,8,7,11.0,88.0,66.0,1.333333
G?aJBC,8,8,10.0,88.0,70.0,1.257143
G?aJB_,8,8,19.0,159.0,133.0,1.195489
G?aJBc,8,9,17.0,157.0,136.0,1.154412
G?aJCW,8,8,10.0,80.0,70.0,1.142857
G?aJC[,8,9,39.0,309.0,312.0,0.990385
G?aJCw,8,9,17.0,149.0,136.0,1.095588
G?aJC{,8,10,54.0,472.0,486.0,0.971193
G?aJEW,8,9,43.0,322.0,344.0,0.936047
G?aJE[,8,10,35.0,365.0,315.0,1.15873
G?aJE_,8,8,69.0,389.0,483.0,0.805383
G?aJEc,8,9,59.0,486.0,472.0,1.029661
G?aJEo,8,9,64.0,466.0,512.0,0.910156
G?aJEs,8,10,54.0,537.0,486.0,1.104938
G?aJEw,8,10,59.0,492.0,531.0,0.926554
G?aJE{,8,11,49.0,543.0,490.0,1.108163
G?aJF?,8,8,43.0,343.0,301.0,1.139535
G?aJFC,8,9,39.0,347.0,312.0,1.112179
G?aJFO,8,9,39.0,382.0,312.0,1.224359
G?aJFS,8,10,35.0,375.0,315.0,1.190476
G?aJFW,8,10,35.0,385.0,315.0,1.222222
G?aJF[,8,11,31.0,370.0,310.0,1.193548
G?aJF_,8,9,59.0,512.0,472.0,1.084746
G?aJFc,8,10,54.0,518.0,486.0,1.065844
G?aJFo,8,10,54.0,562.0,486.0,1.156379
G?aJFs,8,11,49.0,555.0,490.0,1.132653
G?aJFw,8,11,49.0,567.0,490.0,1.157143
G?aJF{,8,12,44.0,550.0,484.0,1.136364
G?aJb_,8,9,17.0,168.0,136.0,1.235294
G?aJbc,8,10,16.0,170.0,144.0,1.180556
G?aJeW,8,10,63.0,514.0,567.0,0.906526
G?aJe[,8,11,51.0,566.0,510.0,1.109804
G?aJfO,8,10,60.0,616.0,540.0,1.140741
G?aJfS,8,11,52.0,588.0,520.0,1.130769
G?aJfW,8,11,55.0,627.0,550.0,1.14
G?aJf[,8,12,47.0,586.0,517.0,1.133462
G?aJf_,8,10,57.0,573.0,513.0,1.116959
G?aJfc,8,11,53.0,578.0,530.0,1.090566
G?aJfo,8,11,52.0,615.0,520.0,1.182692
G?aJfs,8,12,48.0,608.0,528.0,1.151515
G?aJfw,8,12,47.0,612.0,517.0,1.183752
G?aJf{,8,13,43.0,596.0,516.0,1.155039
G?aKZ_,8,9,15.0,126.0,120.0,1.05
G?aK[[,8,10,10.0,110.0,90.0,1.222222
G?aK][,8,11,19.0,214.0,190.0,1.126316
G?aK^W,8,11,33.0,354.0,330.0,1.072727
G?aK^[,8,12,30.0,356.0,330.0,1.078788
G?aK^_,8,10,55.0,480.0,495.0,0.969697
G?aK^o,8,11,51.0,530.0,510.0,1.039216
G?aK^w,8,12,47.0,540.0,517.0,1.044487
G?aK^{,8,13,43.0,542.0,516.0,1.050388
G?aM\W,8,11,35.0,372.0,350.0,1.062857
G?aM\[,8,12,31.0,367.0,341.0,1.076246
G?aM\w,8,12,51.0,580.0,561.0,1.033868
G?aM\{,8,13,45.0,566.0,540.0,1.048148
G?aM]W,8,11,19.0,222.0,190.0,1.168421
G?aM][,8,12,18.0,228.0,198.0,1.151515
G?aM^W,8,12,31.0,378.0,341.0,1.108504
G?aM^[,8,13,29.0,383.0,348.0,1.100575
G?aM^o,8,12,48.0,568.0,528.0,1.075758
G?aM^s,8,13,45.0,578.0,540.0,1.07037
G?aM^w,8,13,45.0,580.0,540.0,1.074074
G?aM^{,8,14,42.0,584.0,546.0,1.069597
G?aNAo,8,9,56.0,527.0,448.0,1.176339
G?aNAs,8,10,52.0,519.0,468.0,1.108974
G?aNAw,8,10,53.0,542.0,477.0,1.136268
G?aNA{,8,11,49.0,533.0,490.0,1.087755
G?aNBO,8,9,35.0,350.0,280.0,1.25
G?aNBS,8,10,34.0,364.0,306.0,1.189542
G?aNBW,8,10,32.0,352.0,288.0,1.222222
G?aNB[,8,11,31.0,365.0,310.0,1.177419
G?aNB_,8,9,65.0,554.0,520.0,1.065385
G?aNBc,8,10,57.0,545.0,513.0,1.062378
G?aNBo,8,10,51.0,541.0,459.0,1.178649
G?aNBs,8,11,49.0,555.0,490.0,1.132653
G?aNBw,8,11,47.0,540.0,470.0,1.148936
G?aNB{,8,12,45.0,555.0,495.0,1.121212
G?aNC[,8,10,36.0,346.0,324.0,1.067901
G?aNCw,8,10,57.0,497.0,513.0,0.968811
G?aNC{,8,11,51.0,532.0,510.0,1.043137
G?aNEW,8,10,35.0,364.0,315.0,1.155556
G?aNE[,8,11,33.0,367.0,330.0,1.112121
G?aNE_,8,9,57.0,522.0,456.0,1.144737
G?aNEc,8,10,53.0,531.0,477.0,1.113208
G?aNEo,8,10,54.0,536.0,486.0,1.102881
G?aNEs,8,11,50.0,542.0,500.0,1.084
G?aNEw,8,11,51.0,560.0,510.0,1.098039
G?aNE{,8,12,47.0,557.0,517.0,1.077369
G?aNF?,8,9,37.0,364.0,296.0,1.22973
G?aNFC,8,10,36.0,382.0,324.0,1.179012
G?aNFO,8,10,34.0,364.0,306.0,1.189542
G?aNFS,8,11,33.0,380.0,330.0,1.151515
G?aNFW,8,11,31.0,369.0,310.0,1.190323
G?aNF[,8,12,30.0,380.0,330.0,1.151515
G?aNF_,8,10,53.0,557.0,477.0,1.167715
G?aNFc,8,11,51.0,576.0,510.0,1.129412
G?aNFo,8,11,49.0,554.0,490.0,1.130612
G?aNFs,8,12,47.0,572.0,517.0,1.106383
G?aNFw,8,12,45.0,561.0,495.0,1.133333
G?aNF{,8,13,43.0,572.0,516.0,1.108527
G?aNSw,8,11,54.0,557.0,540.0,1.031481
G?aNS{,8,12,48.0,552.0,528.0,1.045455
G?aNUW,8,11,33.0,368.0,330.0,1.115152
G?aNU[,8,12,31.0,377.0,341.0,1.105572
G?aNUg,8,11,51.0,550.0,510.0,1.078431
G?aNUk,8,12,47.0,557.0,517.0,1.077369
G?aNUo,8,11,52.0,557.0,520.0,1.071154
G?aNUs,8,12,48.0,565.0,528.0,1.070076
G?aNUw,8,12,49.0,578.0,539.0,1.072356
G?aNU{,8,13,45.0,579.0,540.0,1.072222
G?aNVG,8,11,31.0,364.0,310.0,1.174194
G?aNVK,8,12,30.0,380.0,330.0,1.151515
G?aNVO,8,11,33.0,378.0,330.0,1.145455
G?aNVS,8,12,32.0,396.0,352.0,1.125
G?aNVW,8,12,30.0,380.0,330.0,1.151515
G?aNV[,8,13,29.0,394.0,348.0,1.132184
G?aNVg,8,12,46.0,566.0,506.0,1.118577
G?aNVk,8,13,44.0,583.0,528.0,1.104167
G?aNVo,8,12,48.0,582.0,528.0,1.102273
G?aNVs,8,13,46.0,601.0,552.0,1.088768
G?aNVw,8,13,44.0,585.0,528.0,1.107955
G?aNV{,8,14,42.0,598.0,546.0,1.095238
G?aN]w,8,13,47.0,602.0,564.0,1.067376
G?aN]{,8,14,43.0,597.0,559.0,1.067979
G?aN^W,8,13,29.0,394.0,348.0,1.132184
G?aN^[,8,14,28.0,406.0,364.0,1.115385
G?aN^w,8,14,43.0,612.0,559.0,1.094812
G?aN^{,8,15,41.0,622.0,574.0,1.083624
G?aNbW,8,11,48.0,555.0,480.0,1.15625
G?aNb[,8,12,46.0,566.0,506.0,1.118577
G?aNbo,8,11,48.0,571.0,480.0,1.189583
G?aNbs,8,12,47.0,594.0,517.0,1.148936
G?aNbw,8,12,44.0,570.0,484.0,1.177686
G?aNb{,8,13,43.0,591.0,516.0,1.145349
G?aNeW,8,11,51.0,565.0,510.0,1.107843
G?aNe[,8,12,48.0,566.0,528.0,1.07197
G?aNfO,8,11,50.0,569.0,500.0,1.138
G?aNfS,8,12,48.0,584.0,528.0,1.106061
G?aNfW,8,12,47.0,586.0,517.0,1.133462
G?aNf[,8,13,45.0,594.0,540.0,1.1
G?aNf_,8,11,51.0,598.0,510.0,1.172549
G?aNfc,8,12,50.0,626.0,550.0,1.138182
G?aNfo,8,12,47.0,594.0,517.0,1.148936
G?aNfs,8,13,46.0,619.0,552.0,1.121377
G?aNfw,8,13,43.0,595.0,516.0,1.153101
G?aNf{,8,14,42.0,614.0,546.0,1.124542
G?aNvW,8,13,45.0,596.0,540.0,1.103704
G?aNv[,8,14,43.0,610.0,559.0,1.091234
G?aNvg,8,13,43.0,590.0,516.0,1.143411
G?aNvk,8,14,42.0,614.0,546.0,1.124542
G?aNvo,8,13,46.0,617.0,552.0,1.117754
G?aNvs,8,14,45.0,644.0,585.0,1.100855
G?aNvw,8,14,42.0,614.0,546.0,1.124542
G?aNv{,8,15,41.0,636.0,574.0,1.108014
G?aN~w,8,15,41.0,636.0,574.0,1.108014
G?aN~{,8,16,40.0,656.0,600.0,1.093333
G?b@`_,8,7,18.0,114.0,108.0,1.055556
G?b@`c,8,8,17.0,121.0,119.0,1.016807
G?b@bO,8,8,67.0,479.0,469.0,1.021322
G?b@bS,8,9,57.0,566.0,456.0,1.241228
G?b@b_,8,8,74.0,436.0,518.0,0.841699
G?b@bc,8,9,69.0,468.0,552.0,0.847826
G?b@bo,8,9,57.0,592.0,456.0,1.298246
G?b@bs,8,10,52.0,592.0,468.0,1.264957
G?b@dK,8,9,58.0,504.0,464.0,1.086207
G?b@dO,8,8,72.0,413.0,504.0,0.819444
G?b@dS,8,9,62.0,516.0,496.0,1.040323
G?b@d_,8,8,66.0,428.0,462.0,0.926407
G?b@dc,8,9,61.0,450.0,488.0,0.922131
G?b@dg,8,9,58.0,530.0,464.0,1.142241
G?b@dk,8,10,53.0,533.0,477.0,1.1174
G?b@do,8,9,62.0,543.0,496.0,1.094758
G?b@ds,8,10,57.0,551.0,513.0,1.074074
G?b@eG,8,8,19.0,145.0,133.0,1.090226
G?b@eK,8,9,59.0,455.0,472.0,0.963983
G?b@eO,8,8,18.0,151.0,126.0,1.198413
G?b@eS,8,9,58.0,471.0,464.0,1.015086
G?b@eW,8,9,17.0,156.0,136.0,1.147059
G?b@e[,8,10,54.0,490.0,486.0,1.00823
G?b@fC,8,9,58.0,532.0,464.0,1.146552
G?b@fG,8,9,64.0,469.0,512.0,0.916016
G?b@fK,8,10,54.0,540.0,486.0,1.111111
G?b@fO,8,9,63.0,486.0,504.0,0.964286
G?b@fS,8,10,53.0,554.0,477.0,1.161426
G?b@fW,8,10,59.0,511.0,531.0,0.962335
G?b@f[,8,11,49.0,560.0,490.0,1.142857
G?b@f_,8,9,58.0,558.0,464.0,1.202586
G?b@fc,8,10,53.0,560.0,477.0,1.174004
G?b@fg,8,10,54.0,565.0,486.0,1.162551
G?b@fk,8,11,49.0,558.0,490.0,1.138776
G?b@fo,8,10,53.0,579.0,477.0,1.213836
G?b@fs,8,11,48.0,570.0,480.0,1.1875
G?b@fw,8,11,49.0,584.0,490.0,1.191837
G?b@f{,8,12,44.0,566.0,484.0,1.169421
G?bAP_,8,7,19.0,152.0,114.0,1.333333
G?bAT_,8,8,62.0,470.0,434.0,1.082949
G?bATo,8,9,56.0,517.0,448.0,1.154018
G?bAUW,8,9,21.0,204.0,168.0,1.214286
G?bAU[,8,10,20.0,210.0,180.0,1.166667
G?bAVG,8,9,35.0,335.0,280.0,1.196429
G?bAVO,8,9,35.0,325.0,280.0,1.160714
G?bAVW,8,10,33.0,337.0,297.0,1.13468
G?bAV[,8,11,31.0,345.0,310.0,1.112903
G?bAV_,8,9,53.0,490.0,424.0,1.15566
G?bAVg,8,10,50.0,510.0,450.0,1.133333
G?bAVo,8,10,50.0,497.0,450.0,1.104444
G?bAVw,8,11,47.0,512.0,470.0,1.089362
G?bAV{,8,12,44.0,522.0,484.0,1.078512
G?bB@O,8,7,42.0,392.0,252.0,1.555556
G?bB@_,8,7,84.0,252.0,504.0,0.5
G?bB@o,8,8,61.0,595.0,427.0,1.393443
G?bBAg,8,8,66.0,414.0,462.0,0.896104
G?bBAo,8,8,61.0,476.0,427.0,1.114754
G?bBBG,8,8,42.0,317.0,294.0,1.078231
G?bBBO,8,8,38.0,352.0,266.0,1.323308
G?bBBW,8,9,36.0,356.0,288.0,1.236111
G?bBB_,8,8,68.0,442.0,476.0,0.928571
G?bBBg,8,9,59.0,490.0,472.0,1.038136
G?bBBo,8,9,54.0,529.0,432.0,1.224537
G?bBBw,8,10,51.0,533.0,459.0,1.16122
G?bBCW,8,8,47.0,301.0,329.0,0.914894
G?bBCg,8,8,68.0,412.0,476.0,0.865546
G?bBCo,8,8,74.0,406.0,518.0,0.783784
G?bBCw,8,9,66.0,480.0,528.0,0.909091
G?bBDG,8,8,39.0,336.0,273.0,1.230769
G?bBDO,8,8,39.0,371.0,273.0,1.358974
G?bBDS,8,9,35.0,352.0,280.0,1.257143
G?bBDW,8,9,36.0,365.0,288.0,1.267361
G?bBD_,8,8,60.0,528.0,420.0,1.257143
G?bBDc,8,9,54.0,509.0,432.0,1.178241
G?bBDg,8,9,55.0,510.0,440.0,1.159091
G?bBDo,8,9,56.0,559.0,448.0,1.247768
G?bBDs,8,10,50.0,530.0,450.0,1.177778
G?bBDw,8,10,51.0,546.0,459.0,1.189542
G?bBEK,8,9,39.0,340.0,312.0,1.089744
G?bBES,8,9,36.0,338.0,288.0,1.173611
G?bBEW,8,9,41.0,342.0,328.0,1.042683
G?bBEc,8,9,56.0,486.0,448.0,1.084821
G?bBEg,8,9,62.0,480.0,496.0,0.967742
G?bBEk,8,10,54.0,514.0,486.0,1.057613
G?bBEo,8,9,59.0,492.0,472.0,1.042373
G?bBEs,8,10,51.0,511.0,459.0,1.11329
G?bBEw,8,10,57.0,522.0,513.0,1.017544
G?bBFC,8,9,37.0,346.0,296.0,1.168919
G?bBFG,8,9,38.0,350.0,304.0,1.151316
G?bBFK,8,10,35.0,357.0,315.0,1.133333
G?bBFO,8,9,36.0,354.0,288.0,1.229167
G?bBFS,8,10,33.0,356.0,297.0,1.198653
G?bBFW,8,10,34.0,366.0,306.0,1.196078
G?bBF[,8,11,31.0,364.0,310.0,1.174194
G?bBF_,8,9,56.0,508.0,448.0,1.133929
G?bBFc,8,10,52.0,522.0,468.0,1.115385
G?bBFg,8,10,53.0,526.0,477.0,1.102725
G?bBFk,8,11,49.0,535.0,490.0,1.091837
G?bBFo,8,10,51.0,531.0,459.0,1.156863
G?bBFs,8,11,47.0,534.0,470.0,1.13617
G?bBFw,8,11,48.0,546.0,480.0,1.1375
G?bBF{,8,12,44.0,544.0,484.0,1.123967
G?bBQo,8,9,55.0,504.0,440.0,1.145455
G?bBQs,8,10,51.0,519.0,459.0,1.130719
G?bBRO,8,9,35.0,350.0,280.0,1.25
G?bBRS,8,10,34.0,370.0,306.0,1.20915
G?bBRo,8,10,51.0,539.0,459.0,1.174292
G?bBRs,8,11,49.0,562.0,490.0,1.146939
G?bBTg,8,10,49.0,530.0,441.0,1.201814
G?bBTk,8,11,47.0,534.0,470.0,1.13617
G?bBTo,8,10,52.0,547.0,468.0,1.168803
G?bBTs,8,11,48.0,554.0,480.0,1.154167
G?bBUW,8,10,35.0,359.0,315.0,1.139683
G?bBU[,8,11,33.0,363.0,330.0,1.1
G?bBUg,8,10,53.0,542.0,477.0,1.136268
G?bBUk,8,11,49.0,532.0,490.0,1.085714
G?bBUo,8,10,53.0,526.0,477.0,1.102725
G?bBUs,8,11,49.0,533.0,490.0,1.087755
G?bBUw,8,11,51.0,554.0,510.0,1.086275
G?bBU{,8,12,47.0,553.0,517.0,1.069632
G?bBVG,8,10,32.0,353.0,288.0,1.225694
G?bBVK,8,11,31.0,364.0,310.0,1.174194
G?bBVO,8,10,33.0,355.0,297.0,1.195286
G?bBVS,8,11,32.0,371.0,320.0,1.159375
G?bBVW,8,11,31.0,364.0,310.0,1.174194
G?bBV[,8,12,30.0,376.0,330.0,1.139394
G?bBV_,8,10,50.0,526.0,450.0,1.168889
G?bBVc,8,11,48.0,543.0,480.0,1.13125
G?bBVg,8,11,47.0,542.0,470.0,1.153191
G?bBVk,8,12,45.0,554.0,495.0,1.119192
G?bBVo,8,11,48.0,544.0,480.0,1.133333
G?bBVs,8,12,46.0,562.0,506.0,1.110672
G?bBVw,8,12,45.0,555.0,495.0,1.121212
G?bBV{,8,13,43.0,568.0,516.0,1.100775
G?bB`o,8,9,56.0,604.0,448.0,1.348214
G?bB`s,8,10,53.0,605.0,477.0,1.268344
G?bB`w,8,10,51.0,564.0,459.0,1.228758
G?bB`{,8,11,49.0,579.0,490.0,1.181633
G?bBbO,8,9,57.0,555.0,456.0,1.217105
G?bBbS,8,10,53.0,563.0,477.0,1.180294
G?bBbW,8,10,55.0,573.0,495.0,1.157576
G?bBb[,8,11,51.0,576.0,510.0,1.129412
G?bBb_,8,9,66.0,506.0,528.0,0.958333
G?bBbc,8,10,65.0,551.0,585.0,0.94188
G?bBbg,8,10,57.0,550.0,513.0,1.072125
G?bBbk,8,11,56.0,586.0,560.0,1.046429
G?bBbo,8,10,52.0,581.0,468.0,1.241453
G?bBbs,8,11,50.0,601.0,500.0,1.202
G?bBbw,8,11,49.0,582.0,490.0,1.187755
G?bBb{,8,12,47.0,598.0,517.0,1.156673
G?bBdW,8,10,55.0,585.0,495.0,1.181818
G?bBd[,8,11,49.0,557.0,490.0,1.136735
G?bBdg,8,10,52.0,551.0,468.0,1.17735
G?bBdk,8,11,49.0,560.0,490.0,1.142857
G?bBdo,8,10,52.0,582.0,468.0,1.24359
G?bBds,8,11,48.0,574.0,480.0,1.195833
G?bBdw,8,11,48.0,576.0,480.0,1.2
G?bBd{,8,12,45.0,576.0,495.0,1.163636
G?bBeW,8,10,60.0,540.0,540.0,1.0
G?bBe[,8,11,51.0,556.0,510.0,1.090196
G?bBfG,8,10,58.0,569.0,522.0,1.090038
G?bBfK,8,11,52.0,565.0,520.0,1.086538
G?bBfO,8,10,55.0,570.0,495.0,1.151515
G?bBfS,8,11,49.0,558.0,490.0,1.138776
G?bBfW,8,11,53.0,597.0,530.0,1.126415
G?bBf[,8,12,47.0,578.0,517.0,1.117988
G?bBf_,8,10,54.0,564.0,486.0,1.160494
G?bBfc,8,11,51.0,579.0,510.0,1.135294
G?bBfg,8,11,51.0,578.0,510.0,1.133333
G?bBfk,8,12,48.0,588.0,528.0,1.113636
G?bBfo,8,11,49.0,579.0,490.0,1.181633
G?bBfs,8,12,46.0,584.0,506.0,1.15415
G?bBfw,8,12,46.0,590.0,506.0,1.166008
G?bBf{,8,13,43.0,590.0,516.0,1.143411
G?bBro,8,11,49.0,580.0,490.0,1.183673
G?bBrs,8,12,48.0,610.0,528.0,1.155303
G?bBvW,8,12,47.0,581.0,517.0,1.123791
G?bBv[,8,13,45.0,590.0,540.0,1.092593
G?bBvg,8,12,44.0,571.0,484.0,1.179752
G?bBvk,8,13,43.0,590.0,516.0,1.143411
G?bBvo,8,12,46.0,583.0,506.0,1.152174
G?bBvs,8,13,45.0,608.0,540.0,1.125926
G?bBvw,8,13,43.0,590.0,516.0,1.143411
G?bBv{,8,14,42.0,610.0,546.0,1.117216
G?bDJO,8,9,33.0,342.0,264.0,1.295455
G?bDJ_,8,9,59.0,540.0,472.0,1.144068
G?bDJo,8,10,49.0,534.0,441.0,1.210884
G?bDKk,8,10,52.0,480.0,468.0,1.025641
G?bDMk,8,11,50.0,524.0,500.0,1.048
G?bDMo,8,10,53.0,531.0,477.0,1.113208
G?bDMw,8,11,51.0,552.0,510.0,1.082353
G?bDNK,8,11,33.0,365.0,330.0,1.106061
G?bDNO,8,10,32.0,348.0,288.0,1.208333
G?bDNW,8,11,31.0,364.0,310.0,1.174194
G?bDN[,8,12,30.0,378.0,330.0,1.145455
G?bDN_,8,10,51.0,509.0,459.0,1.108932
G?bDNg,8,11,49.0,532.0,490.0,1.085714
G?bDNk,8,12,47.0,555.0,517.0,1.073501
G?bDNo,8,11,47.0,536.0,470.0,1.140426
G?bDNw,8,12,45.0,555.0,495.0,1.121212
G?bDN{,8,13,43.0,570.0,516.0,1.104651
G?bDPo,8,9,62.0,515.0,496.0,1.038306
G?bDPs,8,10,60.0,543.0,540.0,1.005556
G?bDPw,8,10,52.0,522.0,468.0,1.115385
G?bDP{,8,11,50.0,546.0,500.0,1.092
G?bDQg,8,9,64.0,520.0,512.0,1.015625
G?bDQk,8,10,52.0,520.0,468.0,1.111111
G?bDQo,8,9,57.0,531.0,456.0,1.164474
G?bDQs,8,10,51.0,519.0,459.0,1.130719
G?bDQw,8,10,55.0,546.0,495.0,1.10303
G?bDQ{,8,11,49.0,534.0,490.0,1.089796
G?bDRG,8,9,36.0,364.0,288.0,1.263889
G?bDRK,8,10,33.0,357.0,297.0,1.20202
G?bDRO,8,9,35.0,352.0,280.0,1.257143
G?bDRS,8,10,33.0,363.0,297.0,1.222222
G?bDRW,8,10,33.0,357.0,297.0,1.20202
G?bDR[,8,11,31.0,365.0,310.0,1.177419
G?bDR_,8,9,58.0,581.0,464.0,1.252155
G?bDRc,8,10,51.0,542.0,459.0,1.180828
G?bDRg,8,10,53.0,562.0,477.0,1.178197
G?bDRk,8,11,48.0,546.0,480.0,1.1375
G?bDRo,8,10,51.0,542.0,459.0,1.180828
G?bDRs,8,11,48.0,554.0,480.0,1.154167
G?bDRw,8,11,48.0,546.0,480.0,1.1375
G?bDR{,8,12,45.0,555.0,495.0,1.121212
G?bDSo,8,9,60.0,469.0,480.0,0.977083
G?bDSs,8,10,56.0,497.0,504.0,0.986111
G?bDSw,8,10,56.0,529.0,504.0,1.049603
G?bDS{,8,11,52.0,541.0,520.0,1.040385
G?bDTK,8,10,35.0,357.0,315.0,1.133333
G?bDTO,8,9,39.0,325.0,312.0,1.041667
G?bDTS,8,10,38.0,353.0,342.0,1.032164
G?bDTW,8,10,35.0,357.0,315.0,1.133333
G?bDT[,8,11,34.0,376.0,340.0,1.105882
G?bDTg,8,10,52.0,522.0,468.0,1.115385
G?bDTk,8,11,50.0,544.0,500.0,1.088
G?bDTo,8,10,56.0,512.0,504.0,1.015873
G?bDTs,8,11,54.0,546.0,540.0,1.011111
G?bDTw,8,11,50.0,545.0,500.0,1.09
G?bDT{,8,12,48.0,567.0,528.0,1.073864
G?bDUW,8,10,37.0,372.0,333.0,1.117117
G?bDU[,8,11,33.0,369.0,330.0,1.118182
G?bDUg,8,10,56.0,558.0,504.0,1.107143
G?bDUk,8,11,50.0,542.0,500.0,1.084
G?bDUo,8,10,55.0,541.0,495.0,1.092929
G?bDUs,8,11,49.0,541.0,490.0,1.104082
G?bDUw,8,11,53.0,569.0,530.0,1.073585
G?bDU{,8,12,47.0,559.0,517.0,1.081238
G?bDVG,8,10,34.0,366.0,306.0,1.196078
G?bDVK,8,11,32.0,373.0,320.0,1.165625
G?bDVO,8,10,34.0,366.0,306.0,1.196078
G?bDVS,8,11,32.0,377.0,320.0,1.178125
G?bDVW,8,11,32.0,374.0,320.0,1.16875
G?bDV[,8,12,30.0,380.0,330.0,1.151515
G?bDV_,8,10,52.0,542.0,468.0,1.15812
G?bDVc,8,11,49.0,554.0,490.0,1.130612
G?bDVg,8,11,49.0,557.0,490.0,1.136735
G?bDVk,8,12,46.0,564.0,506.0,1.114625
G?bDVo,8,11,49.0,556.0,490.0,1.134694
G?bDVs,8,12,46.0,569.0,506.0,1.124506
G?bDVw,8,12,46.0,566.0,506.0,1.118577
G?bDV{,8,13,43.0,572.0,516.0,1.108527
G?bD`g,8,9,54.0,508.0,432.0,1.175926
G?bD`k,8,10,53.0,533.0,477.0,1.1174
G?bD`o,8,9,58.0,520.0,464.0,1.12069
G?bD`s,8,10,57.0,550.0,513.0,1.072125
G?bD`w,8,10,50.0,528.0,450.0,1.173333
G?bD`{,8,11,49.0,557.0,490.0,1.136735
G?bDbG,8,9,56.0,526.0,448.0,1.174107
G?bDbK,8,10,52.0,523.0,468.0,1.117521
G?bDbO,8,9,54.0,532.0,432.0,1.231481
G?bDbS,8,10,50.0,529.0,450.0,1.175556
G?bDbW,8,10,52.0,551.0,468.0,1.17735
G?bDb[,8,11,48.0,546.0,480.0,1.1375
G?bDb_,8,9,56.0,558.0,448.0,1.245536
G?bDbc,8,10,52.0,558.0,468.0,1.192308
G?bDbg,8,10,51.0,546.0,459.0,1.189542
G?bDbk,8,11,49.0,560.0,490.0,1.142857
G?bDbo,8,10,49.0,548.0,441.0,1.24263
G?bDbs,8,11,47.0,563.0,470.0,1.197872
G?bDbw,8,11,46.0,552.0,460.0,1.2
G?bDb{,8,12,44.0,566.0,484.0,1.169421
G?bDdK,8,10,54.0,510.0,486.0,1.049383
G?bDdO,8,9,58.0,483.0,464.0,1.040948
G?bDdS,8,10,56.0,511.0,504.0,1.013889
G?bDdW,8,10,54.0,539.0,486.0,1.109053
G?bDd[,8,11,52.0,557.0,520.0,1.071154
G?bDd_,8,9,58.0,478.0,464.0,1.030172
G?bDdc,8,10,57.0,515.0,513.0,1.003899
G?bDdg,8,10,52.0,519.0,468.0,1.108974
G?bDdk,8,11,51.0,551.0,510.0,1.080392
G?bDdo,8,10,55.0,525.0,495.0,1.060606
G?bDds,8,11,54.0,561.0,540.0,1.038889
G?bDdw,8,11,49.0,557.0,490.0,1.136735
G?bDd{,8,12,48.0,584.0,528.0,1.106061
G?bDeW,8,10,57.0,512.0,513.0,0.998051
G?bDe[,8,11,51.0,550.0,510.0,1.078431
G?bDfG,8,10,54.0,536.0,486.0,1.102881
G?bDfK,8,11,50.0,542.0,500.0,1.084
G?bDfO,8,10,53.0,553.0,477.0,1.159329
G?bDfS,8,11,49.0,556.0,490.0,1.134694
G?bDfW,8,11,51.0,577.0,510.0,1.131373
G?bDf[,8,12,47.0,574.0,517.0,1.110251
G?bDf_,8,10,52.0,540.0,468.0,1.153846
G?bDfc,8,11,50.0,561.0,500.0,1.122
G?bDfg,8,11,49.0,554.0,490.0,1.130612
G?bDfk,8,12,47.0,572.0,517.0,1.106383
G?bDfo,8,11,48.0,569.0,480.0,1.185417
G?bDfs,8,12,46.0,585.0,506.0,1.156126
G?bDfw,8,12,45.0,577.0,495.0,1.165657
G?bDf{,8,13,43.0,588.0,516.0,1.139535
G?bDjo,8,11,45.0,548.0,450.0,1.217778
G?bDjs,8,12,44.0,566.0,484.0,1.169421
G?bDlg,8,11,50.0,538.0,500.0,1.076
G?bDlk,8,12,49.0,573.0,539.0,1.06308
G?bDnW,8,12,47.0,579.0,517.0,1.119923
G?bDn[,8,13,45.0,592.0,540.0,1.096296
G?bDng,8,12,47.0,572.0,517.0,1.106383
G?bDnk,8,13,46.0,601.0,552.0,1.088768
G?bDno,8,12,44.0,566.0,484.0,1.169421
G?bDns,8,13,43.0,590.0,516.0,1.143411
G?bDnw,8,13,43.0,590.0,516.0,1.143411
G?bDn{,8,14,42.0,612.0,546.0,1.120879
G?bDrg,8,11,48.0,578.0,480.0,1.204167
G?bDrk,8,12,45.0,577.0,495.0,1.165657
G?bDro,8,11,48.0,575.0,480.0,1.197917
G?bDrs,8,12,46.0,592.0,506.0,1.16996
G?bDrw,8,12,45.0,578.0,495.0,1.167677
G?bDr{,8,13,43.0,591.0,516.0,1.145349
G?bDtg,8,11,49.0,560.0,490.0,1.142857
G?bDtk,8,12,48.0,588.0,528.0,1.113636
G?bDto,8,11,54.0,561.0,540.0,1.038889
G?bDts,8,12,53.0,600.0,583.0,1.02916
G?bDtw,8,12,48.0,588.0,528.0,1.113636
G?bDt{,8,13,47.0,616.0,564.0,1.092199
G?bDvW,8,12,49.0,599.0,539.0,1.111317
G?bDv[,8,13,45.0,596.0,540.0,1.103704
G?bDvg,8,12,46.0,589.0,506.0,1.164032
G?bDvk,8,13,44.0,601.0,528.0,1.138258
G?bDvo,8,12,47.0,598.0,517.0,1.156673
G?bDvs,8,13,45.0,615.0,540.0,1.138889
G?bDvw,8,13,44.0,603.0,528.0,1.142045
G?bDv{,8,14,42.0,614.0,546.0,1.124542
G?bEHk,8,10,56.0,520.0,504.0,1.031746
G?bEHo,8,9,68.0,482.0,544.0,0.886029
G?bEHw,8,10,53.0,534.0,477.0,1.119497
G?bEH{,8,11,50.0,539.0,500.0,1.078
G?bEJK,8,10,37.0,354.0,333.0,1.063063
G?bEJO,8,9,36.0,348.0,288.0,1.208333
G?bEJW,8,10,34.0,346.0,306.0,1.130719
G?bEJ[,8,11,32.0,359.0,320.0,1.121875
G?bEJ_,8,9,65.0,490.0,520.0,0.942308
G?bEJg,8,10,56.0,532.0,504.0,1.055556
G?bEJk,8,11,53.0,548.0,530.0,1.033962
G?bEJo,8,10,52.0,538.0,468.0,1.149573
G?bEJw,8,11,49.0,532.0,490.0,1.085714
G?bEJ{,8,12,46.0,548.0,506.0,1.083004
G?bEK[,8,10,21.0,220.0,189.0,1.164021
G?bELK,8,10,35.0,339.0,315.0,1.07619
G?bELO,8,9,39.0,361.0,312.0,1.157051
G?bELW,8,10,35.0,355.0,315.0,1.126984
G?bEL[,8,11,33.0,365.0,330.0,1.106061
G?bEL_,8,9,59.0,452.0,472.0,0.957627
G?bELg,8,10,53.0,504.0,477.0,1.056604
G?bELk,8,11,50.0,523.0,500.0,1.046
G?bELo,8,10,56.0,558.0,504.0,1.107143
G?bELw,8,11,50.0,543.0,500.0,1.086
G?bEL{,8,12,47.0,554.0,517.0,1.071567
G?bEMK,8,10,21.0,212.0,189.0,1.121693
G?bEM[,8,11,19.0,222.0,190.0,1.168421
G?bENK,8,11,33.0,355.0,330.0,1.075758
G?bENO,8,10,34.0,347.0,306.0,1.133987
G?bENW,8,11,32.0,358.0,320.0,1.11875
G?bEN[,8,12,30.0,367.0,330.0,1.112121
G?bEN_,8,10,53.0,507.0,477.0,1.062893
G?bENg,8,11,50.0,523.0,500.0,1.046
G?bENk,8,12,47.0,542.0,517.0,1.048356
G?bENo,8,11,49.0,533.0,490.0,1.087755
G?bENw,8,12,46.0,546.0,506.0,1.079051
G?bEN{,8,13,43.0,556.0,516.0,1.077519
G?bEPo,8,9,61.0,499.0,488.0,1.022541
G?bEQW,8,9,21.0,201.0,168.0,1.196429
G?bERG,8,9,38.0,351.0,304.0,1.154605
G?bERW,8,10,34.0,343.0,306.0,1.120915
G?bER_,8,9,61.0,499.0,488.0,1.022541
G?bERg,8,10,55.0,546.0,495.0,1.10303
G?bERo,8,10,52.0,523.0,468.0,1.117521
G?bERw,8,11,49.0,529.0,490.0,1.079592
G?bETS,8,10,34.0,354.0,306.0,1.156863
G?bETW,8,10,34.0,347.0,306.0,1.133987
G?bETc,8,10,52.0,519.0,468.0,1.108974
G?bETg,8,10,52.0,524.0,468.0,1.119658
G?bETo,8,10,55.0,544.0,495.0,1.09899
G?bETs,8,11,49.0,543.0,490.0,1.108163
G?bETw,8,11,49.0,534.0,490.0,1.089796
G?bEUK,8,10,20.0,214.0,180.0,1.188889
G?bEUS,8,10,20.0,214.0,180.0,1.188889
G?bEUW,8,10,20.0,211.0,180.0,1.172222
G?bEU[,8,11,19.0,220.0,190.0,1.157895
G?bEVG,8,10,34.0,348.0,306.0,1.137255
G?bEVK,8,11,32.0,358.0,320.0,1.11875
G?bEVS,8,11,32.0,358.0,320.0,1.11875
G?bEVW,8,11,32.0,355.0,320.0,1.109375
G?bEV[,8,12,30.0,365.0,330.0,1.106061
G?bEV_,8,10,52.0,519.0,468.0,1.108974
G?bEVc,8,11,49.0,530.0,490.0,1.081633
G?bEVg,8,11,49.0,535.0,490.0,1.091837
G?bEVk,8,12,46.0,546.0,506.0,1.079051
G?bEVo,8,11,49.0,532.0,490.0,1.085714
G?bEVs,8,12,46.0,546.0,506.0,1.079051
G?bEVw,8,12,46.0,543.0,506.0,1.073123
G?bEV{,8,13,43.0,554.0,516.0,1.073643
G?bEZo,8,11,51.0,560.0,510.0,1.098039
G?bEZs,8,12,48.0,562.0,528.0,1.064394
G?bE\g,8,11,51.0,556.0,510.0,1.090196
G?bE\k,8,12,48.0,564.0,528.0,1.068182
G?bE\o,8,11,54.0,581.0,540.0,1.075926
G?bE\s,8,12,48.0,570.0,528.0,1.079545
G?bE]W,8,11,19.0,220.0,190.0,1.157895
G?bE][,8,12,18.0,228.0,198.0,1.151515
G?bE^W,8,12,31.0,375.0,341.0,1.099707
G?bE^[,8,13,29.0,383.0,348.0,1.100575
G?bE^g,8,12,48.0,570.0,528.0,1.079545
G?bE^k,8,13,45.0,578.0,540.0,1.07037
G?bE^o,8,12,48.0,565.0,528.0,1.070076
G?bE^s,8,13,45.0,576.0,540.0,1.066667
G?bE^w,8,13,45.0,576.0,540.0,1.066667
G?bE^{,8,14,42.0,584.0,546.0,1.069597
G?bF@o,8,9,57.0,558.0,456.0,1.223684
G?bFAg,8,9,58.0,504.0,464.0,1.086207
G?bFAo,8,9,55.0,510.0,440.0,1.159091
G?bFBG,8,9,36.0,337.0,288.0,1.170139
G?bFBO,8,9,34.0,340.0,272.0,1.25
G?bFBW,8,10,32.0,347.0,288.0,1.204861
G?bFB_,8,9,60.0,538.0,480.0,1.120833
G?bFBg,8,10,53.0,530.0,477.0,1.111111
G?bFBo,8,10,50.0,529.0,450.0,1.175556
G?bFBw,8,11,47.0,535.0,470.0,1.138298
G?bFCw,8,10,54.0,541.0,486.0,1.113169
G?bFDS,8,10,34.0,365.0,306.0,1.19281
G?bFDW,8,10,33.0,355.0,297.0,1.195286
G?bFDc,8,10,52.0,518.0,468.0,1.106838
G?bFDg,8,10,51.0,508.0,459.0,1.106754
G?bFDo,8,10,53.0,550.0,477.0,1.15304
G?bFDs,8,11,49.0,557.0,490.0,1.136735
G?bFDw,8,11,48.0,545.0,480.0,1.135417
G?bFEK,8,10,35.0,339.0,315.0,1.07619
G?bFES,8,10,34.0,345.0,306.0,1.127451
G?bFEW,8,10,35.0,357.0,315.0,1.133333
G?bFEc,8,10,52.0,494.0,468.0,1.055556
G?bFEg,8,10,54.0,512.0,486.0,1.053498
G?bFEk,8,11,50.0,524.0,500.0,1.048
G?bFEo,8,10,53.0,524.0,477.0,1.098532
G?bFEs,8,11,49.0,531.0,490.0,1.083673
G?bFEw,8,11,51.0,552.0,510.0,1.082353
G?bFFC,8,10,35.0,352.0,315.0,1.11746
G?bFFG,8,10,34.0,346.0,306.0,1.130719
G?bFFK,8,11,33.0,365.0,330.0,1.106061
G?bFFO,8,10,33.0,355.0,297.0,1.195286
G?bFFS,8,11,32.0,371.0,320.0,1.159375
G?bFFW,8,11,31.0,364.0,310.0,1.174194
G?bFF[,8,12,30.0,378.0,330.0,1.145455
G?bFF_,8,10,52.0,518.0,468.0,1.106838
G?bFFc,8,11,50.0,539.0,500.0,1.078
G?bFFg,8,11,49.0,533.0,490.0,1.087755
G?bFFk,8,12,47.0,555.0,517.0,1.073501
G?bFFo,8,11,48.0,544.0,480.0,1.133333
G?bFFs,8,12,46.0,562.0,506.0,1.110672
G?bFFw,8,12,45.0,555.0,495.0,1.121212
G?bFF{,8,13,43.0,570.0,516.0,1.104651
G?bFJg,8,11,52.0,566.0,520.0,1.088462
G?bFJk,8,12,50.0,586.0,550.0,1.065455
G?bFJo,8,11,48.0,556.0,480.0,1.158333
G?bFJs,8,12,46.0,565.0,506.0,1.116601
G?bFJw,8,12,46.0,566.0,506.0,1.118577
G?bFJ{,8,13,44.0,584.0,528.0,1.106061
G?bFKw,8,11,52.0,561.0,520.0,1.078846
G?bFK{,8,12,48.0,565.0,528.0,1.070076
G?bFLW,8,11,32.0,373.0,320.0,1.165625
G?bFL[,8,12,31.0,388.0,341.0,1.13783
G?bFLg,8,11,50.0,543.0,500.0,1.086
G?bFLk,8,12,48.0,565.0,528.0,1.070076
G?bFLo,8,11,51.0,576.0,510.0,1.129412
G?bFLs,8,12,47.0,576.0,517.0,1.11412
G?bFLw,8,12,47.0,577.0,517.0,1.116054
G?bFL{,8,13,45.0,592.0,540.0,1.096296
G?bFMW,8,11,33.0,369.0,330.0,1.118182
G?bFM[,8,12,31.0,377.0,341.0,1.105572
G?bFMg,8,11,52.0,541.0,520.0,1.040385
G?bFMk,8,12,48.0,553.0,528.0,1.047348
G?bFMw,8,12,49.0,578.0,539.0,1.072356
G?bFM{,8,13,45.0,579.0,540.0,1.072222
G?bFNG,8,11,33.0,365.0,330.0,1.106061
G?bFNK,8,12,32.0,385.0,352.0,1.09375
G?bFNW,8,12,30.0,380.0,330.0,1.151515
G?bFN[,8,13,29.0,394.0,348.0,1.132184
G?bFNg,8,12,48.0,566.0,528.0,1.07197
G?bFNk,8,13,46.0,588.0,552.0,1.065217
G?bFNo,8,12,46.0,567.0,506.0,1.120553
G?bFNs,8,13,44.0,583.0,528.0,1.104167
G?bFNw,8,13,44.0,584.0,528.0,1.106061
G?bFN{,8,14,42.0,598.0,546.0,1.095238
G?bFQw,8,11,51.0,547.0,510.0,1.072549
G?bFQ{,8,12,47.0,554.0,517.0,1.071567
G?bFRW,8,11,31.0,361.0,310.0,1.164516
G?bFR[,8,12,30.0,377.0,330.0,1.142424
G?bFRg,8,11,50.0,566.0,500.0,1.132
G?bFRk,8,12,46.0,567.0,506.0,1.120553
G?bFRo,8,11,49.0,558.0,490.0,1.138776
G?bFRs,8,12,47.0,574.0,517.0,1.110251
G?bFRw,8,12,46.0,563.0,506.0,1.112648
G?bFR{,8,13,44.0,580.0,528.0,1.098485
G?bFSw,8,11,51.0,551.0,510.0,1.080392
G?bFS{,8,12,47.0,558.0,517.0,1.079304
G?bFTW,8,11,31.0,364.0,310.0,1.174194
G?bFT[,8,12,30.0,380.0,330.0,1.151515
G?bFTg,8,11,48.0,548.0,480.0,1.141667
G?bFTk,8,12,46.0,564.0,506.0,1.114625
G?bFTo,8,11,51.0,577.0,510.0,1.131373
G?bFTs,8,12,47.0,582.0,517.0,1.125725
G?bFTw,8,12,46.0,567.0,506.0,1.120553
G?bFT{,8,13,44.0,583.0,528.0,1.104167
G?bFUW,8,11,33.0,365.0,330.0,1.106061
G?bFU[,8,12,31.0,375.0,341.0,1.099707
G?bFUg,8,11,51.0,552.0,510.0,1.082353
G?bFUk,8,12,47.0,557.0,517.0,1.077369
G?bFUo,8,11,51.0,550.0,510.0,1.078431
G?bFUs,8,12,47.0,557.0,517.0,1.077369
G?bFUw,8,12,49.0,574.0,539.0,1.064935
G?bFU{,8,13,45.0,577.0,540.0,1.068519
G?bFVG,8,11,31.0,365.0,310.0,1.177419
G?bFVK,8,12,30.0,380.0,330.0,1.151515
G?bFVO,8,11,32.0,371.0,320.0,1.159375
G?bFVS,8,12,31.0,388.0,341.0,1.13783
G?bFVW,8,12,30.0,377.0,330.0,1.142424
G?bFV[,8,13,29.0,392.0,348.0,1.126437
G?bFVg,8,12,46.0,568.0,506.0,1.12253
G?bFVk,8,13,44.0,583.0,528.0,1.104167
G?bFVo,8,12,47.0,574.0,517.0,1.110251
G?bFVs,8,13,45.0,592.0,540.0,1.096296
G?bFVw,8,13,44.0,581.0,528.0,1.100379
G?bFV{,8,14,42.0,596.0,546.0,1.091575
G?bF]w,8,13,47.0,598.0,564.0,1.060284
G?bF]{,8,14,43.0,597.0,559.0,1.067979
G?bF^W,8,13,29.0,392.0,348.0,1.126437
G?bF^[,8,14,28.0,406.0,364.0,1.115385
G?bF^w,8,14,43.0,609.0,559.0,1.089445
G?bF^{,8,15,41.0,622.0,574.0,1.083624
G?bF`w,8,11,46.0,548.0,460.0,1.191304
G?bF`{,8,12,45.0,575.0,495.0,1.161616
G?bFbW,8,11,48.0,547.0,480.0,1.139583
G?bFb[,8,12,46.0,565.0,506.0,1.116601
G?bFbg,8,11,49.0,559.0,490.0,1.140816
G?bFbk,8,12,48.0,588.0,528.0,1.113636
G?bFbo,8,11,47.0,559.0,470.0,1.189362
G?bFbs,8,12,46.0,583.0,506.0,1.152174
G?bFbw,8,12,44.0,565.0,484.0,1.167355
G?bFb{,8,13,43.0,590.0,516.0,1.143411
G?bFdW,8,11,49.0,556.0,490.0,1.134694
G?bFd[,8,12,47.0,573.0,517.0,1.108317
G?bFdg,8,11,48.0,543.0,480.0,1.13125
G?bFdk,8,12,47.0,572.0,517.0,1.106383
G?bFdo,8,11,49.0,579.0,490.0,1.181633
G?bFds,8,12,47.0,596.0,517.0,1.152805
G?bFdw,8,12,45.0,575.0,495.0,1.161616
G?bFd{,8,13,44.0,599.0,528.0,1.13447
G?bFeW,8,11,51.0,556.0,510.0,1.090196
G?bFe[,8,12,48.0,564.0,528.0,1.068182
G?bFfG,8,11,50.0,545.0,500.0,1.09
G?bFfK,8,12,48.0,565.0,528.0,1.070076
G?bFfO,8,11,49.0,556.0,490.0,1.134694
G?bFfS,8,12,47.0,572.0,517.0,1.106383
G?bFfW,8,12,47.0,579.0,517.0,1.119923
G?bFf[,8,13,45.0,592.0,540.0,1.096296
G?bFf_,8,11,50.0,560.0,500.0,1.12
G?bFfc,8,12,49.0,589.0,539.0,1.092764
G?bFfg,8,12,47.0,573.0,517.0,1.108317
G?bFfk,8,13,46.0,601.0,552.0,1.088768
G?bFfo,8,12,46.0,583.0,506.0,1.152174
G?bFfs,8,13,45.0,608.0,540.0,1.125926
G?bFfw,8,13,43.0,590.0,516.0,1.143411
G?bFf{,8,14,42.0,612.0,546.0,1.120879
G?bFlw,8,13,44.0,601.0,528.0,1.138258
G?bFl{,8,14,43.0,624.0,559.0,1.116279
G?bFnW,8,13,45.0,597.0,540.0,1.105556
G?bFn[,8,14,43.0,610.0,559.0,1.091234
G?bFng,8,13,46.0,601.0,552.0,1.088768
G?bFnk,8,14,45.0,630.0,585.0,1.076923
G?bFnw,8,14,42.0,614.0,546.0,1.124542
G?bFn{,8,15,41.0,636.0,574.0,1.108014
G?bFrw,8,13,43.0,587.0,516.0,1.137597
G?bFr{,8,14,42.0,611.0,546.0,1.119048
G?bFtw,8,13,43.0,590.0,516.0,1.143411
G?bFt{,8,14,42.0,614.0,546.0,1.124542
G?bFvW,8,13,45.0,593.0,540.0,1.098148
G?bFv[,8,14,43.0,608.0,559.0,1.087657
G?bFvg,8,13,43.0,591.0,516.0,1.145349
G?bFvk,8,14,42.0,614.0,546.0,1.124542
G?bFvo,8,13,45.0,608.0,540.0,1.125926
G?bFvs,8,14,44.0,634.0,572.0,1.108392
G?bFvw,8,14,42.0,611.0,546.0,1.119048
G?bFv{,8,15,41.0,634.0,574.0,1.10453
G?bF~w,8,15,41.0,634.0,574.0,1.10453
G?bF~{,8,16,40.0,656.0,600.0,1.093333
G?bJb_,8,10,60.0,594.0,540.0,1.1
G?bJbc,8,11,59.0,632.0,590.0,1.071186
G?bJbg,8,11,51.0,609.0,510.0,1.194118
G?bJbk,8,12,50.0,638.0,550.0,1.16
G?bJdW,8,11,53.0,614.0,530.0,1.158491
G?bJd[,8,12,47.0,585.0,517.0,1.131528
G?bJdo,8,11,50.0,601.0,500.0,1.202
G?bJds,8,12,46.0,594.0,506.0,1.173913
G?bJdw,8,12,46.0,602.0,506.0,1.189723
G?bJd{,8,13,43.0,598.0,516.0,1.158915
G?bJeW,8,11,59.0,582.0,590.0,0.986441
G?bJe[,8,12,50.0,594.0,550.0,1.08
G?bJfO,8,11,54.0,608.0,540.0,1.125926
G?bJfS,8,12,48.0,591.0,528.0,1.119318
G?bJfW,8,12,52.0,635.0,572.0,1.11014
G?bJf[,8,13,46.0,611.0,552.0,1.106884
G?bJf_,8,11,51.0,605.0,510.0,1.186275
G?bJfc,8,12,49.0,622.0,539.0,1.153989
G?bJfg,8,12,48.0,612.0,528.0,1.159091
G?bJfk,8,13,46.0,625.0,552.0,1.132246
G?bJfo,8,12,48.0,611.0,528.0,1.157197
G?bJfs,8,13,45.0,613.0,540.0,1.135185
G?bJfw,8,13,45.0,621.0,540.0,1.15
G?bJf{,8,14,42.0,618.0,546.0,1.131868
G?bJjg,8,12,48.0,608.0,528.0,1.151515
G?bJjk,8,13,47.0,640.0,564.0,1.134752
G?bJlw,8,13,43.0,598.0,516.0,1.158915
G?bJl{,8,14,42.0,618.0,546.0,1.131868
G?bJnW,8,13,46.0,612.0,552.0,1.108696
G?bJn[,8,14,44.0,622.0,572.0,1.087413
G?bJng,8,13,45.0,612.0,540.0,1.133333
G?bJnk,8,14,44.0,638.0,572.0,1.115385
G?bJno,8,13,43.0,593.0,516.0,1.149225
G?bJns,8,14,42.0,614.0,546.0,1.124542
G?bJnw,8,14,42.0,618.0,546.0,1.131868
G?bJn{,8,15,41.0,638.0,574.0,1.111498
G?bLR_,8,10,56.0,602.0,504.0,1.194444
G?bLRg,8,11,49.0,567.0,490.0,1.157143
G?bLRk,8,12,46.0,566.0,506.0,1.118577
G?bLSo,8,10,58.0,536.0,522.0,1.02682
G?bLSw,8,11,54.0,558.0,540.0,1.033333
G?bLS{,8,12,50.0,572.0,550.0,1.04
G?bLUW,8,11,36.0,393.0,360.0,1.091667
G?bLU[,8,12,32.0,389.0,352.0,1.105114
G?bLUo,8,11,54.0,575.0,540.0,1.064815
G?bLUs,8,12,48.0,570.0,528.0,1.079545
G?bLUw,8,12,52.0,605.0,572.0,1.057692
G?bLU{,8,13,46.0,592.0,552.0,1.072464
G?bLVO,8,11,33.0,382.0,330.0,1.157576
G?bLVW,8,12,31.0,391.0,341.0,1.146628
G?bLV[,8,13,29.0,396.0,348.0,1.137931
G?bLV_,8,11,50.0,567.0,500.0,1.134
G?bLVg,8,12,47.0,576.0,517.0,1.11412
G?bLVk,8,13,44.0,585.0,528.0,1.107955
G?bLVo,8,12,48.0,586.0,528.0,1.109848
G?bLVw,8,13,45.0,596.0,540.0,1.103704
G?bLV{,8,14,42.0,600.0,546.0,1.098901
G?bLZk,8,13,45.0,596.0,540.0,1.103704
G?bL[{,8,13,46.0,578.0,552.0,1.047101
G?bL]{,8,14,44.0,609.0,572.0,1.064685
G?bL^[,8,14,28.0,408.0,364.0,1.120879
G?bL^k,8,14,43.0,612.0,559.0,1.094812
G?bL^o,8,13,45.0,598.0,540.0,1.107407
G?bL^w,8,14,43.0,613.0,559.0,1.096601
G?bL^{,8,15,41.0,624.0,574.0,1.087108
G?bLrg,8,12,45.0,582.0,495.0,1.175758
G?bLrk,8,13,43.0,594.0,516.0,1.151163
G?bLt[,8,13,48.0,613.0,576.0,1.064236
G?bLto,8,12,52.0,622.0,572.0,1.087413
G?bLts,8,13,51.0,658.0,612.0,1.075163
G?bLtw,8,13,46.0,609.0,552.0,1.103261
G?bLt{,8,14,45.0,638.0,585.0,1.090598
G?bLvW,8,13,48.0,630.0,576.0,1.09375
G?bLv[,8,14,44.0,626.0,572.0,1.094406
G?bLvg,8,13,44.0,605.0,528.0,1.145833
G?bLvk,8,14,42.0,618.0,546.0,1.131868
G?bLvo,8,13,46.0,625.0,552.0,1.132246
G?bLvs,8,14,44.0,640.0,572.0,1.118881
G?bLvw,8,14,43.0,630.0,559.0,1.127013
G?bLv{,8,15,41.0,640.0,574.0,1.114983
G?bL|w,8,14,44.0,622.0,572.0,1.087413
G?bL|{,8,15,43.0,648.0,602.0,1.076412
G?bL~w,8,15,41.0,640.0,574.0,1.114983
G?bL~{,8,16,40.0,660.0,600.0,1.1
G?bMR_,8,10,60.0,540.0,540.0,1.0
G?bMRg,8,11,51.0,561.0,510.0,1.1
G?bMRk,8,12,48.0,562.0,528.0,1.064394
G?bMTW,8,11,33.0,369.0,330.0,1.118182
G?bMT[,8,12,31.0,377.0,341.0,1.105572
G?bMTo,8,11,54.0,575.0,540.0,1.064815
G?bMTw,8,12,48.0,570.0,528.0,1.079545
G?bMT{,8,13,45.0,578.0,540.0,1.07037
G?bMUW,8,11,19.0,221.0,190.0,1.163158
G?bMU[,8,12,18.0,228.0,198.0,1.151515
G?bMVW,8,12,31.0,376.0,341.0,1.102639
G?bMV[,8,13,29.0,383.0,348.0,1.100575
G?bMV_,8,11,51.0,556.0,510.0,1.090196
G?bMVg,8,12,48.0,563.0,528.0,1.066288
G?bMVk,8,13,45.0,576.0,540.0,1.066667
G?bMVo,8,12,48.0,567.0,528.0,1.073864
G?bMVw,8,13,45.0,577.0,540.0,1.068519
G?bMV{,8,14,42.0,584.0,546.0,1.069597
G?bMZk,8,13,47.0,598.0,564.0,1.060284
G?bM\[,8,13,30.0,394.0,360.0,1.094444
G?bM\o,8,12,53.0,616.0,583.0,1.056604
G?bM\w,8,13,47.0,604.0,564.0,1.070922
G?bM\{,8,14,44.0,608.0,572.0,1.062937
G?bM][,8,13,17.0,234.0,204.0,1.147059
G?bM^[,8,14,28.0,399.0,364.0,1.096154
G?bM^k,8,14,44.0,608.0,572.0,1.062937
G?bM^o,8,13,47.0,601.0,564.0,1.065603
G?bM^w,8,14,44.0,608.0,572.0,1.062937
G?bM^{,8,15,41.0,612.0,574.0,1.066202
G?bNRg,8,12,47.0,580.0,517.0,1.121857
G?bNRk,8,13,45.0,592.0,540.0,1.096296
G?bNSw,8,12,50.0,589.0,550.0,1.070909
G?bNS{,8,13,46.0,591.0,552.0,1.070652
G?bNTW,8,12,30.0,382.0,330.0,1.157576
G?bNT[,8,13,29.0,396.0,348.0,1.137931
G?bNTo,8,12,50.0,606.0,550.0,1.101818
G?bNTs,8,13,46.0,608.0,552.0,1.101449
G?bNTw,8,13,45.0,599.0,540.0,1.109259
G?bNT{,8,14,43.0,612.0,559.0,1.094812
G?bNUW,8,12,32.0,387.0,352.0,1.099432
G?bNU[,8,13,30.0,394.0,360.0,1.094444
G?bNUo,8,12,50.0,587.0,550.0,1.067273
G?bNUs,8,13,46.0,589.0,552.0,1.067029
G?bNUw,8,13,48.0,611.0,576.0,1.060764
G?bNU{,8,14,44.0,609.0,572.0,1.064685
G?bNVO,8,12,31.0,389.0,341.0,1.140762
G?bNVS,8,13,30.0,404.0,360.0,1.122222
G?bNVW,8,13,29.0,395.0,348.0,1.135057
G?bNV[,8,14,28.0,408.0,364.0,1.120879
G?bNVg,8,13,45.0,594.0,540.0,1.1
G?bNVk,8,14,43.0,610.0,559.0,1.091234
G?bNVo,8,13,46.0,606.0,552.0,1.097826
G?bNVs,8,14,44.0,621.0,572.0,1.085664
G?bNVw,8,14,43.0,612.0,559.0,1.094812
G?bNV{,8,15,41.0,624.0,574.0,1.087108
G?bN\w,8,14,44.0,627.0,572.0,1.096154
G?bN\{,8,15,42.0,637.0,588.0,1.083333
G?bN]w,8,14,46.0,632.0,598.0,1.056856
G?bN]{,8,15,42.0,626.0,588.0,1.064626
G?bN^W,8,14,28.0,408.0,364.0,1.120879
G?bN^[,8,15,27.0,420.0,378.0,1.111111
G?bN^w,8,15,42.0,638.0,588.0,1.085034
G?bN^{,8,16,40.0,648.0,600.0,1.08
G?bNbg,8,12,46.0,586.0,506.0,1.158103
G?bNbk,8,13,45.0,613.0,540.0,1.135185
G?bNbo,8,12,46.0,585.0,506.0,1.156126
G?bNbs,8,13,45.0,609.0,540.0,1.127778
G?bNbw,8,13,43.0,592.0,516.0,1.147287
G?bNb{,8,14,42.0,615.0,546.0,1.126374
G?bNdW,8,12,47.0,584.0,517.0,1.129594
G?bNd[,8,13,45.0,597.0,540.0,1.105556
G?bNdo,8,12,47.0,599.0,517.0,1.158607
G?bNds,8,13,45.0,614.0,540.0,1.137037
G?bNdw,8,13,43.0,597.0,516.0,1.156977
G?bNd{,8,14,42.0,618.0,546.0,1.131868
G?bNeW,8,12,50.0,594.0,550.0,1.08
G?bNe[,8,13,47.0,598.0,564.0,1.060284
G?bNfO,8,12,48.0,589.0,528.0,1.11553
G?bNfS,8,13,46.0,602.0,552.0,1.09058
G?bNfW,8,13,46.0,612.0,552.0,1.108696
G?bNf[,8,14,44.0,622.0,572.0,1.087413
G?bNf_,8,12,48.0,605.0,528.0,1.145833
G?bNfc,8,13,47.0,633.0,564.0,1.12234
G?bNfg,8,13,45.0,612.0,540.0,1.133333
G?bNfk,8,14,44.0,638.0,572.0,1.115385
G?bNfo,8,13,45.0,612.0,540.0,1.133333
G?bNfs,8,14,44.0,635.0,572.0,1.11014
G?bNfw,8,14,42.0,618.0,546.0,1.131868
G?bNf{,8,15,41.0,638.0,574.0,1.111498
G?bNjw,8,14,42.0,614.0,546.0,1.124542
G?bNj{,8,15,41.0,638.0,574.0,1.111498
G?bNlw,8,14,42.0,618.0,546.0,1.131868
G?bNl{,8,15,41.0,640.0,574.0,1.114983
G?bNnW,8,14,44.0,623.0,572.0,1.089161
G?bNn[,8,15,42.0,637.0,588.0,1.083333
G?bNng,8,14,44.0,636.0,572.0,1.111888
G?bNnk,8,15,43.0,662.0,602.0,1.099668
G?bNnw,8,15,41.0,638.0,574.0,1.111498
G?bNn{,8,16,40.0,660.0,600.0,1.1
G?bNtw,8,14,42.0,618.0,546.0,1.131868
G?bNt{,8,15,41.0,640.0,574.0,1.114983
G?bNvW,8,14,44.0,625.0,572.0,1.092657
G?bNv[,8,15,42.0,637.0,588.0,1.083333
G?bNvg,8,14,42.0,615.0,546.0,1.126374
G?bNvk,8,15,41.0,638.0,574.0,1.111498
G?bNvo,8,14,44.0,637.0,572.0,1.113636
G?bNvs,8,15,43.0,661.0,602.0,1.098007
G?bNvw,8,15,41.0,639.0,574.0,1.11324
G?bNv{,8,16,40.0,660.0,600.0,1.1
G?bN~w,8,16,40.0,660.0,600.0,1.1
G?bN~{,8,17,39.0,680.0,624.0,1.089744
G?bark,8,12,46.0,594.0,506.0,1.173913
G?bat[,8,12,47.0,577.0,517.0,1.116054
G?batg,8,11,47.0,571.0,470.0,1.214894
G?batk,8,12,45.0,576.0,495.0,1.163636
G?bato,8,11,48.0,575.0,480.0,1.197917
G?batw,8,12,45.0,583.0,495.0,1.177778
G?bat{,8,13,43.0,592.0,516.0,1.147287
G?bau[,8,12,50.0,582.0,550.0,1.058182
G?bauk,8,12,47.0,578.0,517.0,1.117988
G?bavG,8,11,52.0,597.0,520.0,1.148077
G?bavK,8,12,48.0,585.0,528.0,1.107955
G?bavO,8,11,51.0,576.0,510.0,1.129412
G?bavS,8,12,47.0,578.0,517.0,1.117988
G?bavW,8,12,50.0,609.0,550.0,1.107273
G?bav[,8,13,46.0,603.0,552.0,1.092391
G?bav_,8,11,48.0,571.0,480.0,1.189583
G?bavc,8,12,46.0,586.0,506.0,1.158103
G?bavg,8,12,46.0,591.0,506.0,1.167984
G?bavk,8,13,44.0,601.0,528.0,1.138258
G?bavo,8,12,46.0,587.0,506.0,1.160079
G?bavw,8,13,44.0,602.0,528.0,1.140152
G?bav{,8,14,42.0,612.0,546.0,1.120879
G?ba|{,8,14,42.0,616.0,546.0,1.128205
G?ba~[,8,14,44.0,620.0,572.0,1.083916
G?ba~k,8,14,43.0,626.0,559.0,1.119857
G?ba~o,8,13,43.0,589.0,516.0,1.141473
G?ba~w,8,14,42.0,613.0,546.0,1.122711
G?ba~{,8,15,41.0,636.0,574.0,1.108014
G?bbRk,8,12,46.0,578.0,506.0,1.142292
G?bbS{,8,12,46.0,564.0,506.0,1.114625
G?bbU[,8,12,30.0,378.0,330.0,1.145455
G?bbUg,8,11,48.0,554.0,480.0,1.154167
G?bbUk,8,12,46.0,564.0,506.0,1.114625
G?bbUo,8,11,50.0,562.0,500.0,1.124
G?bbUw,8,12,46.0,566.0,506.0,1.118577
G?bbU{,8,13,44.0,581.0,528.0,1.100379
G?bbVG,8,11,31.0,368.0,310.0,1.187097
G?bbVK,8,12,30.0,380.0,330.0,1.151515
G?bbVO,8,11,31.0,364.0,310.0,1.174194
G?bbVW,8,12,30.0,377.0,330.0,1.142424
G?bbV[,8,13,29.0,390.0,348.0,1.12069
G?bbV_,8,11,48.0,552.0,480.0,1.15
G?bbVc,8,12,46.0,565.0,506.0,1.116601
G?bbVg,8,12,46.0,570.0,506.0,1.126482
G?bbVk,8,13,44.0,583.0,528.0,1.104167
G?bbVo,8,12,46.0,566.0,506.0,1.118577
G?bbVw,8,13,44.0,580.0,528.0,1.098485
G?bbV{,8,14,42.0,594.0,546.0,1.087912
G?bb]{,8,14,43.0,610.0,559.0,1.091234
G?bb^[,8,14,28.0,406.0,364.0,1.115385
G?bb^k,8,14,43.0,612.0,559.0,1.094812
G?bb^o,8,13,45.0,592.0,540.0,1.096296
G?bb^w,8,14,43.0,607.0,559.0,1.085868
G?bb^{,8,15,41.0,622.0,574.0,1.083624
G?bbao,8,10,52.0,575.0,468.0,1.228632
G?bbas,8,11,49.0,588.0,490.0,1.2
G?bbaw,8,11,49.0,580.0,490.0,1.183673
G?bba{,8,12,47.0,600.0,517.0,1.160542
G?bbbO,8,10,54.0,562.0,486.0,1.156379
G?bbbS,8,11,50.0,572.0,500.0,1.144
G?bbbW,8,11,53.0,595.0,530.0,1.122642
G?bbb[,8,12,49.0,602.0,539.0,1.116883
G?bbb_,8,10,60.0,566.0,540.0,1.048148
G?bbbc,8,11,59.0,610.0,590.0,1.033898
G?bbbg,8,11,54.0,567.0,540.0,1.05
G?bbbk,8,12,53.0,606.0,583.0,1.039451
G?bbbo,8,11,49.0,586.0,490.0,1.195918
G?bbbs,8,12,47.0,606.0,517.0,1.172147
G?bbbw,8,12,47.0,600.0,517.0,1.160542
G?bbb{,8,13,45.0,618.0,540.0,1.144444
G?bbcw,8,11,49.0,588.0,490.0,1.2
G?bbc{,8,12,46.0,586.0,506.0,1.158103
G?bbeW,8,11,54.0,610.0,540.0,1.12963
G?bbe[,8,12,48.0,589.0,528.0,1.11553
G?bbeg,8,11,51.0,578.0,510.0,1.133333
G?bbek,8,12,48.0,590.0,528.0,1.117424
G?bbeo,8,11,50.0,591.0,500.0,1.182
G?bbes,8,12,46.0,587.0,506.0,1.160079
G?bbew,8,12,47.0,600.0,517.0,1.160542
G?bbe{,8,13,44.0,603.0,528.0,1.142045
G?bbfG,8,11,57.0,604.0,570.0,1.059649
G?bbfK,8,12,51.0,600.0,561.0,1.069519
G?bbfO,8,11,53.0,593.0,530.0,1.118868
G?bbfS,8,12,47.0,579.0,517.0,1.119923
G?bbfW,8,12,52.0,628.0,572.0,1.097902
G?bbf[,8,13,46.0,609.0,552.0,1.103261
G?bbf_,8,11,52.0,586.0,520.0,1.126923
G?bbfc,8,12,49.0,600.0,539.0,1.113173
G?bbfg,8,12,50.0,607.0,550.0,1.103636
G?bbfk,8,13,47.0,618.0,564.0,1.095745
G?bbfo,8,12,47.0,598.0,517.0,1.156673
G?bbfs,8,13,44.0,602.0,528.0,1.140152
G?bbfw,8,13,45.0,615.0,540.0,1.138889
G?bbf{,8,14,42.0,616.0,546.0,1.128205
G?bbi{,8,13,45.0,617.0,540.0,1.142593
G?bbj[,8,13,45.0,605.0,540.0,1.12037
G?bbjg,8,12,51.0,583.0,561.0,1.039216
G?bbjk,8,13,50.0,620.0,600.0,1.033333
G?bbjw,8,13,45.0,618.0,540.0,1.144444
G?bbj{,8,14,43.0,634.0,559.0,1.134168
G?bbmw,8,13,45.0,616.0,540.0,1.140741
G?bbm{,8,14,43.0,628.0,559.0,1.123435
G?bbnW,8,13,48.0,630.0,576.0,1.09375
G?bbn[,8,14,44.0,626.0,572.0,1.094406
G?bbng,8,13,47.0,618.0,564.0,1.095745
G?bbnk,8,14,46.0,646.0,598.0,1.080268
G?bbno,8,13,44.0,605.0,528.0,1.145833
G?bbns,8,14,42.0,617.0,546.0,1.130037
G?bbnw,8,14,43.0,629.0,559.0,1.125224
G?bbn{,8,15,41.0,640.0,574.0,1.114983
G?bbq{,8,13,44.0,601.0,528.0,1.138258
G?bbr[,8,13,45.0,596.0,540.0,1.103704
G?bbrg,8,12,46.0,595.0,506.0,1.175889
G?bbrk,8,13,44.0,612.0,528.0,1.159091
G?bbro,8,12,46.0,589.0,506.0,1.164032
G?bbrs,8,13,45.0,615.0,540.0,1.138889
G?bbrw,8,13,44.0,601.0,528.0,1.138258
G?bbr{,8,14,43.0,626.0,559.0,1.119857
G?bbuw,8,13,43.0,592.0,516.0,1.147287
G?bbu{,8,14,42.0,614.0,546.0,1.124542
G?bbvW,8,13,46.0,607.0,552.0,1.099638
G?bbv[,8,14,44.0,618.0,572.0,1.08042
G?bbvg,8,13,43.0,596.0,516.0,1.155039
G?bbvk,8,14,42.0,616.0,546.0,1.128205
G?bbvo,8,13,44.0,601.0,528.0,1.138258
G?bbvs,8,14,43.0,623.0,559.0,1.11449
G?bbvw,8,14,42.0,613.0,546.0,1.122711
G?bbv{,8,15,41.0,634.0,574.0,1.10453
G?bbzw,8,14,43.0,626.0,559.0,1.119857
G?bbz{,8,15,42.0,651.0,588.0,1.107143
G?bb~w,8,15,41.0,635.0,574.0,1.106272
G?bb~{,8,16,40.0,658.0,600.0,1.096667
G?bcqs,8,11,51.0,588.0,510.0,1.152941
G?bcq{,8,12,47.0,578.0,517.0,1.117988
G?bcrO,8,10,54.0,564.0,486.0,1.160494
G?bcrS,8,11,48.0,553.0,480.0,1.152083
G?bcrW,8,11,53.0,594.0,530.0,1.120755
G?bcr[,8,12,47.0,579.0,517.0,1.119923
G?bcr_,8,10,53.0,596.0,477.0,1.249476
G?bcrc,8,11,48.0,572.0,480.0,1.191667
G?bcrg,8,11,50.0,601.0,500.0,1.202
G?bcrk,8,12,46.0,587.0,506.0,1.160079
G?bcro,8,11,48.0,573.0,480.0,1.19375
G?bcrs,8,12,45.0,582.0,495.0,1.175758
G?bcrw,8,12,46.0,588.0,506.0,1.162055
G?bcr{,8,13,43.0,593.0,516.0,1.149225
G?bcso,8,10,57.0,512.0,513.0,0.998051
G?bcss,8,11,56.0,557.0,560.0,0.994643
G?bcsw,8,11,51.0,556.0,510.0,1.090196
G?bcs{,8,12,50.0,588.0,550.0,1.069091
G?bcuW,8,11,54.0,582.0,540.0,1.077778
G?bcu[,8,12,50.0,588.0,550.0,1.069091
G?bcuk,8,12,48.0,588.0,528.0,1.113636
G?bcuo,8,11,52.0,589.0,520.0,1.132692
G?bcus,8,12,50.0,615.0,550.0,1.118182
G?bcuw,8,12,48.0,589.0,528.0,1.11553
G?bcu{,8,13,46.0,607.0,552.0,1.099638
G?bcvG,8,11,55.0,616.0,550.0,1.12
G?bcvK,8,12,49.0,596.0,539.0,1.105751
G?bcvO,8,11,53.0,593.0,530.0,1.118868
G?bcvS,8,12,47.0,585.0,517.0,1.131528
G?bcvW,8,12,52.0,626.0,572.0,1.094406
G?bcv[,8,13,46.0,609.0,552.0,1.103261
G?bcv_,8,11,50.0,589.0,500.0,1.178
G?bcvc,8,12,47.0,598.0,517.0,1.156673
G?bcvg,8,12,48.0,608.0,528.0,1.151515
G?bcvk,8,13,45.0,612.0,540.0,1.133333
G?bcvo,8,12,47.0,600.0,517.0,1.160542
G?bcvs,8,13,44.0,608.0,528.0,1.151515
G?bcvw,8,13,45.0,614.0,540.0,1.137037
G?bcv{,8,14,42.0,616.0,546.0,1.128205
G?bcz[,8,13,45.0,594.0,540.0,1.1
G?bczg,8,12,47.0,599.0,517.0,1.158607
G?bczk,8,13,45.0,612.0,540.0,1.133333
G?bczo,8,12,44.0,569.0,484.0,1.17562
G?bczs,8,13,43.0,592.0,516.0,1.147287
G?bczw,8,13,43.0,593.0,516.0,1.149225
G?bcz{,8,14,42.0,616.0,546.0,1.128205
G?bc{w,8,12,48.0,564.0,528.0,1.068182
G?bc{{,8,13,47.0,598.0,564.0,1.060284
G?bc}w,8,13,45.0,594.0,540.0,1.1
G?bc}{,8,14,44.0,622.0,572.0,1.087413
G?bc~W,8,13,46.0,609.0,552.0,1.103261
G?bc~[,8,14,44.0,622.0,572.0,1.087413
G?bc~g,8,13,45.0,612.0,540.0,1.133333
G?bc~k,8,14,44.0,636.0,572.0,1.111888
G?bc~o,8,13,43.0,592.0,516.0,1.147287
G?bc~s,8,14,42.0,616.0,546.0,1.128205
G?bc~w,8,14,42.0,616.0,546.0,1.128205
G?bc~{,8,15,41.0,638.0,574.0,1.111498
G?bePo,8,10,53.0,562.0,477.0,1.178197
G?bePs,8,11,48.0,554.0,480.0,1.154167
G?bePw,8,11,49.0,558.0,490.0,1.138776
G?beP{,8,12,46.0,565.0,506.0,1.116601
G?beQo,8,10,54.0,541.0,486.0,1.113169
G?beQs,8,11,52.0,567.0,520.0,1.090385
G?beQw,8,11,50.0,539.0,500.0,1.078
G?beQ{,8,12,48.0,565.0,528.0,1.070076
G?beRO,8,10,33.0,355.0,297.0,1.195286
G?beRS,8,11,31.0,364.0,310.0,1.174194
G?beRW,8,11,32.0,370.0,320.0,1.15625
G?beR[,8,12,30.0,379.0,330.0,1.148485
G?beR_,8,10,56.0,585.0,504.0,1.160714
G?beRc,8,11,49.0,557.0,490.0,1.136735
G?beRg,8,11,52.0,588.0,520.0,1.130769
G?beRk,8,12,47.0,577.0,517.0,1.116054
G?beRo,8,11,49.0,556.0,490.0,1.134694
G?beRs,8,12,46.0,565.0,506.0,1.116601
G?beRw,8,12,47.0,572.0,517.0,1.106383
G?beR{,8,13,44.0,582.0,528.0,1.102273
G?beSo,8,10,56.0,558.0,504.0,1.107143
G?beSs,8,11,52.0,574.0,520.0,1.103846
G?beSw,8,11,50.0,543.0,500.0,1.086
G?beS{,8,12,48.0,568.0,528.0,1.075758
G?beTO,8,10,34.0,365.0,306.0,1.19281
G?beTS,8,11,31.0,369.0,310.0,1.190323
G?beTW,8,11,32.0,374.0,320.0,1.16875
G?beT[,8,12,30.0,382.0,330.0,1.157576
G?beTg,8,11,50.0,569.0,500.0,1.138
G?beTk,8,12,47.0,574.0,517.0,1.110251
G?beTo,8,11,51.0,573.0,510.0,1.123529
G?beTs,8,12,46.0,572.0,506.0,1.130435
G?beTw,8,12,47.0,577.0,517.0,1.116054
G?beT{,8,13,44.0,585.0,528.0,1.107955
G?beUS,8,11,34.0,380.0,340.0,1.117647
G?beUW,8,11,33.0,364.0,330.0,1.10303
G?beU[,8,12,32.0,385.0,352.0,1.09375
G?beUg,8,11,50.0,545.0,500.0,1.09
G?beUk,8,12,48.0,569.0,528.0,1.077652
G?beUo,8,11,52.0,562.0,520.0,1.080769
G?beUs,8,12,50.0,590.0,550.0,1.072727
G?beUw,8,12,48.0,564.0,528.0,1.068182
G?beU{,8,13,46.0,588.0,552.0,1.065217
G?beVG,8,11,33.0,382.0,330.0,1.157576
G?beVK,8,12,31.0,390.0,341.0,1.143695
G?beVO,8,11,32.0,373.0,320.0,1.165625
G?beVS,8,12,30.0,382.0,330.0,1.157576
G?beVW,8,12,31.0,387.0,341.0,1.134897
G?beV[,8,13,29.0,394.0,348.0,1.132184
G?beV_,8,11,50.0,566.0,500.0,1.132
G?beVc,8,12,47.0,575.0,517.0,1.112186
G?beVg,8,12,48.0,586.0,528.0,1.109848
G?beVk,8,13,45.0,594.0,540.0,1.1
G?beVo,8,12,47.0,576.0,517.0,1.11412
G?beVs,8,13,44.0,586.0,528.0,1.109848
G?beVw,8,13,45.0,591.0,540.0,1.094444
G?beV{,8,14,42.0,598.0,546.0,1.095238
G?beX{,8,13,45.0,594.0,540.0,1.1
G?beY{,8,13,46.0,588.0,552.0,1.065217
G?beZ[,8,13,29.0,394.0,348.0,1.132184
G?beZg,8,12,50.0,608.0,550.0,1.105455
G?beZk,8,13,46.0,607.0,552.0,1.099638
G?beZo,8,12,47.0,579.0,517.0,1.119923
G?beZs,8,13,45.0,593.0,540.0,1.098148
G?beZw,8,13,45.0,594.0,540.0,1.1
G?beZ{,8,14,43.0,610.0,559.0,1.091234
G?be[w,8,12,48.0,569.0,528.0,1.077652
G?be[{,8,13,46.0,590.0,552.0,1.068841
G?be\W,8,12,30.0,382.0,330.0,1.157576
G?be\[,8,13,29.0,396.0,348.0,1.137931
G?be\w,8,13,45.0,598.0,540.0,1.107407
G?be\{,8,14,43.0,612.0,559.0,1.094812
G?be]W,8,12,31.0,375.0,341.0,1.099707
G?be][,8,13,30.0,394.0,360.0,1.094444
G?be]w,8,13,46.0,588.0,552.0,1.065217
G?be]{,8,14,44.0,609.0,572.0,1.064685
G?be^W,8,13,29.0,394.0,348.0,1.132184
G?be^[,8,14,28.0,408.0,364.0,1.120879
G?be^g,8,13,46.0,607.0,552.0,1.099638
G?be^k,8,14,44.0,622.0,572.0,1.087413
G?be^o,8,13,45.0,595.0,540.0,1.101852
G?be^s,8,14,43.0,611.0,559.0,1.093023
G?be^w,8,14,43.0,610.0,559.0,1.091234
G?be^{,8,15,41.0,624.0,574.0,1.087108
G?be`o,8,10,50.0,557.0,450.0,1.237778
G?be`w,8,11,47.0,562.0,470.0,1.195745
G?be`{,8,12,45.0,576.0,495.0,1.163636
G?bebO,8,10,52.0,544.0,468.0,1.162393
G?bebS,8,11,48.0,545.0,480.0,1.135417
G?bebW,8,11,51.0,576.0,510.0,1.129412
G?beb[,8,12,47.0,577.0,517.0,1.116054
G?beb_,8,10,54.0,564.0,486.0,1.160494
G?bebg,8,11,50.0,571.0,500.0,1.142
G?bebk,8,12,48.0,590.0,528.0,1.117424
G?bebo,8,11,47.0,561.0,470.0,1.193617
G?bebw,8,12,45.0,576.0,495.0,1.163636
G?beb{,8,13,43.0,592.0,516.0,1.147287
G?bedO,8,10,54.0,562.0,486.0,1.156379
G?bedS,8,11,49.0,554.0,490.0,1.130612
G?bedW,8,11,52.0,588.0,520.0,1.130769
G?bed[,8,12,48.0,585.0,528.0,1.107955
G?bed_,8,10,52.0,540.0,468.0,1.153846
G?bedg,8,11,49.0,554.0,490.0,1.130612
G?bedk,8,12,47.0,574.0,517.0,1.110251
G?bedo,8,11,49.0,579.0,490.0,1.181633
G?bedw,8,12,46.0,587.0,506.0,1.160079
G?bed{,8,13,44.0,601.0,528.0,1.138258
G?beeO,8,10,54.0,535.0,486.0,1.100823
G?beeW,8,11,52.0,561.0,520.0,1.078846
G?bee[,8,12,50.0,584.0,550.0,1.061818
G?befG,8,11,53.0,570.0,530.0,1.075472
G?befK,8,12,49.0,577.0,539.0,1.070501
G?befO,8,11,51.0,574.0,510.0,1.12549
G?befS,8,12,47.0,576.0,517.0,1.11412
G?befW,8,12,50.0,607.0,550.0,1.103636
G?bef[,8,13,46.0,605.0,552.0,1.096014
G?bef_,8,11,50.0,564.0,500.0,1.128
G?befg,8,12,48.0,584.0,528.0,1.106061
G?befk,8,13,46.0,603.0,552.0,1.092391
G?befo,8,12,46.0,587.0,506.0,1.160079
G?befw,8,13,44.0,602.0,528.0,1.140152
G?bef{,8,14,42.0,614.0,546.0,1.124542
G?beh{,8,13,44.0,601.0,528.0,1.138258
G?bej[,8,13,45.0,594.0,540.0,1.1
G?bejk,8,13,47.0,618.0,564.0,1.095745
G?bejo,8,12,44.0,571.0,484.0,1.179752
G?bejw,8,13,43.0,592.0,516.0,1.147287
G?bej{,8,14,42.0,616.0,546.0,1.128205
G?bel[,8,13,46.0,603.0,552.0,1.092391
G?belk,8,13,46.0,603.0,552.0,1.092391
G?bel{,8,14,43.0,626.0,559.0,1.119857
G?bem[,8,13,46.0,590.0,552.0,1.068841
G?ben[,8,14,44.0,622.0,572.0,1.087413
G?benk,8,14,45.0,632.0,585.0,1.080342
G?beno,8,13,43.0,593.0,516.0,1.149225
G?benw,8,14,42.0,616.0,546.0,1.128205
G?ben{,8,15,41.0,638.0,574.0,1.111498
G?bepw,8,12,45.0,578.0,495.0,1.167677
G?bep{,8,13,43.0,593.0,516.0,1.149225
G?beq{,8,13,46.0,605.0,552.0,1.096014
G?berW,8,12,49.0,593.0,539.0,1.100186
G?ber[,8,13,45.0,595.0,540.0,1.101852
G?berg,8,12,47.0,602.0,517.0,1.16441
G?berk,8,13,44.0,604.0,528.0,1.143939
G?bero,8,12,46.0,587.0,506.0,1.160079
G?bers,8,13,44.0,602.0,528.0,1.140152
G?berw,8,13,44.0,601.0,528.0,1.138258
G?ber{,8,14,42.0,615.0,546.0,1.126374
G?besw,8,12,47.0,577.0,517.0,1.116054
G?bes{,8,13,46.0,608.0,552.0,1.101449
G?betW,8,12,49.0,597.0,539.0,1.107607
G?bet[,8,13,45.0,599.0,540.0,1.109259
G?betg,8,12,46.0,589.0,506.0,1.164032
G?betk,8,13,44.0,603.0,528.0,1.142045
G?beto,8,12,47.0,601.0,517.0,1.162476
G?bets,8,13,44.0,608.0,528.0,1.151515
G?betw,8,13,44.0,605.0,528.0,1.145833
G?bet{,8,14,42.0,618.0,546.0,1.131868
G?beuW,8,12,50.0,584.0,550.0,1.061818
G?beu[,8,13,48.0,609.0,576.0,1.057292
G?beuk,8,13,46.0,609.0,552.0,1.103261
G?beuo,8,12,50.0,607.0,550.0,1.103636
G?beus,8,13,49.0,641.0,588.0,1.090136
G?beuw,8,13,46.0,604.0,552.0,1.094203
G?beu{,8,14,45.0,634.0,585.0,1.083761
G?bevW,8,13,48.0,626.0,576.0,1.086806
G?bev[,8,14,44.0,624.0,572.0,1.090909
G?bevg,8,13,45.0,615.0,540.0,1.138889
G?bevk,8,14,43.0,628.0,559.0,1.123435
G?bevo,8,13,45.0,614.0,540.0,1.137037
G?bevs,8,14,43.0,629.0,559.0,1.125224
G?bevw,8,14,43.0,626.0,559.0,1.119857
G?bev{,8,15,41.0,638.0,574.0,1.111498
G?bezw,8,14,42.0,615.0,546.0,1.126374
G?bez{,8,15,41.0,638.0,574.0,1.111498
G?be|w,8,14,42.0,618.0,546.0,1.131868
G?be|{,8,15,41.0,640.0,574.0,1.114983
G?be}w,8,14,44.0,620.0,572.0,1.083916
G?be}{,8,15,43.0,648.0,602.0,1.076412
G?be~w,8,15,41.0,638.0,574.0,1.111498
G?be~{,8,16,40.0,660.0,600.0,1.1
G?bfAo,8,10,53.0,560.0,477.0,1.174004
G?bfAw,8,11,49.0,556.0,490.0,1.134694
G?bfA{,8,12,47.0,573.0,517.0,1.108317
G?bfBO,8,10,32.0,352.0,288.0,1.222222
G?bfBW,8,11,31.0,364.0,310.0,1.174194
G?bfB[,8,12,30.0,380.0,330.0,1.151515
G?bfB_,8,10,58.0,564.0,522.0,1.08046
G?bfBg,8,11,52.0,565.0,520.0,1.086538
G?bfBk,8,12,50.0,586.0,550.0,1.065455
G?bfBo,8,11,48.0,553.0,480.0,1.152083
G?bfBw,8,12,46.0,565.0,506.0,1.116601
G?bfB{,8,13,44.0,584.0,528.0,1.106061
G?bfCo,8,10,56.0,582.0,504.0,1.154762
G?bfCw,8,11,50.0,567.0,500.0,1.134
G?bfC{,8,12,48.0,580.0,528.0,1.098485
G?bfEW,8,11,32.0,373.0,320.0,1.165625
G?bfE[,8,12,31.0,388.0,341.0,1.13783
G?bfEg,8,11,50.0,543.0,500.0,1.086
G?bfEk,8,12,48.0,565.0,528.0,1.070076
G?bfEo,8,11,51.0,572.0,510.0,1.121569
G?bfEw,8,12,47.0,576.0,517.0,1.11412
G?bfE{,8,13,45.0,592.0,540.0,1.096296
G?bfFG,8,11,33.0,367.0,330.0,1.112121
G?bfFK,8,12,32.0,385.0,352.0,1.09375
G?bfFO,8,11,31.0,368.0,310.0,1.187097
G?bfFW,8,12,30.0,381.0,330.0,1.154545
G?bfF[,8,13,29.0,394.0,348.0,1.132184
G?bfF_,8,11,50.0,550.0,500.0,1.1
G?bfFg,8,12,48.0,567.0,528.0,1.073864
G?bfFk,8,13,46.0,588.0,552.0,1.065217
G?bfFo,8,12,46.0,570.0,506.0,1.126482
G?bfFw,8,13,44.0,584.0,528.0,1.106061
G?bfF{,8,14,42.0,598.0,546.0,1.095238
G?bfI{,8,13,46.0,604.0,552.0,1.094203
G?bfJ[,8,13,29.0,396.0,348.0,1.137931
G?bfJk,8,13,49.0,620.0,588.0,1.054422
G?bfJo,8,12,47.0,584.0,517.0,1.129594
G?bfJw,8,13,45.0,595.0,540.0,1.101852
G?bfJ{,8,14,43.0,613.0,559.0,1.096601
G?bfK{,8,13,47.0,612.0,564.0,1.085106
G?bfM[,8,13,30.0,405.0,360.0,1.125
G?bfMk,8,13,47.0,599.0,564.0,1.062057
G?bfMo,8,12,50.0,606.0,550.0,1.101818
G?bfMw,8,13,46.0,607.0,552.0,1.099638
G?bfM{,8,14,44.0,622.0,572.0,1.087413
G?bfNK,8,13,31.0,405.0,372.0,1.08871
G?bfN[,8,14,28.0,410.0,364.0,1.126374
G?bfNk,8,14,45.0,621.0,585.0,1.061538
G?bfNo,8,13,45.0,598.0,540.0,1.107407
G?bfNw,8,14,43.0,612.0,559.0,1.094812
G?bfN{,8,15,41.0,626.0,574.0,1.090592
G?bfQw,8,12,47.0,574.0,517.0,1.110251
G?bfQ{,8,13,45.0,591.0,540.0,1.094444
G?bfRW,8,12,30.0,376.0,330.0,1.139394
G?bfR[,8,13,29.0,391.0,348.0,1.123563
G?bfRg,8,12,49.0,598.0,539.0,1.109462
G?bfRk,8,13,45.0,597.0,540.0,1.105556
G?bfRo,8,12,47.0,579.0,517.0,1.119923
G?bfRs,8,13,45.0,591.0,540.0,1.094444
G?bfRw,8,13,45.0,591.0,540.0,1.094444
G?bfR{,8,14,43.0,607.0,559.0,1.085868
G?bfSw,8,12,47.0,578.0,517.0,1.117988
G?bfS{,8,13,45.0,594.0,540.0,1.1
G?bfUW,8,12,30.0,379.0,330.0,1.148485
G?bfU[,8,13,29.0,394.0,348.0,1.132184
G?bfUg,8,12,47.0,579.0,517.0,1.119923
G?bfUk,8,13,45.0,594.0,540.0,1.1
G?bfUo,8,12,49.0,596.0,539.0,1.105751
G?bfUs,8,13,45.0,598.0,540.0,1.107407
G?bfUw,8,13,45.0,595.0,540.0,1.101852
G?bfU{,8,14,43.0,610.0,559.0,1.091234
G?bfVG,8,12,30.0,382.0,330.0,1.157576
G?bfVK,8,13,29.0,396.0,348.0,1.137931
G?bfVO,8,12,30.0,381.0,330.0,1.154545
G?bfVS,8,13,29.0,395.0,348.0,1.135057
G?bfVW,8,13,29.0,392.0,348.0,1.126437
G?bfV[,8,14,28.0,406.0,364.0,1.115385
G?bfVg,8,13,45.0,598.0,540.0,1.107407
G?bfVk,8,14,43.0,612.0,559.0,1.094812
G?bfVo,8,13,45.0,597.0,540.0,1.105556
G?bfVs,8,14,43.0,611.0,559.0,1.093023
G?bfVw,8,14,43.0,608.0,559.0,1.087657
G?bfV{,8,15,41.0,622.0,574.0,1.083624
G?bfZw,8,14,44.0,620.0,572.0,1.083916
G?bfZ{,8,15,42.0,635.0,588.0,1.079932
G?bf]w,8,14,44.0,624.0,572.0,1.090909
G?bf]{,8,15,42.0,637.0,588.0,1.083333
G?bf^W,8,14,28.0,406.0,364.0,1.115385
G?bf^[,8,15,27.0,420.0,378.0,1.111111
G?bf^w,8,15,42.0,635.0,588.0,1.079932
G?bf^{,8,16,40.0,648.0,600.0,1.08
G?bfaw,8,12,45.0,575.0,495.0,1.161616
G?bfa{,8,13,44.0,601.0,528.0,1.138258
G?bfbW,8,12,47.0,579.0,517.0,1.119923
G?bfb[,8,13,45.0,595.0,540.0,1.101852
G?bfbg,8,12,48.0,590.0,528.0,1.117424
G?bfbk,8,13,47.0,618.0,564.0,1.095745
G?bfbo,8,12,45.0,580.0,495.0,1.171717
G?bfbs,8,13,44.0,601.0,528.0,1.138258
G?bfbw,8,13,43.0,592.0,516.0,1.147287
G?bfb{,8,14,42.0,616.0,546.0,1.128205
G?bfcw,8,12,46.0,585.0,506.0,1.156126
G?bfc{,8,13,45.0,610.0,540.0,1.12963
G?bfeW,8,12,48.0,589.0,528.0,1.11553
G?bfe[,8,13,46.0,604.0,552.0,1.094203
G?bfeg,8,12,47.0,575.0,517.0,1.112186
G?bfek,8,13,46.0,603.0,552.0,1.092391
G?bfeo,8,12,47.0,598.0,517.0,1.156673
G?bfes,8,13,45.0,613.0,540.0,1.135185
G?bfew,8,13,44.0,603.0,528.0,1.142045
G?bfe{,8,14,43.0,626.0,559.0,1.119857
G?bffG,8,12,49.0,581.0,539.0,1.077922
G?bffK,8,13,47.0,599.0,564.0,1.062057
G?bffO,8,12,47.0,583.0,517.0,1.12766
G?bffS,8,13,45.0,595.0,540.0,1.101852
G?bffW,8,13,46.0,611.0,552.0,1.106884
G?bff[,8,14,44.0,622.0,572.0,1.087413
G?bff_,8,12,48.0,588.0,528.0,1.113636
G?bffc,8,13,47.0,614.0,564.0,1.088652
G?bffg,8,13,46.0,605.0,552.0,1.096014
G?bffk,8,14,45.0,632.0,585.0,1.080342
G?bffo,8,13,44.0,605.0,528.0,1.145833
G?bffs,8,14,43.0,627.0,559.0,1.121646
G?bffw,8,14,42.0,617.0,546.0,1.130037
G?bff{,8,15,41.0,638.0,574.0,1.111498
G?bfjw,8,14,42.0,616.0,546.0,1.128205
G?bfj{,8,15,41.0,640.0,574.0,1.114983
G?bfmw,8,14,43.0,628.0,559.0,1.123435
G?bfm{,8,15,42.0,651.0,588.0,1.107143
G?bfnW,8,14,44.0,626.0,572.0,1.094406
G?bfn[,8,15,42.0,639.0,588.0,1.086735
G?bfng,8,14,45.0,632.0,585.0,1.080342
G?bfnk,8,15,44.0,661.0,616.0,1.073052
G?bfnw,8,15,41.0,640.0,574.0,1.114983
G?bfn{,8,16,40.0,662.0,600.0,1.103333
G?bfrw,8,14,42.0,612.0,546.0,1.120879
G?bfr{,8,15,41.0,635.0,574.0,1.106272
G?bfuw,8,14,42.0,615.0,546.0,1.126374
G?bfu{,8,15,41.0,638.0,574.0,1.111498
G?bfvW,8,14,44.0,622.0,572.0,1.087413
G?bfv[,8,15,42.0,635.0,588.0,1.079932
G?bfvg,8,14,42.0,618.0,546.0,1.131868
G?bfvk,8,15,41.0,640.0,574.0,1.114983
G?bfvo,8,14,43.0,627.0,559.0,1.121646
G?bfvs,8,15,42.0,650.0,588.0,1.105442
G?bfvw,8,15,41.0,636.0,574.0,1.108014
G?bfv{,8,16,40.0,658.0,600.0,1.096667
G?bf~w,8,16,40.0,658.0,600.0,1.096667
G?bf~{,8,17,39.0,680.0,624.0,1.089744
G?bmto,8,13,46.0,629.0,552.0,1.139493
G?bmtw,8,14,43.0,632.0,559.0,1.13059
G?bmt{,8,15,41.0,642.0,574.0,1.118467
G?bmvW,8,14,47.0,659.0,611.0,1.07856
G?bmv[,8,15,43.0,652.0,602.0,1.083056
G?bmvo,8,14,44.0,641.0,572.0,1.120629
G?bmvw,8,15,42.0,653.0,588.0,1.110544
G?bmv{,8,16,40.0,662.0,600.0,1.103333
G?bm|{,8,16,40.0,662.0,600.0,1.103333
G?bm~{,8,17,39.0,682.0,624.0,1.092949
G?bnUo,8,13,48.0,628.0,576.0,1.090278
G?bnUw,8,14,44.0,625.0,572.0,1.092657
G?bnU{,8,15,42.0,637.0,588.0,1.083333
G?bnVO,8,13,29.0,396.0,348.0,1.137931
G?bnVW,8,14,28.0,408.0,364.0,1.120879
G?bnV[,8,15,27.0,420.0,378.0,1.111111
G?bnVo,8,14,44.0,626.0,572.0,1.094406
G?bnVw,8,15,42.0,637.0,588.0,1.083333
G?bnV{,8,16,40.0,648.0,600.0,1.08
G?bn]{,8,16,41.0,662.0,615.0,1.076423
G?bn^[,8,16,26.0,432.0,390.0,1.107692
G?bn^{,8,17,39.0,672.0,624.0,1.076923
G?bnuw,8,15,41.0,641.0,574.0,1.116725
G?bnu{,8,16,40.0,662.0,600.0,1.103333
G?bnvW,8,15,43.0,652.0,602.0,1.083056
G?bnv[,8,16,41.0,662.0,615.0,1.076423
G?bnvo,8,15,42.0,653.0,588.0,1.110544
G?bnvs,8,16,41.0,674.0,615.0,1.095935
G?bnvw,8,16,40.0,662.0,600.0,1.103333
G?bnv{,8,17,39.0,682.0,624.0,1.092949
G?bn~w,8,17,39.0,682.0,624.0,1.092949
G?bn~{,8,18,38.0,702.0,646.0,1.086687
G?brv[,8,15,41.0,636.0,574.0,1.108014
G?brvg,8,14,42.0,621.0,546.0,1.137363
G?brvk,8,15,41.0,640.0,574.0,1.114983
G?brvo,8,14,42.0,617.0,546.0,1.130037
G?brvw,8,15,41.0,636.0,574.0,1.108014
G?brv{,8,16,40.0,656.0,600.0,1.093333
G?br~{,8,17,39.0,680.0,624.0,1.089744
G?bvRo,8,13,44.0,603.0,528.0,1.142045
G?bvRs,8,14,42.0,615.0,546.0,1.126374
G?bvRw,8,14,43.0,624.0,559.0,1.116279
G?bvR{,8,15,41.0,637.0,574.0,1.109756
G?bvUo,8,13,45.0,616.0,540.0,1.140741
G?bvUs,8,14,42.0,620.0,546.0,1.135531
G?bvUw,8,14,43.0,628.0,559.0,1.123435
G?bvU{,8,15,41.0,640.0,574.0,1.114983
G?bvVO,8,13,46.0,611.0,552.0,1.106884
G?bvVS,8,14,45.0,640.0,585.0,1.094017
G?bvVW,8,14,44.0,620.0,572.0,1.083916
G?bvV[,8,15,43.0,648.0,602.0,1.076412
G?bvVg,8,14,44.0,641.0,572.0,1.120629
G?bvVk,8,15,42.0,653.0,588.0,1.110544
G?bvVo,8,14,43.0,629.0,559.0,1.125224
G?bvVs,8,15,41.0,641.0,574.0,1.116725
G?bvVw,8,15,42.0,649.0,588.0,1.103741
G?bvV{,8,16,40.0,660.0,600.0,1.1
G?bvZ{,8,16,40.0,660.0,600.0,1.1
G?bv]w,8,15,41.0,640.0,574.0,1.114983
G?bv]{,8,16,40.0,662.0,600.0,1.103333
G?bv^W,8,15,42.0,635.0,588.0,1.079932
G?bv^[,8,16,41.0,662.0,615.0,1.076423
G?bv^w,8,16,40.0,660.0,600.0,1.1
G?bv^{,8,17,39.0,682.0,624.0,1.092949
G?bvbo,8,13,43.0,599.0,516.0,1.160853
G?bvbw,8,14,42.0,617.0,546.0,1.130037
G?bvb{,8,15,41.0,640.0,574.0,1.114983
G?bvfO,8,13,45.0,617.0,540.0,1.142593
G?bvfW,8,14,43.0,629.0,559.0,1.125224
G?bvf[,8,15,42.0,651.0,588.0,1.107143
G?bvf_,8,13,46.0,612.0,552.0,1.108696
G?bvfg,8,14,45.0,635.0,585.0,1.08547
G?bvfk,8,15,44.0,661.0,616.0,1.073052
G?bvfo,8,14,42.0,623.0,546.0,1.141026
G?bvfw,8,15,41.0,642.0,574.0,1.118467
G?bvf{,8,16,40.0,662.0,600.0,1.103333
G?bvj{,8,16,40.0,664.0,600.0,1.106667
G?bvn[,8,16,41.0,676.0,615.0,1.099187
G?bvnk,8,16,43.0,690.0,645.0,1.069767
G?bvn{,8,17,39.0,686.0,624.0,1.099359
G?bvrw,8,15,41.0,635.0,574.0,1.106272
G?bvr{,8,16,40.0,657.0,600.0,1.095
G?bvvW,8,15,41.0,638.0,574.0,1.111498
G?bvv[,8,16,40.0,660.0,600.0,1.1
G?bvvg,8,15,41.0,643.0,574.0,1.120209
G?bvvk,8,16,40.0,664.0,600.0,1.106667
G?bvvo,8,15,41.0,642.0,574.0,1.118467
G?bvvs,8,16,40.0,662.0,600.0,1.103333
G?bvvw,8,16,40.0,659.0,600.0,1.098333
G?bvv{,8,17,39.0,680.0,624.0,1.089744
G?bv~w,8,17,39.0,680.0,624.0,1.089744
G?bv~{,8,18,38.0,702.0,646.0,1.086687
G?b~vo,8,16,40.0,665.0,600.0,1.108333
G?b~vw,8,17,39.0,683.0,624.0,1.094551
G?b~v{,8,18,38.0,702.0,646.0,1.086687
G?b~~{,8,19,37.0,722.0,666.0,1.084084
G?otYw,8,12,46.0,588.0,506.0,1.162055
G?otY{,8,13,45.0,614.0,540.0,1.137037
G?ot[{,8,13,46.0,611.0,552.0,1.106884
G?ot\[,8,13,49.0,620.0,588.0,1.054422
G?ot]w,8,13,44.0,605.0,528.0,1.145833
G?ot]{,8,14,43.0,630.0,559.0,1.127013
G?ot^W,8,13,46.0,605.0,552.0,1.096014
G?ot^[,8,14,45.0,636.0,585.0,1.087179
G?ot^o,8,13,44.0,605.0,528.0,1.145833
G?ot^s,8,14,43.0,631.0,559.0,1.128801
G?ot^w,8,14,42.0,616.0,546.0,1.128205
G?ot^{,8,15,41.0,640.0,574.0,1.114983
G?ouPg,8,10,14.0,150.0,126.0,1.190476
G?ouPw,8,11,54.0,588.0,540.0,1.088889
G?ouP{,8,12,50.0,630.0,550.0,1.145455
G?ouT[,8,12,51.0,628.0,561.0,1.11943
G?ouTg,8,11,58.0,624.0,580.0,1.075862
G?ouTs,8,12,51.0,653.0,561.0,1.163993
G?ouTw,8,12,50.0,638.0,550.0,1.16
G?ouT{,8,13,46.0,632.0,552.0,1.144928
G?ouUS,8,11,15.0,168.0,150.0,1.12
G?ouU[,8,12,52.0,574.0,572.0,1.003497
G?ouVG,8,11,55.0,624.0,550.0,1.134545
G?ouVS,8,12,57.0,605.0,627.0,0.964912
G?ouVW,8,12,51.0,628.0,561.0,1.11943
G?ouV[,8,13,47.0,632.0,564.0,1.120567
G?ouV_,8,11,55.0,650.0,550.0,1.181818
G?ouVg,8,12,50.0,638.0,550.0,1.16
G?ouVo,8,12,51.0,653.0,561.0,1.163993
G?ouVs,8,13,47.0,656.0,564.0,1.163121
G?ouVw,8,13,46.0,632.0,552.0,1.144928
G?ouV{,8,14,42.0,626.0,546.0,1.14652
G?ouXw,8,12,48.0,606.0,528.0,1.147727
G?ouX{,8,13,47.0,632.0,564.0,1.120567
G?ou\[,8,13,47.0,618.0,564.0,1.095745
G?ou\w,8,13,45.0,615.0,540.0,1.138889
G?ou\{,8,14,44.0,640.0,572.0,1.118881
G?ou][,8,13,49.0,620.0,588.0,1.054422
G?ou^W,8,13,46.0,607.0,552.0,1.099638
G?ou^[,8,14,45.0,636.0,585.0,1.087179
G?ou^g,8,13,45.0,615.0,540.0,1.138889
G?ou^k,8,14,44.0,640.0,572.0,1.118881
G?ou^o,8,13,43.0,600.0,516.0,1.162791
G?ou^s,8,14,42.0,625.0,546.0,1.144689
G?ou^w,8,14,42.0,619.0,546.0,1.1337
G?ou^{,8,15,41.0,642.0,574.0,1.118467
G?ov@g,8,10,63.0,619.0,567.0,1.091711
G?ov@k,8,11,55.0,650.0,550.0,1.181818
G?ov@w,8,11,50.0,598.0,500.0,1.196
G?ov@{,8,12,48.0,609.0,528.0,1.153409
G?ovCw,8,11,49.0,585.0,490.0,1.193878
G?ovC{,8,12,47.0,599.0,517.0,1.158607
G?ovDW,8,11,51.0,577.0,510.0,1.131373
G?ovD[,8,12,50.0,609.0,550.0,1.107273
G?ovD_,8,10,56.0,608.0,504.0,1.206349
G?ovDc,8,11,52.0,614.0,520.0,1.180769
G?ovDg,8,11,53.0,626.0,530.0,1.181132
G?ovDk,8,12,49.0,626.0,539.0,1.16141
G?ovDo,8,11,50.0,592.0,500.0,1.184
G?ovDs,8,12,48.0,612.0,528.0,1.159091
G?ovDw,8,12,47.0,599.0,517.0,1.158607
G?ovD{,8,13,45.0,615.0,540.0,1.138889
G?ovEO,8,10,65.0,559.0,585.0,0.955556
G?ovES,8,11,61.0,582.0,610.0,0.954098
G?ovEW,8,11,50.0,581.0,500.0,1.162
G?ovE[,8,12,49.0,607.0,539.0,1.12616
G?ovEc,8,11,51.0,608.0,510.0,1.192157
G?ovEg,8,11,49.0,584.0,490.0,1.191837
G?ovEk,8,12,47.0,599.0,517.0,1.158607
G?ovEo,8,11,51.0,620.0,510.0,1.215686
G?ovEs,8,12,48.0,626.0,528.0,1.185606
G?ovEw,8,12,46.0,593.0,506.0,1.171937
G?ovE{,8,13,44.0,607.0,528.0,1.149621
G?ovFC,8,11,59.0,606.0,590.0,1.027119
G?ovFG,8,11,52.0,587.0,520.0,1.128846
G?ovFK,8,12,51.0,619.0,561.0,1.103387
G?ovFO,8,11,56.0,588.0,560.0,1.05
G?ovFS,8,12,55.0,625.0,605.0,1.033058
G?ovFW,8,12,48.0,593.0,528.0,1.123106
G?ovF[,8,13,47.0,622.0,564.0,1.102837
G?ovF_,8,11,52.0,608.0,520.0,1.169231
G?ovFc,8,12,50.0,629.0,550.0,1.143636
G?ovFg,8,12,48.0,609.0,528.0,1.153409
G?ovFk,8,13,46.0,625.0,552.0,1.132246
G?ovFo,8,12,48.0,611.0,528.0,1.157197
G?ovFs,8,13,46.0,630.0,552.0,1.141304
G?ovFw,8,13,44.0,604.0,528.0,1.143939
G?ovF{,8,14,42.0,618.0,546.0,1.131868
G?ovHw,8,12,46.0,591.0,506.0,1.167984
G?ovH{,8,13,45.0,618.0,540.0,1.144444
G?ovKw,8,12,46.0,588.0,506.0,1.162055
G?ovK{,8,13,45.0,615.0,540.0,1.138889
G?ovLW,8,12,47.0,579.0,517.0,1.119923
G?ovL[,8,13,46.0,611.0,552.0,1.106884
G?ovLo,8,12,46.0,588.0,506.0,1.162055
G?ovLs,8,13,45.0,616.0,540.0,1.140741
G?ovLw,8,13,44.0,604.0,528.0,1.143939
G?ovL{,8,14,43.0,630.0,559.0,1.127013
G?ovMW,8,12,48.0,588.0,528.0,1.113636
G?ovM[,8,13,47.0,618.0,564.0,1.095745
G?ovMg,8,12,47.0,598.0,517.0,1.156673
G?ovMk,8,13,46.0,625.0,552.0,1.132246
G?ovMw,8,13,44.0,605.0,528.0,1.145833
G?ovM{,8,14,43.0,630.0,559.0,1.127013
G?ovNG,8,12,50.0,603.0,550.0,1.096364
G?ovNK,8,13,49.0,637.0,588.0,1.083333
G?ovNW,8,13,46.0,605.0,552.0,1.096014
G?ovN[,8,14,45.0,636.0,585.0,1.087179
G?ovNg,8,13,46.0,624.0,552.0,1.130435
G?ovNk,8,14,45.0,651.0,585.0,1.112821
G?ovNo,8,13,44.0,605.0,528.0,1.145833
G?ovNs,8,14,43.0,631.0,559.0,1.128801
G?ovNw,8,14,42.0,616.0,546.0,1.128205
G?ovN{,8,15,41.0,640.0,574.0,1.114983
G?ovPw,8,12,49.0,623.0,539.0,1.155844
G?ovP{,8,13,47.0,636.0,564.0,1.12766
G?ovSw,8,12,47.0,607.0,517.0,1.174081
G?ovS{,8,13,45.0,620.0,540.0,1.148148
G?ovTW,8,12,50.0,612.0,550.0,1.112727
G?ovT[,8,13,49.0,643.0,588.0,1.093537
G?ovTg,8,12,51.0,646.0,561.0,1.151515
G?ovTk,8,13,47.0,641.0,564.0,1.136525
G?ovTo,8,12,49.0,625.0,539.0,1.159555
G?ovTs,8,13,47.0,643.0,564.0,1.140071
G?ovTw,8,13,46.0,629.0,552.0,1.139493
G?ovT{,8,14,44.0,643.0,572.0,1.124126
G?ovUW,8,12,48.0,606.0,528.0,1.147727
G?ovU[,8,13,47.0,631.0,564.0,1.118794
G?ovUg,8,12,47.0,607.0,517.0,1.174081
G?ovUk,8,13,45.0,620.0,540.0,1.148148
G?ovUo,8,12,49.0,642.0,539.0,1.191095
G?ovUs,8,13,46.0,647.0,552.0,1.172101
G?ovUw,8,13,44.0,614.0,528.0,1.162879
G?ovU{,8,14,42.0,626.0,546.0,1.14652
G?ovVG,8,12,50.0,612.0,550.0,1.112727
G?ovVK,8,13,49.0,643.0,588.0,1.093537
G?ovVO,8,12,55.0,625.0,605.0,1.033058
G?ovVS,8,13,54.0,662.0,648.0,1.021605
G?ovVW,8,13,47.0,625.0,564.0,1.108156
G?ovV[,8,14,46.0,654.0,598.0,1.093645
G?ovVg,8,13,46.0,629.0,552.0,1.139493
G?ovVk,8,14,44.0,643.0,572.0,1.124126
G?ovVo,8,13,47.0,642.0,564.0,1.138298
G?ovVs,8,14,45.0,660.0,585.0,1.128205
G?ovVw,8,14,43.0,631.0,559.0,1.128801
G?ovV{,8,15,41.0,644.0,574.0,1.121951
G?ov\w,8,14,43.0,628.0,559.0,1.123435
G?ov\{,8,15,42.0,653.0,588.0,1.110544
G?ov]w,8,14,42.0,620.0,546.0,1.135531
G?ov]{,8,15,41.0,644.0,574.0,1.121951
G?ov^W,8,14,45.0,630.0,585.0,1.076923
G?ov^[,8,15,44.0,661.0,616.0,1.073052
G?ov^w,8,15,41.0,638.0,574.0,1.111498
G?ov^{,8,16,40.0,662.0,600.0,1.103333
G?ovdW,8,12,46.0,588.0,506.0,1.162055
G?ovd[,8,13,45.0,616.0,540.0,1.140741
G?oveW,8,12,46.0,591.0,506.0,1.167984
G?ove[,8,13,45.0,618.0,540.0,1.144444
G?ovfG,8,12,47.0,597.0,517.0,1.154739
G?ovfK,8,13,46.0,625.0,552.0,1.132246
G?ovfO,8,12,49.0,625.0,539.0,1.159555
G?ovfS,8,13,47.0,643.0,564.0,1.140071
G?ovfW,8,13,44.0,604.0,528.0,1.143939
G?ovf[,8,14,43.0,630.0,559.0,1.127013
G?ovf_,8,12,50.0,624.0,550.0,1.134545
G?ovfc,8,13,49.0,654.0,588.0,1.112245
G?ovfo,8,13,46.0,624.0,552.0,1.130435
G?ovfs,8,14,45.0,651.0,585.0,1.112821
G?ovfw,8,14,42.0,616.0,546.0,1.128205
G?ovf{,8,15,41.0,640.0,574.0,1.114983
G?ovtw,8,14,43.0,628.0,559.0,1.123435
G?ovt{,8,15,42.0,653.0,588.0,1.110544
G?ovvW,8,14,42.0,619.0,546.0,1.1337
G?ovv[,8,15,41.0,644.0,574.0,1.121951
G?ovvg,8,14,43.0,628.0,559.0,1.123435
G?ovvk,8,15,42.0,653.0,588.0,1.110544
G?ovvo,8,14,45.0,650.0,585.0,1.111111
G?ovvs,8,15,44.0,677.0,616.0,1.099026
G?ovvw,8,15,41.0,638.0,574.0,1.111498
G?ovv{,8,16,40.0,662.0,600.0,1.103333
G?ov~w,8,16,40.0,656.0,600.0,1.093333
G?ov~{,8,17,39.0,680.0,624.0,1.089744
G?o~\w,8,15,42.0,653.0,588.0,1.110544
G?o~\{,8,16,41.0,676.0,615.0,1.099187
G?o~]w,8,15,41.0,644.0,574.0,1.121951
G?o~]{,8,16,40.0,666.0,600.0,1.11
G?o~^W,8,15,43.0,648.0,602.0,1.076412
G?o~^[,8,16,42.0,676.0,630.0,1.073016
G?o~^w,8,16,40.0,662.0,600.0,1.103333
G?o~^{,8,17,39.0,684.0,624.0,1.096154
G?o~fW,8,14,42.0,615.0,546.0,1.126374
G?o~f[,8,15,41.0,638.0,574.0,1.111498
G?o~f_,8,13,43.0,594.0,516.0,1.151163
G?o~fc,8,14,42.0,616.0,546.0,1.128205
G?o~fo,8,14,42.0,615.0,546.0,1.126374
G?o~fs,8,15,41.0,637.0,574.0,1.109756
G?o~fw,8,15,41.0,634.0,574.0,1.10453
G?o~f{,8,16,40.0,656.0,600.0,1.093333
G?o~tw,8,15,41.0,640.0,574.0,1.114983
G?o~t{,8,16,40.0,662.0,600.0,1.103333
G?o~vW,8,15,41.0,639.0,574.0,1.11324
G?o~v[,8,16,40.0,662.0,600.0,1.103333
G?o~vg,8,15,41.0,635.0,574.0,1.106272
G?o~vk,8,16,40.0,657.0,600.0,1.095
G?o~vo,8,15,41.0,641.0,574.0,1.116725
G?o~vs,8,16,40.0,663.0,600.0,1.105
G?o~vw,8,16,40.0,658.0,600.0,1.096667
G?o~v{,8,17,39.0,680.0,624.0,1.089744
G?o~~w,8,17,39.0,680.0,624.0,1.089744
G?o~~{,8,18,38.0,702.0,646.0,1.086687
G?qa`_,8,8,64.0,672.0,448.0,1.5
G?qa`g,8,9,58.0,634.0,464.0,1.366379
G?qa`k,8,10,53.0,598.0,477.0,1.253669
G?qa`o,8,9,55.0,576.0,440.0,1.309091
G?qa`w,8,10,52.0,582.0,468.0,1.24359
G?qa`{,8,11,49.0,577.0,490.0,1.177551
G?qack,8,10,53.0,558.0,477.0,1.169811
G?qaco,8,9,61.0,538.0,488.0,1.102459
G?qacs,8,10,57.0,551.0,513.0,1.074074
G?qacw,8,10,55.0,582.0,495.0,1.175758
G?qac{,8,11,51.0,575.0,510.0,1.127451
G?qadG,8,9,73.0,490.0,584.0,0.839041
G?qadK,8,10,53.0,571.0,477.0,1.197065
G?qadW,8,10,65.0,559.0,585.0,0.955556
G?qad[,8,11,51.0,582.0,510.0,1.141176
G?qad_,8,9,58.0,602.0,464.0,1.297414
G?qadc,8,10,52.0,576.0,468.0,1.230769
G?qadg,8,10,55.0,623.0,495.0,1.258586
G?qadk,8,11,49.0,586.0,490.0,1.195918
G?qado,8,10,53.0,589.0,477.0,1.234801
G?qads,8,11,49.0,581.0,490.0,1.185714
G?qadw,8,11,50.0,605.0,500.0,1.21
G?qad{,8,12,46.0,587.0,506.0,1.160079
G?qaeO,8,9,69.0,506.0,552.0,0.916667
G?qaeW,8,10,61.0,557.0,549.0,1.014572
G?qae[,8,11,53.0,576.0,530.0,1.086792
G?qafC,8,10,54.0,562.0,486.0,1.156379
G?qafG,8,10,58.0,561.0,522.0,1.074713
G?qafK,8,11,50.0,569.0,500.0,1.138
G?qafO,8,10,60.0,570.0,540.0,1.055556
G?qafS,8,11,52.0,588.0,520.0,1.130769
G?qafW,8,11,56.0,588.0,560.0,1.05
G?qaf[,8,12,48.0,590.0,528.0,1.117424
G?qaf_,8,10,54.0,584.0,486.0,1.201646
G?qafg,8,11,50.0,589.0,500.0,1.178
G?qafk,8,12,46.0,586.0,506.0,1.158103
G?qafo,8,11,51.0,600.0,510.0,1.176471
G?qafw,8,12,47.0,600.0,517.0,1.160542
G?qaf{,8,13,43.0,592.0,516.0,1.147287
G?qaho,8,10,48.0,542.0,432.0,1.25463
G?qahw,8,11,47.0,560.0,470.0,1.191489
G?qah{,8,12,46.0,585.0,506.0,1.156126
G?qak{,8,12,47.0,576.0,517.0,1.11412
G?qal[,8,12,48.0,583.0,528.0,1.104167
G?qalk,8,12,47.0,603.0,517.0,1.166344
G?qalo,8,11,46.0,558.0,460.0,1.213043
G?qals,8,12,45.0,576.0,495.0,1.163636
G?qalw,8,12,45.0,581.0,495.0,1.173737
G?qal{,8,13,44.0,601.0,528.0,1.138258
G?qam[,8,12,49.0,573.0,539.0,1.06308
G?qanK,8,12,48.0,584.0,528.0,1.106061
G?qanO,8,11,49.0,569.0,490.0,1.161224
G?qanS,8,12,47.0,575.0,517.0,1.112186
G?qanW,8,12,48.0,592.0,528.0,1.121212
G?qan[,8,13,46.0,601.0,552.0,1.088768
G?qan_,8,11,47.0,558.0,470.0,1.187234
G?qang,8,12,46.0,585.0,506.0,1.156126
G?qank,8,13,45.0,610.0,540.0,1.12963
G?qano,8,12,44.0,570.0,484.0,1.177686
G?qanw,8,13,43.0,592.0,516.0,1.147287
G?qan{,8,14,42.0,612.0,546.0,1.120879
G?qapg,8,10,55.0,620.0,495.0,1.252525
G?qapk,8,11,49.0,585.0,490.0,1.193878
G?qaps,8,11,50.0,603.0,500.0,1.206
G?qapw,8,11,50.0,591.0,500.0,1.182
G?qap{,8,12,47.0,598.0,517.0,1.156673
G?qaqk,8,11,50.0,581.0,500.0,1.162
G?qaqs,8,11,61.0,582.0,610.0,0.954098
G?qaq{,8,12,49.0,607.0,539.0,1.12616
G?qar[,8,12,47.0,586.0,517.0,1.133462
G?qarg,8,11,49.0,585.0,490.0,1.193878
G?qark,8,12,46.0,593.0,506.0,1.171937
G?qaro,8,11,50.0,604.0,500.0,1.208
G?qars,8,12,48.0,626.0,528.0,1.185606
G?qarw,8,12,47.0,600.0,517.0,1.160542
G?qar{,8,13,44.0,607.0,528.0,1.149621
G?qasw,8,11,53.0,596.0,530.0,1.124528
G?qas{,8,12,50.0,609.0,550.0,1.107273
G?qatW,8,11,55.0,624.0,550.0,1.134545
G?qat[,8,12,49.0,599.0,539.0,1.111317
G?qatg,8,11,52.0,622.0,520.0,1.196154
G?qatk,8,12,47.0,600.0,517.0,1.160542
G?qato,8,11,50.0,595.0,500.0,1.19
G?qats,8,12,48.0,612.0,528.0,1.159091
G?qatw,8,12,48.0,613.0,528.0,1.160985
G?qat{,8,13,45.0,615.0,540.0,1.138889
G?qauW,8,11,57.0,608.0,570.0,1.066667
G?qau[,8,12,51.0,604.0,561.0,1.076649
G?qaug,8,11,51.0,579.0,510.0,1.135294
G?qauk,8,12,48.0,593.0,528.0,1.123106
G?qauo,8,11,56.0,588.0,560.0,1.05
G?qaus,8,12,55.0,625.0,605.0,1.033058
G?qauw,8,12,50.0,611.0,550.0,1.110909
G?qau{,8,13,47.0,622.0,564.0,1.102837
G?qavG,8,11,54.0,610.0,540.0,1.12963
G?qavK,8,12,48.0,589.0,528.0,1.11553
G?qavO,8,11,54.0,609.0,540.0,1.127778
G?qavS,8,12,50.0,613.0,550.0,1.114545
G?qavW,8,12,52.0,630.0,572.0,1.101399
G?qav[,8,13,46.0,611.0,552.0,1.106884
G?qav_,8,11,50.0,592.0,500.0,1.184
G?qavc,8,12,48.0,611.0,528.0,1.157197
G?qavg,8,12,47.0,600.0,517.0,1.160542
G?qavk,8,13,44.0,604.0,528.0,1.143939
G?qavo,8,12,48.0,613.0,528.0,1.160985
G?qavs,8,13,46.0,630.0,552.0,1.141304
G?qavw,8,13,45.0,617.0,540.0,1.142593
G?qav{,8,14,42.0,618.0,546.0,1.131868
G?qaxw,8,12,46.0,586.0,506.0,1.158103
G?qax{,8,13,45.0,612.0,540.0,1.133333
G?qay{,8,13,47.0,615.0,564.0,1.090426
G?qazw,8,13,44.0,602.0,528.0,1.140152
G?qaz{,8,14,43.0,628.0,559.0,1.123435
G?qa|w,8,13,44.0,604.0,528.0,1.143939
G?qa|{,8,14,43.0,628.0,559.0,1.123435
G?qa}w,8,13,46.0,603.0,552.0,1.092391
G?qa}{,8,14,45.0,632.0,585.0,1.080342
G?qa~W,8,13,46.0,607.0,552.0,1.099638
G?qa~[,8,14,44.0,622.0,572.0,1.087413
G?qa~g,8,13,44.0,600.0,528.0,1.136364
G?qa~k,8,14,43.0,625.0,559.0,1.118068
G?qa~o,8,13,43.0,592.0,516.0,1.147287
G?qa~s,8,14,42.0,618.0,546.0,1.131868
G?qa~w,8,14,42.0,615.0,546.0,1.126374
G?qa~{,8,15,41.0,638.0,574.0,1.111498
G?qbCo,8,9,58.0,578.0,464.0,1.24569
G?qbEW,8,10,34.0,372.0,306.0,1.215686
G?qbEg,8,10,51.0,539.0,459.0,1.174292
G?qbEk,8,11,48.0,543.0,480.0,1.13125
G?qbEo,8,10,54.0,577.0,486.0,1.187243
G?qbEw,8,11,49.0,564.0,490.0,1.15102
G?qbFW,8,11,32.0,373.0,320.0,1.165625
G?qbF[,8,12,30.0,378.0,330.0,1.145455
G?qbFo,8,11,49.0,554.0,490.0,1.130612
G?qbFw,8,12,46.0,564.0,506.0,1.114625
G?qbF{,8,13,43.0,570.0,516.0,1.104651
G?qbQs,8,11,51.0,593.0,510.0,1.162745
G?qbQw,8,11,48.0,551.0,480.0,1.147917
G?qbQ{,8,12,46.0,570.0,506.0,1.126482
G?qbSw,8,11,49.0,565.0,490.0,1.153061
G?qbS{,8,12,47.0,575.0,517.0,1.112186
G?qbT[,8,12,31.0,388.0,341.0,1.13783
G?qbTg,8,11,51.0,583.0,510.0,1.143137
G?qbTs,8,12,47.0,574.0,517.0,1.110251
G?qbTw,8,12,47.0,577.0,517.0,1.116054
G?qbT{,8,13,45.0,592.0,540.0,1.096296
G?qbUW,8,11,31.0,370.0,310.0,1.193548
G?qbU[,8,12,30.0,382.0,330.0,1.157576
G?qbUg,8,11,48.0,554.0,480.0,1.154167
G?qbUk,8,12,46.0,565.0,506.0,1.116601
G?qbUs,8,12,47.0,589.0,517.0,1.139265
G?qbUw,8,12,46.0,572.0,506.0,1.130435
G?qbU{,8,13,44.0,585.0,528.0,1.107955
G?qbVG,8,11,31.0,365.0,310.0,1.177419
G?qbVS,8,12,31.0,390.0,341.0,1.143695
G?qbVW,8,12,30.0,379.0,330.0,1.148485
G?qbV[,8,13,29.0,392.0,348.0,1.126437
G?qbV_,8,11,49.0,554.0,490.0,1.130612
G?qbVg,8,12,46.0,566.0,506.0,1.118577
G?qbVo,8,12,47.0,575.0,517.0,1.112186
G?qbVs,8,13,45.0,594.0,540.0,1.1
G?qbVw,8,13,44.0,582.0,528.0,1.102273
G?qbV{,8,14,42.0,596.0,546.0,1.091575
G?qbY{,8,13,45.0,596.0,540.0,1.103704
G?qbZ[,8,13,29.0,396.0,348.0,1.137931
G?qbZw,8,13,45.0,592.0,540.0,1.096296
G?qbZ{,8,14,43.0,612.0,559.0,1.094812
G?qb]w,8,13,45.0,596.0,540.0,1.103704
G?qb]{,8,14,43.0,612.0,559.0,1.094812
G?qb^W,8,13,29.0,390.0,348.0,1.12069
G?qb^[,8,14,28.0,406.0,364.0,1.115385
G?qb^o,8,13,45.0,591.0,540.0,1.094444
G?qb^s,8,14,43.0,609.0,559.0,1.089445
G?qb^w,8,14,43.0,606.0,559.0,1.084079
G?qb^{,8,15,41.0,622.0,574.0,1.083624
G?qbak,8,11,49.0,586.0,490.0,1.195918
G?qbao,8,10,53.0,597.0,477.0,1.251572
G?qbas,8,11,51.0,620.0,510.0,1.215686
G?qbaw,8,11,48.0,572.0,480.0,1.191667
G?qba{,8,12,47.0,598.0,517.0,1.156673
G?qbbS,8,11,51.0,582.0,510.0,1.141176
G?qbbW,8,11,51.0,577.0,510.0,1.131373
G?qbb[,8,12,49.0,595.0,539.0,1.103896
G?qbb_,8,10,54.0,600.0,486.0,1.234568
G?qbbc,8,11,53.0,634.0,530.0,1.196226
G?qbbo,8,11,49.0,586.0,490.0,1.195918
G?qbbs,8,12,48.0,616.0,528.0,1.166667
G?qbbw,8,12,46.0,587.0,506.0,1.160079
G?qbb{,8,13,45.0,613.0,540.0,1.135185
G?qbcw,8,11,48.0,582.0,480.0,1.2125
G?qbc{,8,12,46.0,588.0,506.0,1.162055
G?qbeW,8,11,52.0,599.0,520.0,1.151923
G?qbe[,8,12,48.0,587.0,528.0,1.111742
G?qbeg,8,11,48.0,573.0,480.0,1.19375
G?qbek,8,12,46.0,586.0,506.0,1.158103
G?qbeo,8,11,50.0,602.0,500.0,1.204
G?qbes,8,12,47.0,605.0,517.0,1.170213
G?qbew,8,12,46.0,593.0,506.0,1.171937
G?qbe{,8,13,44.0,603.0,528.0,1.142045
G?qbfO,8,11,52.0,589.0,520.0,1.132692
G?qbfS,8,12,48.0,588.0,528.0,1.113636
G?qbfW,8,12,50.0,611.0,550.0,1.110909
G?qbf[,8,13,46.0,605.0,552.0,1.096014
G?qbf_,8,11,50.0,588.0,500.0,1.176
G?qbfc,8,12,48.0,606.0,528.0,1.147727
G?qbfo,8,12,47.0,598.0,517.0,1.156673
G?qbfs,8,13,45.0,612.0,540.0,1.133333
G?qbfw,8,13,44.0,604.0,528.0,1.143939
G?qbf{,8,14,42.0,614.0,546.0,1.124542
G?qbpw,8,12,46.0,587.0,506.0,1.160079
G?qbp{,8,13,45.0,613.0,540.0,1.135185
G?qbqw,8,12,45.0,581.0,495.0,1.173737
G?qbq{,8,13,44.0,606.0,528.0,1.147727
G?qbrW,8,12,47.0,580.0,517.0,1.121857
G?qbr[,8,13,45.0,598.0,540.0,1.107407
G?qbrg,8,12,45.0,582.0,495.0,1.175758
G?qbrk,8,13,44.0,607.0,528.0,1.149621
G?qbro,8,12,47.0,603.0,517.0,1.166344
G?qbrs,8,13,46.0,634.0,552.0,1.148551
G?qbrw,8,13,44.0,602.0,528.0,1.140152
G?qbr{,8,14,43.0,628.0,559.0,1.123435
G?qbtw,8,13,44.0,604.0,528.0,1.143939
G?qbt{,8,14,43.0,626.0,559.0,1.119857
G?qbuw,8,13,43.0,598.0,516.0,1.158915
G?qbu{,8,14,42.0,618.0,546.0,1.131868
G?qbvW,8,13,46.0,609.0,552.0,1.103261
G?qbv[,8,14,44.0,620.0,572.0,1.083916
G?qbvg,8,13,43.0,593.0,516.0,1.149225
G?qbvk,8,14,42.0,615.0,546.0,1.126374
G?qbvo,8,13,45.0,612.0,540.0,1.133333
G?qbvs,8,14,44.0,638.0,572.0,1.115385
G?qbvw,8,14,42.0,615.0,546.0,1.126374
G?qbv{,8,15,41.0,636.0,574.0,1.108014
G?qbzw,8,14,43.0,624.0,559.0,1.116279
G?qbz{,8,15,42.0,651.0,588.0,1.107143
G?qb~w,8,15,41.0,634.0,574.0,1.10453
G?qb~{,8,16,40.0,658.0,600.0,1.096667
G?qcbC,8,9,53.0,524.0,424.0,1.235849
G?qcbO,8,9,59.0,533.0,472.0,1.129237
G?qcbS,8,10,51.0,540.0,459.0,1.176471
G?qcbW,8,10,57.0,551.0,513.0,1.074074
G?qcb[,8,11,49.0,558.0,490.0,1.138776
G?qcb_,8,9,54.0,570.0,432.0,1.319444
G?qcbo,8,10,50.0,559.0,450.0,1.242222
G?qcbw,8,11,47.0,564.0,470.0,1.2
G?qcb{,8,12,44.0,567.0,484.0,1.171488
G?qceO,8,9,61.0,458.0,488.0,0.938525
G?qceW,8,10,57.0,521.0,513.0,1.015595
G?qce[,8,11,53.0,568.0,530.0,1.071698
G?qcfC,8,10,52.0,544.0,468.0,1.162393
G?qcfO,8,10,56.0,534.0,504.0,1.059524
G?qcfS,8,11,50.0,567.0,500.0,1.134
G?qcfW,8,11,54.0,563.0,540.0,1.042593
G?qcf[,8,12,48.0,586.0,528.0,1.109848
G?qcf_,8,10,52.0,564.0,468.0,1.205128
G?qcfo,8,11,49.0,578.0,490.0,1.179592
G?qcfw,8,12,46.0,587.0,506.0,1.160079
G?qcf{,8,13,43.0,590.0,516.0,1.143411
G?qcqg,8,10,50.0,542.0,450.0,1.204444
G?qcqs,8,11,56.0,588.0,560.0,1.05
G?qcqw,8,11,49.0,560.0,490.0,1.142857
G?qcq{,8,12,48.0,590.0,528.0,1.117424
G?qcrG,8,10,55.0,582.0,495.0,1.175758
G?qcrK,8,11,49.0,556.0,490.0,1.134694
G?qcrS,8,11,49.0,563.0,490.0,1.14898
G?qcrW,8,11,51.0,578.0,510.0,1.133333
G?qcr[,8,12,47.0,577.0,517.0,1.116054
G?qcr_,8,10,51.0,575.0,459.0,1.252723
G?qcrg,8,11,47.0,571.0,470.0,1.214894
G?qcro,8,11,48.0,575.0,480.0,1.197917
G?qcrs,8,12,46.0,594.0,506.0,1.173913
G?qcrw,8,12,45.0,578.0,495.0,1.167677
G?qcr{,8,13,43.0,593.0,516.0,1.149225
G?qct[,8,12,49.0,581.0,539.0,1.077922
G?qcuW,8,11,53.0,576.0,530.0,1.086792
G?qcu[,8,12,51.0,596.0,561.0,1.062389
G?qcug,8,11,49.0,560.0,490.0,1.142857
G?qcus,8,12,53.0,602.0,583.0,1.03259
G?qcuw,8,12,48.0,590.0,528.0,1.117424
G?qcu{,8,13,47.0,618.0,564.0,1.095745
G?qcvG,8,11,52.0,589.0,520.0,1.132692
G?qcvK,8,12,48.0,587.0,528.0,1.111742
G?qcvS,8,12,48.0,592.0,528.0,1.121212
G?qcvW,8,12,50.0,609.0,550.0,1.107273
G?qcv[,8,13,46.0,607.0,552.0,1.099638
G?qcv_,8,11,49.0,578.0,490.0,1.179592
G?qcvg,8,12,46.0,588.0,506.0,1.162055
G?qcvo,8,12,47.0,599.0,517.0,1.158607
G?qcvs,8,13,45.0,617.0,540.0,1.142593
G?qcvw,8,13,44.0,604.0,528.0,1.143939
G?qcv{,8,14,42.0,616.0,546.0,1.128205
G?qcyw,8,12,47.0,578.0,517.0,1.117988
G?qcy{,8,13,46.0,607.0,552.0,1.099638
G?qczW,8,12,47.0,580.0,517.0,1.121857
G?qcz[,8,13,45.0,596.0,540.0,1.103704
G?qczo,8,12,45.0,583.0,495.0,1.177778
G?qczs,8,13,44.0,604.0,528.0,1.143939
G?qczw,8,13,43.0,594.0,516.0,1.151163
G?qcz{,8,14,42.0,618.0,546.0,1.131868
G?qc{{,8,13,49.0,620.0,588.0,1.054422
G?qc}w,8,13,46.0,607.0,552.0,1.099638
G?qc}{,8,14,45.0,636.0,585.0,1.087179
G?qc~W,8,13,46.0,611.0,552.0,1.106884
G?qc~[,8,14,44.0,624.0,572.0,1.090909
G?qc~o,8,13,44.0,604.0,528.0,1.143939
G?qc~s,8,14,43.0,629.0,559.0,1.125224
G?qc~w,8,14,42.0,618.0,546.0,1.131868
G?qc~{,8,15,41.0,640.0,574.0,1.114983
G?qePg,8,10,63.0,591.0,567.0,1.042328
G?qePs,8,11,50.0,571.0,500.0,1.142
G?qePw,8,11,51.0,580.0,510.0,1.137255
G?qeP{,8,12,48.0,584.0,528.0,1.106061
G?qeQg,8,10,53.0,549.0,477.0,1.150943
G?qeQs,8,11,59.0,587.0,590.0,0.994915
G?qeQw,8,11,51.0,557.0,510.0,1.092157
G?qeQ{,8,12,49.0,583.0,539.0,1.081633
G?qeRG,8,10,34.0,372.0,306.0,1.215686
G?qeRS,8,11,32.0,384.0,320.0,1.2
G?qeRW,8,11,32.0,374.0,320.0,1.16875
G?qeR[,8,12,30.0,383.0,330.0,1.160606
G?qeR_,8,10,55.0,595.0,495.0,1.20202
G?qeRg,8,11,50.0,577.0,500.0,1.154
G?qeRo,8,11,50.0,575.0,500.0,1.15
G?qeRs,8,12,47.0,589.0,517.0,1.139265
G?qeRw,8,12,47.0,575.0,517.0,1.112186
G?qeR{,8,13,44.0,586.0,528.0,1.109848
G?qeSg,8,10,57.0,567.0,513.0,1.105263
G?qeSs,8,11,55.0,555.0,550.0,1.009091
G?qeSw,8,11,53.0,572.0,530.0,1.079245
G?qeS{,8,12,51.0,596.0,561.0,1.062389
G?qeTG,8,10,38.0,402.0,342.0,1.175439
G?qeTW,8,11,34.0,394.0,340.0,1.158824
G?qeT[,8,12,32.0,401.0,352.0,1.139205
G?qeTg,8,11,55.0,618.0,550.0,1.123636
G?qeTs,8,12,48.0,590.0,528.0,1.117424
G?qeTw,8,12,49.0,599.0,539.0,1.111317
G?qeT{,8,13,46.0,606.0,552.0,1.097826
G?qeUS,8,11,37.0,381.0,370.0,1.02973
G?qeU[,8,12,33.0,399.0,363.0,1.099174
G?qeUg,8,11,51.0,557.0,510.0,1.092157
G?qeUs,8,12,53.0,589.0,583.0,1.010292
G?qeUw,8,12,49.0,581.0,539.0,1.077922
G?qeU{,8,13,47.0,603.0,564.0,1.069149
G?qeVG,8,11,33.0,384.0,330.0,1.163636
G?qeVS,8,12,31.0,398.0,341.0,1.167155
G?qeVW,8,12,31.0,392.0,341.0,1.14956
G?qeV[,8,13,29.0,398.0,348.0,1.143678
G?qeV_,8,11,51.0,576.0,510.0,1.129412
G?qeVg,8,12,48.0,587.0,528.0,1.111742
G?qeVo,8,12,48.0,590.0,528.0,1.117424
G?qeVs,8,13,45.0,603.0,540.0,1.116667
G?qeVw,8,13,45.0,596.0,540.0,1.103704
G?qeV{,8,14,42.0,602.0,546.0,1.102564
G?qeXw,8,12,48.0,588.0,528.0,1.113636
G?qeX{,8,13,46.0,605.0,552.0,1.096014
G?qeYw,8,12,49.0,577.0,539.0,1.070501
G?qeY{,8,13,47.0,599.0,564.0,1.062057
G?qeZW,8,12,30.0,380.0,330.0,1.151515
G?qeZ[,8,13,29.0,396.0,348.0,1.137931
G?qeZg,8,12,48.0,590.0,528.0,1.117424
G?qeZk,8,13,46.0,603.0,552.0,1.092391
G?qeZo,8,12,47.0,586.0,517.0,1.133462
G?qeZs,8,13,45.0,597.0,540.0,1.105556
G?qeZw,8,13,45.0,594.0,540.0,1.1
G?qeZ{,8,14,43.0,612.0,559.0,1.094812
G?qe[w,8,12,49.0,581.0,539.0,1.077922
G?qe[{,8,13,47.0,603.0,564.0,1.069149
G?qe\W,8,12,31.0,392.0,341.0,1.14956
G?qe\[,8,13,30.0,407.0,360.0,1.130556
G?qe\w,8,13,46.0,609.0,552.0,1.103261
G?qe\{,8,14,44.0,624.0,572.0,1.090909
G?qe][,8,13,31.0,405.0,372.0,1.08871
G?qe]w,8,13,47.0,599.0,564.0,1.062057
G?qe]{,8,14,45.0,621.0,585.0,1.061538
G?qe^W,8,13,29.0,396.0,348.0,1.137931
G?qe^[,8,14,28.0,410.0,364.0,1.126374
G?qe^g,8,13,46.0,605.0,552.0,1.096014
G?qe^k,8,14,44.0,622.0,572.0,1.087413
G?qe^o,8,13,45.0,597.0,540.0,1.105556
G?qe^s,8,14,43.0,615.0,559.0,1.100179
G?qe^w,8,14,43.0,612.0,559.0,1.094812
G?qe^{,8,15,41.0,626.0,574.0,1.090592
G?qe`g,8,10,54.0,599.0,486.0,1.23251
G?qe`k,8,11,50.0,593.0,500.0,1.186
G?qe`o,8,10,50.0,558.0,450.0,1.24
G?qe`s,8,11,48.0,573.0,480.0,1.19375
G?qe`w,8,11,48.0,573.0,480.0,1.19375
G?qe`{,8,12,46.0,587.0,506.0,1.160079
G?qeak,8,11,50.0,568.0,500.0,1.136
G?qeao,8,10,57.0,550.0,513.0,1.072125
G?qeas,8,11,56.0,588.0,560.0,1.05
G?qeaw,8,11,49.0,559.0,490.0,1.140816
G?qea{,8,12,48.0,590.0,528.0,1.117424
G?qebG,8,10,53.0,555.0,477.0,1.163522
G?qebK,8,11,49.0,555.0,490.0,1.132653
G?qebO,8,10,53.0,559.0,477.0,1.171908
G?qebS,8,11,49.0,564.0,490.0,1.15102
G?qebW,8,11,51.0,577.0,510.0,1.131373
G?qeb[,8,12,47.0,578.0,517.0,1.117988
G?qeb_,8,10,52.0,578.0,468.0,1.235043
G?qebc,8,11,49.0,584.0,490.0,1.191837
G?qebg,8,11,48.0,571.0,480.0,1.189583
G?qebk,8,12,46.0,586.0,506.0,1.158103
G?qebo,8,11,48.0,575.0,480.0,1.197917
G?qebs,8,12,46.0,594.0,506.0,1.173913
G?qebw,8,12,45.0,577.0,495.0,1.165657
G?qeb{,8,13,43.0,593.0,516.0,1.149225
G?qeck,8,11,52.0,586.0,520.0,1.126923
G?qeco,8,10,55.0,525.0,495.0,1.060606
G?qecs,8,11,54.0,563.0,540.0,1.042593
G?qecw,8,11,51.0,574.0,510.0,1.12549
G?qec{,8,12,50.0,605.0,550.0,1.1
G?qedG,8,10,57.0,595.0,513.0,1.159844
G?qedK,8,11,51.0,577.0,510.0,1.131373
G?qedW,8,11,53.0,601.0,530.0,1.133962
G?qed[,8,12,49.0,596.0,539.0,1.105751
G?qedc,8,11,50.0,590.0,500.0,1.18
G?qedg,8,11,52.0,609.0,520.0,1.171154
G?qedk,8,12,48.0,611.0,528.0,1.157197
G?qedo,8,11,49.0,580.0,490.0,1.183673
G?qeds,8,12,47.0,598.0,517.0,1.156673
G?qedw,8,12,47.0,599.0,517.0,1.158607
G?qed{,8,13,45.0,613.0,540.0,1.135185
G?qeeO,8,10,57.0,525.0,513.0,1.023392
G?qeeS,8,11,55.0,555.0,550.0,1.009091
G?qeeW,8,11,53.0,576.0,530.0,1.086792
G?qee[,8,12,51.0,596.0,561.0,1.062389
G?qeec,8,11,55.0,572.0,550.0,1.04
G?qeeg,8,11,50.0,568.0,500.0,1.136
G?qeek,8,12,49.0,598.0,539.0,1.109462
G?qeeo,8,11,54.0,565.0,540.0,1.046296
G?qees,8,12,53.0,602.0,583.0,1.03259
G?qeew,8,12,48.0,590.0,528.0,1.117424
G?qee{,8,13,47.0,618.0,564.0,1.095745
G?qefG,8,11,52.0,584.0,520.0,1.123077
G?qefK,8,12,48.0,586.0,528.0,1.109848
G?qefO,8,11,52.0,588.0,520.0,1.130769
G?qefS,8,12,48.0,592.0,528.0,1.121212
G?qefW,8,12,50.0,609.0,550.0,1.107273
G?qef[,8,13,46.0,607.0,552.0,1.099638
G?qef_,8,11,50.0,588.0,500.0,1.176
G?qefc,8,12,48.0,607.0,528.0,1.149621
G?qefg,8,12,47.0,597.0,517.0,1.154739
G?qefk,8,13,45.0,612.0,540.0,1.133333
G?qefo,8,12,47.0,600.0,517.0,1.160542
G?qefs,8,13,45.0,617.0,540.0,1.142593
G?qefw,8,13,44.0,604.0,528.0,1.143939
G?qef{,8,14,42.0,616.0,546.0,1.128205
G?qehw,8,12,45.0,576.0,495.0,1.163636
G?qeh{,8,13,44.0,603.0,528.0,1.142045
G?qeiw,8,12,47.0,572.0,517.0,1.106383
G?qei{,8,13,46.0,602.0,552.0,1.09058
G?qejW,8,12,47.0,575.0,517.0,1.112186
G?qej[,8,13,45.0,593.0,540.0,1.098148
G?qejg,8,12,46.0,586.0,506.0,1.158103
G?qejk,8,13,45.0,612.0,540.0,1.133333
G?qejo,8,12,44.0,572.0,484.0,1.181818
G?qejs,8,13,43.0,593.0,516.0,1.149225
G?qejw,8,13,43.0,590.0,516.0,1.143411
G?qej{,8,14,42.0,615.0,546.0,1.126374
G?qekw,8,12,47.0,576.0,517.0,1.11412
G?qek{,8,13,46.0,607.0,552.0,1.099638
G?qelW,8,12,48.0,587.0,528.0,1.111742
G?qel[,8,13,46.0,606.0,552.0,1.097826
G?qelo,8,12,45.0,576.0,495.0,1.163636
G?qels,8,13,44.0,603.0,528.0,1.142045
G?qelw,8,13,44.0,603.0,528.0,1.142045
G?qel{,8,14,43.0,628.0,559.0,1.123435
G?qemW,8,12,49.0,575.0,539.0,1.06679
G?qem[,8,13,47.0,599.0,564.0,1.062057
G?qemg,8,12,48.0,584.0,528.0,1.106061
G?qemk,8,13,47.0,616.0,564.0,1.092199
G?qemw,8,13,46.0,602.0,552.0,1.09058
G?qem{,8,14,45.0,632.0,585.0,1.080342
G?qenW,8,13,46.0,607.0,552.0,1.099638
G?qen[,8,14,44.0,622.0,572.0,1.087413
G?qeng,8,13,45.0,612.0,540.0,1.133333
G?qenk,8,14,44.0,638.0,572.0,1.115385
G?qeno,8,13,43.0,593.0,516.0,1.149225
G?qens,8,14,42.0,618.0,546.0,1.131868
G?qenw,8,14,42.0,615.0,546.0,1.126374
G?qen{,8,15,41.0,638.0,574.0,1.111498
G?qepw,8,12,47.0,600.0,517.0,1.160542
G?qep{,8,13,45.0,614.0,540.0,1.137037
G?qeqw,8,12,48.0,592.0,528.0,1.121212
G?qeq{,8,13,47.0,622.0,564.0,1.102837
G?qerW,8,12,49.0,598.0,539.0,1.109462
G?qer[,8,13,45.0,599.0,540.0,1.109259
G?qerg,8,12,46.0,594.0,506.0,1.173913
G?qerk,8,13,44.0,604.0,528.0,1.143939
G?qero,8,12,47.0,606.0,517.0,1.172147
G?qers,8,13,45.0,624.0,540.0,1.155556
G?qerw,8,13,44.0,605.0,528.0,1.145833
G?qer{,8,14,42.0,619.0,546.0,1.1337
G?qesw,8,12,50.0,609.0,550.0,1.107273
G?qes{,8,13,49.0,639.0,588.0,1.086735
G?qetW,8,12,51.0,620.0,561.0,1.105169
G?qet[,8,13,47.0,619.0,564.0,1.097518
G?qetg,8,12,50.0,632.0,550.0,1.149091
G?qetk,8,13,46.0,628.0,552.0,1.137681
G?qeto,8,12,48.0,612.0,528.0,1.159091
G?qets,8,13,46.0,629.0,552.0,1.139493
G?qetw,8,13,46.0,629.0,552.0,1.139493
G?qet{,8,14,44.0,641.0,572.0,1.120629
G?qeuW,8,12,51.0,604.0,561.0,1.076649
G?qeu[,8,13,49.0,624.0,588.0,1.061224
G?qeug,8,12,48.0,593.0,528.0,1.123106
G?qeuk,8,13,47.0,622.0,564.0,1.102837
G?qeuo,8,12,53.0,602.0,583.0,1.03259
G?qeus,8,13,52.0,641.0,624.0,1.027244
G?qeuw,8,13,47.0,622.0,564.0,1.102837
G?qeu{,8,14,46.0,650.0,598.0,1.086957
G?qevW,8,13,48.0,632.0,576.0,1.097222
G?qev[,8,14,44.0,628.0,572.0,1.097902
G?qevg,8,13,45.0,617.0,540.0,1.142593
G?qevk,8,14,43.0,630.0,559.0,1.127013
G?qevo,8,13,46.0,630.0,552.0,1.141304
G?qevs,8,14,44.0,647.0,572.0,1.131119
G?qevw,8,14,43.0,631.0,559.0,1.128801
G?qev{,8,15,41.0,642.0,574.0,1.118467
G?qezw,8,14,42.0,616.0,546.0,1.128205
G?qez{,8,15,41.0,640.0,574.0,1.114983
G?qe|w,8,14,43.0,630.0,559.0,1.127013
G?qe|{,8,15,42.0,653.0,588.0,1.110544
G?qe}w,8,14,45.0,632.0,585.0,1.080342
G?qe}{,8,15,44.0,661.0,616.0,1.073052
G?qe~w,8,15,41.0,640.0,574.0,1.114983
G?qe~{,8,16,40.0,662.0,600.0,1.103333
G?qfAg,8,10,51.0,541.0,459.0,1.178649
G?qfAo,8,10,56.0,586.0,504.0,1.162698
G?qfBW,8,11,31.0,361.0,310.0,1.164516
G?qfBo,8,11,49.0,556.0,490.0,1.134694
G?qfBw,8,12,46.0,561.0,506.0,1.108696
G?qfCw,8,11,50.0,568.0,500.0,1.136
G?qfES,8,11,33.0,387.0,330.0,1.172727
G?qfEW,8,11,32.0,373.0,320.0,1.165625
G?qfEc,8,11,50.0,567.0,500.0,1.134
G?qfEg,8,11,49.0,554.0,490.0,1.130612
G?qfEk,8,12,47.0,574.0,517.0,1.110251
G?qfEo,8,11,52.0,586.0,520.0,1.126923
G?qfEs,8,12,48.0,593.0,528.0,1.123106
G?qfEw,8,12,47.0,576.0,517.0,1.11412
G?qfFS,8,12,31.0,390.0,341.0,1.143695
G?qfFW,8,12,30.0,379.0,330.0,1.148485
G?qfF[,8,13,29.0,394.0,348.0,1.132184
G?qfFc,8,12,48.0,584.0,528.0,1.106061
G?qfFo,8,12,47.0,575.0,517.0,1.112186
G?qfFs,8,13,45.0,594.0,540.0,1.1
G?qfFw,8,13,44.0,582.0,528.0,1.102273
G?qfF{,8,14,42.0,598.0,546.0,1.095238
G?qfPw,8,12,48.0,584.0,528.0,1.106061
G?qfP{,8,13,46.0,602.0,552.0,1.09058
G?qfQw,8,12,47.0,577.0,517.0,1.116054
G?qfQ{,8,13,45.0,597.0,540.0,1.105556
G?qfRW,8,12,30.0,376.0,330.0,1.139394
G?qfR[,8,13,29.0,393.0,348.0,1.12931
G?qfRg,8,12,47.0,580.0,517.0,1.121857
G?qfRk,8,13,45.0,593.0,540.0,1.098148
G?qfRo,8,12,48.0,589.0,528.0,1.11553
G?qfRs,8,13,46.0,607.0,552.0,1.099638
G?qfRw,8,13,45.0,590.0,540.0,1.092593
G?qfR{,8,14,43.0,609.0,559.0,1.089445
G?qfSw,8,12,48.0,589.0,528.0,1.11553
G?qfS{,8,13,46.0,606.0,552.0,1.097826
G?qfTW,8,12,31.0,389.0,341.0,1.140762
G?qfT[,8,13,30.0,405.0,360.0,1.125
G?qfTg,8,12,50.0,609.0,550.0,1.107273
G?qfTk,8,13,46.0,609.0,552.0,1.103261
G?qfTo,8,12,48.0,587.0,528.0,1.111742
G?qfTs,8,13,46.0,605.0,552.0,1.096014
G?qfTw,8,13,46.0,606.0,552.0,1.097826
G?qfT{,8,14,44.0,622.0,572.0,1.087413
G?qfUW,8,12,30.0,382.0,330.0,1.157576
G?qfU[,8,13,29.0,398.0,348.0,1.143678
G?qfUg,8,12,47.0,578.0,517.0,1.117988
G?qfUk,8,13,45.0,596.0,540.0,1.103704
G?qfUo,8,12,50.0,613.0,550.0,1.114545
G?qfUs,8,13,46.0,617.0,552.0,1.117754
G?qfUw,8,13,45.0,598.0,540.0,1.107407
G?qfU{,8,14,43.0,614.0,559.0,1.09839
G?qfVG,8,12,30.0,380.0,330.0,1.151515
G?qfVK,8,13,29.0,396.0,348.0,1.137931
G?qfVO,8,12,31.0,390.0,341.0,1.143695
G?qfVS,8,13,30.0,407.0,360.0,1.130556
G?qfVW,8,13,29.0,393.0,348.0,1.12931
G?qfV[,8,14,28.0,408.0,364.0,1.120879
G?qfVg,8,13,45.0,595.0,540.0,1.101852
G?qfVk,8,14,43.0,612.0,559.0,1.094812
G?qfVo,8,13,46.0,606.0,552.0,1.097826
G?qfVs,8,14,44.0,624.0,572.0,1.090909
G?qfVw,8,14,43.0,609.0,559.0,1.089445
G?qfV{,8,15,41.0,624.0,574.0,1.087108
G?qfZw,8,14,44.0,618.0,572.0,1.08042
G?qfZ{,8,15,42.0,635.0,588.0,1.079932
G?qf]w,8,14,44.0,626.0,572.0,1.094406
G?qf]{,8,15,42.0,639.0,588.0,1.086735
G?qf^W,8,14,28.0,406.0,364.0,1.115385
G?qf^[,8,15,27.0,420.0,378.0,1.111111
G?qf^w,8,15,42.0,635.0,588.0,1.079932
G?qf^{,8,16,40.0,648.0,600.0,1.08
G?qfaw,8,12,45.0,575.0,495.0,1.161616
G?qfa{,8,13,44.0,603.0,528.0,1.142045
G?qfbW,8,12,47.0,574.0,517.0,1.110251
G?qfb[,8,13,45.0,594.0,540.0,1.1
G?qfbo,8,12,46.0,585.0,506.0,1.156126
G?qfbs,8,13,45.0,612.0,540.0,1.133333
G?qfbw,8,13,43.0,589.0,516.0,1.141473
G?qfb{,8,14,42.0,615.0,546.0,1.126374
G?qfcw,8,12,46.0,587.0,506.0,1.160079
G?qfc{,8,13,45.0,614.0,540.0,1.137037
G?qfeW,8,12,48.0,587.0,528.0,1.111742
G?qfe[,8,13,46.0,606.0,552.0,1.097826
G?qfeg,8,12,46.0,585.0,506.0,1.156126
G?qfek,8,13,45.0,612.0,540.0,1.133333
G?qfeo,8,12,48.0,611.0,528.0,1.157197
G?qfes,8,13,46.0,629.0,552.0,1.139493
G?qfew,8,13,44.0,603.0,528.0,1.142045
G?qfe{,8,14,43.0,628.0,559.0,1.123435
G?qffO,8,12,48.0,587.0,528.0,1.111742
G?qffS,8,13,46.0,605.0,552.0,1.096014
G?qffW,8,13,46.0,607.0,552.0,1.099638
G?qff[,8,14,44.0,622.0,572.0,1.087413
G?qff_,8,12,48.0,604.0,528.0,1.143939
G?qffc,8,13,47.0,632.0,564.0,1.120567
G?qffo,8,13,45.0,612.0,540.0,1.133333
G?qffs,8,14,44.0,638.0,572.0,1.115385
G?qffw,8,14,42.0,615.0,546.0,1.126374
G?qff{,8,15,41.0,638.0,574.0,1.111498
G?qfrw,8,14,42.0,612.0,546.0,1.120879
G?qfr{,8,15,41.0,637.0,574.0,1.109756
G?qftw,8,14,43.0,627.0,559.0,1.121646
G?qft{,8,15,42.0,651.0,588.0,1.107143
G?qfuw,8,14,42.0,618.0,546.0,1.131868
G?qfu{,8,15,41.0,642.0,574.0,1.118467
G?qfvW,8,14,44.0,622.0,572.0,1.087413
G?qfv[,8,15,42.0,637.0,588.0,1.083333
G?qfvg,8,14,42.0,616.0,546.0,1.128205
G?qfvk,8,15,41.0,640.0,574.0,1.114983
G?qfvo,8,14,44.0,638.0,572.0,1.115385
G?qfvs,8,15,43.0,664.0,602.0,1.10299
G?qfvw,8,15,41.0,637.0,574.0,1.109756
G?qfv{,8,16,40.0,660.0,600.0,1.1
G?qf~w,8,16,40.0,658.0,600.0,1.096667
G?qf~{,8,17,39.0,680.0,624.0,1.089744
G?qix{,8,14,44.0,638.0,572.0,1.115385
G?qi|{,8,15,42.0,653.0,588.0,1.110544
G?qi~[,8,15,43.0,650.0,602.0,1.079734
G?qi~k,8,15,41.0,640.0,574.0,1.114983
G?qi~o,8,14,42.0,616.0,546.0,1.128205
G?qi~w,8,15,41.0,640.0,574.0,1.114983
G?qi~{,8,16,40.0,662.0,600.0,1.103333
G?qj]{,8,15,42.0,639.0,588.0,1.086735
G?qj^[,8,15,27.0,420.0,378.0,1.111111
G?qj^w,8,15,42.0,635.0,588.0,1.079932
G?qj^{,8,16,40.0,648.0,600.0,1.08
G?qjzw,8,15,42.0,651.0,588.0,1.107143
G?qjz{,8,16,41.0,676.0,615.0,1.099187
G?qj~w,8,16,40.0,660.0,600.0,1.1
G?qj~{,8,17,39.0,682.0,624.0,1.092949
G?qkz[,8,14,44.0,624.0,572.0,1.090909
G?qkz{,8,15,41.0,642.0,574.0,1.118467
G?qk~[,8,15,43.0,650.0,602.0,1.079734
G?qk~w,8,15,41.0,642.0,574.0,1.118467
G?qk~{,8,16,40.0,662.0,600.0,1.103333
G?qmzw,8,15,41.0,642.0,574.0,1.118467
G?qmz{,8,16,40.0,664.0,600.0,1.106667
G?qm|w,8,15,42.0,655.0,588.0,1.113946
G?qm|{,8,16,41.0,676.0,615.0,1.099187
G?qm}w,8,15,43.0,650.0,602.0,1.079734
G?qm}{,8,16,42.0,676.0,630.0,1.073016
G?qm~w,8,16,40.0,664.0,600.0,1.106667
G?qm~{,8,17,39.0,684.0,624.0,1.096154
G?qnZw,8,15,43.0,648.0,602.0,1.076412
G?qnZ{,8,16,41.0,662.0,615.0,1.076423
G?qn]w,8,15,43.0,654.0,602.0,1.086379
G?qn]{,8,16,41.0,664.0,615.0,1.079675
G?qn^W,8,15,27.0,420.0,378.0,1.111111
G?qn^[,8,16,26.0,432.0,390.0,1.107692
G?qn^w,8,16,41.0,662.0,615.0,1.076423
G?qn^{,8,17,39.0,672.0,624.0,1.076923
G?qnaw,8,13,43.0,592.0,516.0,1.147287
G?qna{,8,14,42.0,617.0,546.0,1.130037
G?qnbW,8,13,46.0,603.0,552.0,1.092391
G?qnb[,8,14,44.0,620.0,572.0,1.083916
G?qnbw,8,14,42.0,613.0,546.0,1.122711
G?qnb{,8,15,41.0,637.0,574.0,1.109756
G?qncw,8,13,43.0,597.0,516.0,1.156977
G?qnc{,8,14,42.0,620.0,546.0,1.135531
G?qnew,8,14,42.0,620.0,546.0,1.135531
G?qne{,8,15,41.0,642.0,574.0,1.118467
G?qnfW,8,14,45.0,636.0,585.0,1.087179
G?qnf[,8,15,43.0,648.0,602.0,1.076412
G?qnf_,8,13,45.0,612.0,540.0,1.133333
G?qnfc,8,14,44.0,636.0,572.0,1.111888
G?qnfo,8,14,43.0,627.0,559.0,1.121646
G?qnfs,8,15,42.0,650.0,588.0,1.105442
G?qnfw,8,15,41.0,639.0,574.0,1.11324
G?qnf{,8,16,40.0,660.0,600.0,1.1
G?qnrw,8,15,41.0,637.0,574.0,1.109756
G?qnr{,8,16,40.0,660.0,600.0,1.1
G?qntw,8,15,41.0,643.0,574.0,1.120209
G?qnt{,8,16,40.0,664.0,600.0,1.106667
G?qnuw,8,15,41.0,642.0,574.0,1.118467
G?qnu{,8,16,40.0,664.0,600.0,1.106667
G?qnvW,8,15,43.0,650.0,602.0,1.079734
G?qnv[,8,16,41.0,662.0,615.0,1.076423
G?qnvg,8,15,41.0,638.0,574.0,1.111498
G?qnvk,8,16,40.0,660.0,600.0,1.1
G?qnvo,8,15,42.0,652.0,588.0,1.108844
G?qnvs,8,16,41.0,675.0,615.0,1.097561
G?qnvw,8,16,40.0,661.0,600.0,1.101667
G?qnv{,8,17,39.0,682.0,624.0,1.092949
G?qn~w,8,17,39.0,682.0,624.0,1.092949
G?qn~{,8,18,38.0,702.0,646.0,1.086687
G?qpz{,8,15,41.0,644.0,574.0,1.121951
G?qp|{,8,15,44.0,661.0,616.0,1.073052
G?qp~W,8,14,43.0,629.0,559.0,1.125224
G?qp~[,8,15,42.0,653.0,588.0,1.110544
G?qp~g,8,14,42.0,618.0,546.0,1.131868
G?qp~k,8,15,41.0,644.0,574.0,1.121951
G?qp~o,8,14,43.0,626.0,559.0,1.119857
G?qp~s,8,15,42.0,650.0,588.0,1.105442
G?qp~w,8,15,41.0,639.0,574.0,1.11324
G?qp~{,8,16,40.0,662.0,600.0,1.103333
G?qrQs,8,12,45.0,597.0,495.0,1.206061
G?qrQ{,8,13,43.0,598.0,516.0,1.158915
G?qrS{,8,13,45.0,616.0,540.0,1.140741
G?qrT[,8,13,48.0,626.0,576.0,1.086806
G?qrTg,8,12,50.0,636.0,550.0,1.156364
G?qrTs,8,13,45.0,615.0,540.0,1.138889
G?qrTw,8,13,46.0,627.0,552.0,1.13587
G?qrT{,8,14,44.0,639.0,572.0,1.117133
G?qrUs,8,13,44.0,614.0,528.0,1.162879
G?qrUw,8,13,44.0,610.0,528.0,1.155303
G?qrU{,8,14,42.0,620.0,546.0,1.135531
G?qrVS,8,13,49.0,645.0,588.0,1.096939
G?qrV[,8,14,45.0,634.0,585.0,1.083761
G?qrV_,8,12,47.0,597.0,517.0,1.154739
G?qrVg,8,13,45.0,614.0,540.0,1.137037
G?qrVo,8,13,45.0,615.0,540.0,1.138889
G?qrVs,8,14,43.0,631.0,559.0,1.128801
G?qrVw,8,14,43.0,627.0,559.0,1.121646
G?qrV{,8,15,41.0,638.0,574.0,1.111498
G?qrX{,8,14,43.0,630.0,559.0,1.127013
G?qrY{,8,14,42.0,620.0,546.0,1.135531
G?qrZ{,8,15,41.0,642.0,574.0,1.118467
G?qr\w,8,14,43.0,628.0,559.0,1.123435
G?qr\{,8,15,42.0,653.0,588.0,1.110544
G?qr]{,8,15,41.0,642.0,574.0,1.118467
G?qr^[,8,15,43.0,648.0,602.0,1.076412
G?qr^g,8,14,43.0,624.0,559.0,1.116279
G?qr^k,8,15,42.0,650.0,588.0,1.105442
G?qr^o,8,14,42.0,614.0,546.0,1.124542
G?qr^s,8,15,41.0,639.0,574.0,1.11324
G?qr^w,8,15,41.0,636.0,574.0,1.108014
G?qr^{,8,16,40.0,660.0,600.0,1.1
G?qr`{,8,13,45.0,619.0,540.0,1.146296
G?qrdW,8,12,47.0,605.0,517.0,1.170213
G?qrd[,8,13,45.0,616.0,540.0,1.140741
G?qrdg,8,12,49.0,633.0,539.0,1.174397
G?qrdk,8,13,46.0,636.0,552.0,1.152174
G?qrdo,8,12,46.0,592.0,506.0,1.16996
G?qrds,8,13,44.0,604.0,528.0,1.143939
G?qrdw,8,13,45.0,619.0,540.0,1.146296
G?qrd{,8,14,43.0,630.0,559.0,1.127013
G?qrfO,8,12,48.0,609.0,528.0,1.153409
G?qrfW,8,13,45.0,615.0,540.0,1.138889
G?qrf[,8,14,43.0,628.0,559.0,1.123435
G?qrf_,8,12,48.0,608.0,528.0,1.151515
G?qrfg,8,13,46.0,625.0,552.0,1.132246
G?qrfk,8,14,44.0,640.0,572.0,1.118881
G?qrfo,8,13,45.0,614.0,540.0,1.137037
G?qrfw,8,14,43.0,627.0,559.0,1.121646
G?qrf{,8,15,41.0,638.0,574.0,1.111498
G?qrh{,8,14,42.0,625.0,546.0,1.144689
G?qrl{,8,15,41.0,644.0,574.0,1.121951
G?qrn[,8,15,42.0,651.0,588.0,1.107143
G?qrnk,8,15,43.0,666.0,602.0,1.106312
G?qrno,8,14,42.0,618.0,546.0,1.131868
G?qrnw,8,15,41.0,639.0,574.0,1.11324
G?qrn{,8,16,40.0,660.0,600.0,1.1
G?qrp{,8,14,43.0,631.0,559.0,1.128801
G?qrr[,8,14,42.0,620.0,546.0,1.135531
G?qrrk,8,14,42.0,624.0,546.0,1.142857
G?qrro,8,13,44.0,608.0,528.0,1.151515
G?qrrs,8,14,43.0,635.0,559.0,1.135957
G?qrrw,8,14,42.0,616.0,546.0,1.128205
G?qrr{,8,15,41.0,642.0,574.0,1.118467
G?qrtw,8,14,43.0,628.0,559.0,1.123435
G?qrt{,8,15,42.0,651.0,588.0,1.107143
G?qrvW,8,14,42.0,617.0,546.0,1.130037
G?qrv[,8,15,41.0,640.0,574.0,1.114983
G?qrvg,8,14,42.0,616.0,546.0,1.128205
G?qrvk,8,15,41.0,639.0,574.0,1.11324
G?qrvo,8,14,43.0,627.0,559.0,1.121646
G?qrvs,8,15,42.0,650.0,588.0,1.105442
G?qrvw,8,15,41.0,636.0,574.0,1.108014
G?qrv{,8,16,40.0,658.0,600.0,1.096667
G?qrzw,8,15,41.0,638.0,574.0,1.111498
G?qrz{,8,16,40.0,664.0,600.0,1.106667
G?qr~w,8,16,40.0,656.0,600.0,1.093333
G?qr~{,8,17,39.0,680.0,624.0,1.089744
G?qtX{,8,14,45.0,636.0,585.0,1.087179
G?qtY{,8,14,43.0,630.0,559.0,1.127013
G?qtZ[,8,14,44.0,626.0,572.0,1.094406
G?qtZk,8,14,43.0,631.0,559.0,1.128801
G?qtZs,8,14,43.0,629.0,559.0,1.125224
G?qtZw,8,14,42.0,618.0,546.0,1.131868
G?qtZ{,8,15,41.0,642.0,574.0,1.118467
G?qt[{,8,14,45.0,640.0,585.0,1.094017
G?qt\{,8,15,44.0,665.0,616.0,1.079545
G?qt]w,8,14,43.0,632.0,559.0,1.13059
G?qt]{,8,15,42.0,655.0,588.0,1.113946
G?qt^[,8,15,43.0,654.0,602.0,1.086379
G?qt^g,8,14,43.0,631.0,559.0,1.128801
G?qt^k,8,15,42.0,656.0,588.0,1.115646
G?qt^o,8,14,43.0,630.0,559.0,1.127013
G?qt^s,8,15,42.0,654.0,588.0,1.112245
G?qt^w,8,15,41.0,642.0,574.0,1.118467
G?qt^{,8,16,40.0,664.0,600.0,1.106667
G?qt`{,8,13,47.0,622.0,564.0,1.102837
G?qtbO,8,11,51.0,602.0,510.0,1.180392
G?qtbW,8,12,47.0,599.0,517.0,1.158607
G?qtb[,8,13,45.0,614.0,540.0,1.137037
G?qtb_,8,11,50.0,602.0,500.0,1.204
G?qtbg,8,12,47.0,606.0,517.0,1.172147
G?qtbk,8,13,45.0,624.0,540.0,1.155556
G?qtbo,8,12,46.0,593.0,506.0,1.171937
G?qtbw,8,13,44.0,604.0,528.0,1.143939
G?qtb{,8,14,42.0,619.0,546.0,1.1337
G?qtd[,8,13,49.0,639.0,588.0,1.086735
G?qtdg,8,12,53.0,605.0,583.0,1.037736
G?qtdk,8,13,52.0,641.0,624.0,1.027244
G?qtdo,8,12,48.0,596.0,528.0,1.128788
G?qtdw,8,13,47.0,623.0,564.0,1.10461
G?qtd{,8,14,46.0,650.0,598.0,1.086957
G?qtfO,8,12,50.0,629.0,550.0,1.143636
G?qtfW,8,13,46.0,628.0,552.0,1.137681
G?qtf[,8,14,44.0,641.0,572.0,1.120629
G?qtf_,8,12,48.0,616.0,528.0,1.166667
G?qtfg,8,13,46.0,631.0,552.0,1.143116
G?qtfk,8,14,44.0,647.0,572.0,1.131119
G?qtfo,8,13,45.0,620.0,540.0,1.148148
G?qtfw,8,14,43.0,631.0,559.0,1.128801
G?qtf{,8,15,41.0,642.0,574.0,1.118467
G?qth{,8,14,46.0,654.0,598.0,1.093645
G?qtj[,8,14,44.0,642.0,572.0,1.122378
G?qtjk,8,14,44.0,654.0,572.0,1.143357
G?qtjo,8,13,45.0,621.0,540.0,1.15
G?qtjw,8,14,43.0,631.0,559.0,1.128801
G?qtj{,8,15,41.0,645.0,574.0,1.123693
G?qtl[,8,14,48.0,673.0,624.0,1.078526
G?qtlk,8,14,51.0,680.0,663.0,1.025641
G?qtl{,8,15,45.0,682.0,630.0,1.08254
G?qtn[,8,15,43.0,669.0,602.0,1.111296
G?qtnk,8,15,43.0,677.0,602.0,1.124585
G?qtno,8,14,44.0,646.0,572.0,1.129371
G?qtnw,8,15,42.0,657.0,588.0,1.117347
G?qtn{,8,16,40.0,668.0,600.0,1.113333
G?qtp{,8,14,45.0,631.0,585.0,1.078632
G?qtrW,8,13,44.0,601.0,528.0,1.138258
G?qtr[,8,14,43.0,627.0,559.0,1.121646
G?qtrg,8,13,43.0,599.0,516.0,1.160853
G?qtrk,8,14,42.0,619.0,546.0,1.1337
G?qtro,8,13,44.0,604.0,528.0,1.143939
G?qtrs,8,14,43.0,627.0,559.0,1.121646
G?qtrw,8,14,42.0,615.0,546.0,1.126374
G?qtr{,8,15,41.0,639.0,574.0,1.11324
G?qtt[,8,14,45.0,636.0,585.0,1.087179
G?qttg,8,13,47.0,626.0,564.0,1.109929
G?qttk,8,14,46.0,654.0,598.0,1.093645
G?qtto,8,13,46.0,608.0,552.0,1.101449
G?qtts,8,14,45.0,637.0,585.0,1.088889
G?qttw,8,14,45.0,632.0,585.0,1.080342
G?qtt{,8,15,44.0,661.0,616.0,1.073052
G?qtvW,8,14,43.0,629.0,559.0,1.125224
G?qtv[,8,15,42.0,653.0,588.0,1.110544
G?qtvg,8,14,42.0,620.0,546.0,1.135531
G?qtvk,8,15,41.0,644.0,574.0,1.121951
G?qtvo,8,14,43.0,631.0,559.0,1.128801
G?qtvs,8,15,42.0,654.0,588.0,1.112245
G?qtvw,8,15,41.0,640.0,574.0,1.114983
G?qtv{,8,16,40.0,662.0,600.0,1.103333
G?qtzw,8,15,41.0,640.0,574.0,1.114983
G?qtz{,8,16,40.0,664.0,600.0,1.106667
G?qt|w,8,15,44.0,661.0,616.0,1.073052
G?qt|{,8,16,43.0,690.0,645.0,1.069767
G?qt~w,8,16,40.0,664.0,600.0,1.106667
G?qt~{,8,17,39.0,686.0,624.0,1.099359
G?qvPw,8,13,46.0,625.0,552.0,1.132246
G?qvP{,8,14,44.0,640.0,572.0,1.118881
G?qvQw,8,13,44.0,605.0,528.0,1.145833
G?qvQ{,8,14,42.0,621.0,546.0,1.137363
G?qvR[,8,14,45.0,636.0,585.0,1.087179
G?qvRg,8,13,45.0,617.0,540.0,1.142593
G?qvRk,8,14,43.0,629.0,559.0,1.125224
G?qvRo,8,13,45.0,615.0,540.0,1.138889
G?qvRs,8,14,43.0,631.0,559.0,1.128801
G?qvRw,8,14,43.0,626.0,559.0,1.119857
G?qvR{,8,15,41.0,641.0,574.0,1.116725
G?qvSw,8,13,46.0,630.0,552.0,1.141304
G?qvS{,8,14,44.0,644.0,572.0,1.125874
G?qvT[,8,14,47.0,659.0,611.0,1.07856
G?qvTg,8,13,49.0,661.0,588.0,1.12415
G?qvTk,8,14,45.0,657.0,585.0,1.123077
G?qvTo,8,13,46.0,628.0,552.0,1.137681
G?qvTs,8,14,44.0,643.0,572.0,1.124126
G?qvTw,8,14,45.0,654.0,585.0,1.117949
G?qvT{,8,15,43.0,667.0,602.0,1.107973
G?qvUo,8,13,46.0,632.0,552.0,1.144928
G?qvUs,8,14,43.0,639.0,559.0,1.143113
G?qvUw,8,14,43.0,633.0,559.0,1.132379
G?qvU{,8,15,41.0,646.0,574.0,1.125436
G?qvVO,8,13,49.0,643.0,588.0,1.093537
G?qvVS,8,14,48.0,677.0,624.0,1.084936
G?qvVW,8,14,45.0,635.0,585.0,1.08547
G?qvV[,8,15,44.0,665.0,616.0,1.079545
G?qvVg,8,14,44.0,641.0,572.0,1.120629
G?qvVk,8,15,42.0,655.0,588.0,1.113946
G?qvVo,8,14,44.0,643.0,572.0,1.124126
G?qvVs,8,15,42.0,658.0,588.0,1.119048
G?qvVw,8,15,42.0,652.0,588.0,1.108844
G?qvV{,8,16,40.0,664.0,600.0,1.106667
G?qvZw,8,15,41.0,638.0,574.0,1.111498
G?qvZ{,8,16,40.0,662.0,600.0,1.103333
G?qv\w,8,15,42.0,655.0,588.0,1.113946
G?qv\{,8,16,41.0,678.0,615.0,1.102439
G?qv]w,8,15,41.0,644.0,574.0,1.121951
G?qv]{,8,16,40.0,666.0,600.0,1.11
G?qv^W,8,15,43.0,648.0,602.0,1.076412
G?qv^[,8,16,42.0,676.0,630.0,1.073016
G?qv^w,8,16,40.0,662.0,600.0,1.103333
G?qv^{,8,17,39.0,684.0,624.0,1.096154
G?qv`w,8,13,44.0,603.0,528.0,1.142045
G?qv`{,8,14,43.0,630.0,559.0,1.127013
G?qvbW,8,13,44.0,600.0,528.0,1.136364
G?qvb[,8,14,43.0,627.0,559.0,1.121646
G?qvbg,8,13,45.0,614.0,540.0,1.137037
G?qvbk,8,14,44.0,640.0,572.0,1.118881
G?qvbo,8,13,44.0,603.0,528.0,1.142045
G?qvbs,8,14,43.0,627.0,559.0,1.121646
G?qvbw,8,14,42.0,614.0,546.0,1.124542
G?qvb{,8,15,41.0,639.0,574.0,1.11324
G?qvdW,8,13,45.0,616.0,540.0,1.140741
G?qvd[,8,14,44.0,642.0,572.0,1.122378
G?qvdg,8,13,47.0,644.0,564.0,1.141844
G?qvdk,8,14,45.0,660.0,585.0,1.128205
G?qvdo,8,13,44.0,607.0,528.0,1.149621
G?qvds,8,14,43.0,631.0,559.0,1.128801
G?qvdw,8,14,43.0,631.0,559.0,1.128801
G?qvd{,8,15,42.0,655.0,588.0,1.113946
G?qvfO,8,13,46.0,627.0,552.0,1.13587
G?qvfS,8,14,44.0,643.0,572.0,1.124126
G?qvfW,8,14,43.0,629.0,559.0,1.125224
G?qvf[,8,15,42.0,653.0,588.0,1.110544
G?qvf_,8,13,46.0,628.0,552.0,1.137681
G?qvfc,8,14,45.0,653.0,585.0,1.116239
G?qvfg,8,14,44.0,641.0,572.0,1.120629
G?qvfk,8,15,43.0,666.0,602.0,1.106312
G?qvfo,8,14,43.0,631.0,559.0,1.128801
G?qvfs,8,15,42.0,654.0,588.0,1.112245
G?qvfw,8,15,41.0,640.0,574.0,1.114983
G?qvf{,8,16,40.0,662.0,600.0,1.103333
G?qvjw,8,15,41.0,636.0,574.0,1.108014
G?qvj{,8,16,40.0,661.0,600.0,1.101667
G?qvlw,8,15,41.0,644.0,574.0,1.121951
G?qvl{,8,16,40.0,668.0,600.0,1.113333
G?qvnW,8,15,42.0,652.0,588.0,1.108844
G?qvn[,8,16,41.0,676.0,615.0,1.099187
G?qvng,8,15,43.0,666.0,602.0,1.106312
G?qvnk,8,16,42.0,692.0,630.0,1.098413
G?qvnw,8,16,40.0,661.0,600.0,1.101667
G?qvn{,8,17,39.0,684.0,624.0,1.096154
G?qvrw,8,15,41.0,635.0,574.0,1.106272
G?qvr{,8,16,40.0,659.0,600.0,1.098333
G?qvtw,8,15,42.0,653.0,588.0,1.110544
G?qvt{,8,16,41.0,676.0,615.0,1.099187
G?qvvW,8,15,41.0,641.0,574.0,1.116725
G?qvv[,8,16,40.0,664.0,600.0,1.106667
G?qvvg,8,15,41.0,641.0,574.0,1.116725
G?qvvk,8,16,40.0,664.0,600.0,1.106667
G?qvvo,8,15,42.0,654.0,588.0,1.112245
G?qvvs,8,16,41.0,677.0,615.0,1.100813
G?qvvw,8,16,40.0,660.0,600.0,1.1
G?qvv{,8,17,39.0,682.0,624.0,1.092949
G?qv~w,8,17,39.0,680.0,624.0,1.089744
G?qv~{,8,18,38.0,702.0,646.0,1.086687
G?qztw,8,15,41.0,644.0,574.0,1.121951
G?qzt{,8,16,40.0,664.0,600.0,1.106667
G?qzvo,8,15,41.0,640.0,574.0,1.114983
G?qzvw,8,16,40.0,660.0,600.0,1.1
G?qzv{,8,17,39.0,680.0,624.0,1.089744
G?qz~{,8,18,38.0,702.0,646.0,1.086687
G?q|ro,8,14,42.0,620.0,546.0,1.135531
G?q|rw,8,15,41.0,640.0,574.0,1.114983
G?q|r{,8,16,40.0,662.0,600.0,1.103333
G?q|to,8,14,44.0,624.0,572.0,1.090909
G?q|tw,8,15,43.0,650.0,602.0,1.079734
G?q|t{,8,16,42.0,676.0,630.0,1.073016
G?q|vo,8,15,41.0,644.0,574.0,1.121951
G?q|vw,8,16,40.0,664.0,600.0,1.106667
G?q|v{,8,17,39.0,684.0,624.0,1.096154
G?q|z{,8,17,39.0,686.0,624.0,1.099359
G?q||{,8,17,41.0,702.0,656.0,1.070122
G?q|~{,8,18,38.0,706.0,646.0,1.092879
G?q~rw,8,16,40.0,658.0,600.0,1.096667
G?q~r{,8,17,39.0,680.0,624.0,1.089744
G?q~tw,8,16,40.0,666.0,600.0,1.11
G?q~t{,8,17,39.0,686.0,624.0,1.099359
G?q~vo,8,16,40.0,664.0,600.0,1.106667
G?q~vs,8,17,39.0,684.0,624.0,1.096154
G?q~vw,8,17,39.0,682.0,624.0,1.092949
G?q~v{,8,18,38.0,702.0,646.0,1.086687
G?q~~w,8,18,38.0,702.0,646.0,1.086687
G?q~~{,8,19,37.0,722.0,666.0,1.084084
G?r@`_,8,8,16.0,144.0,112.0,1.285714
G?r@`c,8,9,15.0,148.0,120.0,1.233333
G?r@dO,8,9,66.0,513.0,528.0,0.971591
G?r@dS,8,10,56.0,589.0,504.0,1.168651
G?r@d_,8,9,64.0,576.0,512.0,1.125
G?r@dc,8,10,59.0,587.0,531.0,1.105461
G?r@do,8,10,56.0,615.0,504.0,1.220238
G?r@ds,8,11,51.0,609.0,510.0,1.194118
G?r@eW,8,10,16.0,162.0,144.0,1.125
G?r@e[,8,11,53.0,532.0,530.0,1.003774
G?r@fO,8,10,62.0,532.0,558.0,0.953405
G?r@fS,8,11,52.0,589.0,520.0,1.132692
G?r@fW,8,11,58.0,558.0,580.0,0.962069
G?r@f[,8,12,48.0,596.0,528.0,1.128788
G?r@f_,8,10,56.0,608.0,504.0,1.206349
G?r@fc,8,11,51.0,602.0,510.0,1.180392
G?r@fo,8,11,52.0,614.0,520.0,1.180769
G?r@fs,8,12,47.0,599.0,517.0,1.158607
G?r@fw,8,12,48.0,620.0,528.0,1.174242
G?r@f{,8,13,43.0,596.0,516.0,1.155039
G?rDQg,8,10,58.0,570.0,522.0,1.091954
G?rDQk,8,11,50.0,540.0,500.0,1.08
G?rDRG,8,10,32.0,354.0,288.0,1.229167
G?rDRK,8,11,31.0,362.0,310.0,1.167742
G?rDRg,8,11,48.0,557.0,480.0,1.160417
G?rDRk,8,12,46.0,562.0,506.0,1.110672
G?rDSg,8,10,54.0,542.0,486.0,1.115226
G?rDSk,8,11,50.0,544.0,500.0,1.088
G?rDSo,8,10,54.0,535.0,486.0,1.100823
G?rDSs,8,11,50.0,553.0,500.0,1.106
G?rDTG,8,10,33.0,356.0,297.0,1.198653
G?rDTK,8,11,32.0,373.0,320.0,1.165625
G?rDTS,8,11,33.0,387.0,330.0,1.172727
G?rDTg,8,11,49.0,557.0,490.0,1.136735
G?rDTk,8,12,47.0,576.0,517.0,1.11412
G?rDTo,8,11,50.0,567.0,500.0,1.134
G?rDTs,8,12,48.0,593.0,528.0,1.123106
G?rDUW,8,11,34.0,380.0,340.0,1.117647
G?rDU[,8,12,32.0,385.0,352.0,1.09375
G?rDUg,8,11,52.0,568.0,520.0,1.092308
G?rDUk,8,12,48.0,564.0,528.0,1.068182
G?rDUo,8,11,52.0,561.0,520.0,1.078846
G?rDUs,8,12,48.0,569.0,528.0,1.077652
G?rDUw,8,12,50.0,590.0,550.0,1.072727
G?rDU{,8,13,46.0,588.0,552.0,1.065217
G?rDVG,8,11,31.0,365.0,310.0,1.177419
G?rDVK,8,12,30.0,379.0,330.0,1.148485
G?rDVO,8,11,32.0,373.0,320.0,1.165625
G?rDVS,8,12,31.0,390.0,341.0,1.143695
G?rDVW,8,12,30.0,382.0,330.0,1.157576
G?rDV[,8,13,29.0,394.0,348.0,1.132184
G?rDV_,8,11,49.0,554.0,490.0,1.130612
G?rDVc,8,12,47.0,575.0,517.0,1.112186
G?rDVg,8,12,46.0,566.0,506.0,1.118577
G?rDVk,8,13,44.0,582.0,528.0,1.102273
G?rDVo,8,12,47.0,575.0,517.0,1.112186
G?rDVs,8,13,45.0,594.0,540.0,1.1
G?rDVw,8,13,44.0,586.0,528.0,1.109848
G?rDV{,8,14,42.0,598.0,546.0,1.095238
G?rD`o,8,10,52.0,578.0,468.0,1.235043
G?rD`s,8,11,51.0,606.0,510.0,1.188235
G?rD`w,8,11,48.0,570.0,480.0,1.1875
G?rD`{,8,12,47.0,597.0,517.0,1.154739
G?rDbO,8,10,53.0,563.0,477.0,1.180294
G?rDbS,8,11,49.0,557.0,490.0,1.136735
G?rDbW,8,11,51.0,588.0,510.0,1.152941
G?rDb[,8,12,47.0,578.0,517.0,1.117988
G?rDb_,8,10,52.0,576.0,468.0,1.230769
G?rDbc,8,11,49.0,582.0,490.0,1.187755
G?rDbo,8,11,48.0,572.0,480.0,1.191667
G?rDbs,8,12,46.0,586.0,506.0,1.158103
G?rDbw,8,12,45.0,582.0,495.0,1.175758
G?rDb{,8,13,43.0,593.0,516.0,1.149225
G?rDdO,8,10,54.0,565.0,486.0,1.162551
G?rDdS,8,11,52.0,587.0,520.0,1.128846
G?rDdW,8,11,52.0,588.0,520.0,1.130769
G?rDd[,8,12,50.0,604.0,550.0,1.098182
G?rDdc,8,11,55.0,642.0,550.0,1.167273
G?rDdo,8,11,50.0,592.0,500.0,1.184
G?rDds,8,12,49.0,622.0,539.0,1.153989
G?rDdw,8,12,47.0,598.0,517.0,1.156673
G?rDd{,8,13,46.0,623.0,552.0,1.128623
G?rDeW,8,11,56.0,557.0,560.0,0.994643
G?rDe[,8,12,50.0,588.0,550.0,1.069091
G?rDfO,8,11,52.0,590.0,520.0,1.134615
G?rDfS,8,12,48.0,588.0,528.0,1.113636
G?rDfW,8,12,50.0,615.0,550.0,1.118182
G?rDf[,8,13,46.0,607.0,552.0,1.099638
G?rDf_,8,11,50.0,588.0,500.0,1.176
G?rDfc,8,12,48.0,605.0,528.0,1.145833
G?rDfo,8,12,47.0,599.0,517.0,1.158607
G?rDfs,8,13,45.0,612.0,540.0,1.133333
G?rDfw,8,13,44.0,608.0,528.0,1.151515
G?rDf{,8,14,42.0,616.0,546.0,1.128205
G?rDrg,8,12,44.0,570.0,484.0,1.177686
G?rDrk,8,13,43.0,590.0,516.0,1.143411
G?rDtg,8,12,46.0,586.0,506.0,1.158103
G?rDtk,8,13,45.0,612.0,540.0,1.133333
G?rDto,8,12,48.0,607.0,528.0,1.149621
G?rDts,8,13,47.0,639.0,564.0,1.132979
G?rDvW,8,13,46.0,612.0,552.0,1.108696
G?rDv[,8,14,44.0,622.0,572.0,1.087413
G?rDvg,8,13,43.0,593.0,516.0,1.149225
G?rDvk,8,14,42.0,615.0,546.0,1.126374
G?rDvo,8,13,45.0,612.0,540.0,1.133333
G?rDvs,8,14,44.0,638.0,572.0,1.115385
G?rDvw,8,14,42.0,618.0,546.0,1.131868
G?rDv{,8,15,41.0,638.0,574.0,1.111498
G?rE\o,8,12,50.0,594.0,550.0,1.08
G?rE\s,8,13,47.0,598.0,564.0,1.060284
G?rE]W,8,12,18.0,228.0,198.0,1.151515
G?rE][,8,13,17.0,234.0,204.0,1.147059
G?rE^W,8,13,30.0,394.0,360.0,1.094444
G?rE^[,8,14,28.0,399.0,364.0,1.096154
G?rE^o,8,13,47.0,598.0,564.0,1.060284
G?rE^s,8,14,44.0,608.0,572.0,1.062937
G?rE^w,8,14,44.0,608.0,572.0,1.062937
G?rE^{,8,15,41.0,612.0,574.0,1.066202
G?rFSw,8,12,50.0,583.0,550.0,1.06
G?rFS{,8,13,46.0,589.0,552.0,1.067029
G?rFTW,8,12,30.0,379.0,330.0,1.148485
G?rFT[,8,13,29.0,395.0,348.0,1.135057
G?rFTg,8,12,47.0,580.0,517.0,1.121857
G?rFTk,8,13,45.0,593.0,540.0,1.098148
G?rFTo,8,12,48.0,589.0,528.0,1.11553
G?rFTs,8,13,46.0,607.0,552.0,1.099638
G?rFTw,8,13,45.0,594.0,540.0,1.1
G?rFT{,8,14,43.0,611.0,559.0,1.093023
G?rFUW,8,12,32.0,385.0,352.0,1.09375
G?rFU[,8,13,30.0,394.0,360.0,1.094444
G?rFUg,8,12,50.0,582.0,550.0,1.058182
G?rFUk,8,13,46.0,588.0,552.0,1.065217
G?rFUo,8,12,50.0,584.0,550.0,1.061818
G?rFUs,8,13,46.0,590.0,552.0,1.068841
G?rFUw,8,13,48.0,609.0,576.0,1.057292
G?rFU{,8,14,44.0,609.0,572.0,1.064685
G?rFVG,8,12,30.0,378.0,330.0,1.145455
G?rFVK,8,13,29.0,394.0,348.0,1.132184
G?rFVO,8,12,31.0,388.0,341.0,1.13783
G?rFVS,8,13,30.0,405.0,360.0,1.125
G?rFVW,8,13,29.0,394.0,348.0,1.132184
G?rFV[,8,14,28.0,408.0,364.0,1.120879
G?rFVg,8,13,45.0,593.0,540.0,1.098148
G?rFVk,8,14,43.0,610.0,559.0,1.091234
G?rFVo,8,13,46.0,604.0,552.0,1.094203
G?rFVs,8,14,44.0,622.0,572.0,1.087413
G?rFVw,8,14,43.0,611.0,559.0,1.093023
G?rFV{,8,15,41.0,624.0,574.0,1.087108
G?rF]w,8,14,46.0,632.0,598.0,1.056856
G?rF]{,8,15,42.0,626.0,588.0,1.064626
G?rF^W,8,14,28.0,408.0,364.0,1.120879
G?rF^[,8,15,27.0,420.0,378.0,1.111111
G?rF^w,8,15,42.0,638.0,588.0,1.085034
G?rF^{,8,16,40.0,648.0,600.0,1.08
G?rF`w,8,12,44.0,568.0,484.0,1.173554
G?rF`{,8,13,43.0,596.0,516.0,1.155039
G?rFdW,8,12,47.0,577.0,517.0,1.116054
G?rFd[,8,13,45.0,596.0,540.0,1.103704
G?rFdo,8,12,46.0,585.0,506.0,1.156126
G?rFds,8,13,45.0,612.0,540.0,1.133333
G?rFdw,8,13,43.0,592.0,516.0,1.147287
G?rFd{,8,14,42.0,617.0,546.0,1.130037
G?rFeW,8,12,50.0,588.0,550.0,1.069091
G?rFe[,8,13,47.0,598.0,564.0,1.060284
G?rFfO,8,12,48.0,585.0,528.0,1.107955
G?rFfS,8,13,46.0,603.0,552.0,1.092391
G?rFfW,8,13,46.0,608.0,552.0,1.101449
G?rFf[,8,14,44.0,622.0,572.0,1.087413
G?rFf_,8,12,48.0,600.0,528.0,1.136364
G?rFfc,8,13,47.0,628.0,564.0,1.113475
G?rFfo,8,13,45.0,610.0,540.0,1.12963
G?rFfs,8,14,44.0,636.0,572.0,1.111888
G?rFfw,8,14,42.0,616.0,546.0,1.128205
G?rFf{,8,15,41.0,638.0,574.0,1.111498
G?rFtw,8,14,42.0,615.0,546.0,1.126374
G?rFt{,8,15,41.0,639.0,574.0,1.11324
G?rFvW,8,14,44.0,623.0,572.0,1.089161
G?rFv[,8,15,42.0,637.0,588.0,1.083333
G?rFvg,8,14,42.0,614.0,546.0,1.124542
G?rFvk,8,15,41.0,638.0,574.0,1.111498
G?rFvo,8,14,44.0,636.0,572.0,1.111888
G?rFvs,8,15,43.0,662.0,602.0,1.099668
G?rFvw,8,15,41.0,638.0,574.0,1.111498
G?rFv{,8,16,40.0,660.0,600.0,1.1
G?rF~w,8,16,40.0,660.0,600.0,1.1
G?rF~{,8,17,39.0,680.0,624.0,1.089744
G?rHx{,8,14,46.0,658.0,598.0,1.100334
G?rH|{,8,15,43.0,664.0,602.0,1.10299
G?rH~W,8,14,45.0,637.0,585.0,1.088889
G?rH~[,8,15,43.0,652.0,602.0,1.083056
G?rH~o,8,14,42.0,618.0,546.0,1.131868
G?rH~s,8,15,41.0,642.0,574.0,1.118467
G?rH~w,8,15,41.0,642.0,574.0,1.118467
G?rH~{,8,16,40.0,664.0,600.0,1.106667
G?rLX{,8,14,45.0,634.0,585.0,1.083761
G?rLY{,8,14,45.0,621.0,585.0,1.061538
G?rLZ[,8,14,28.0,410.0,364.0,1.126374
G?rLZw,8,14,44.0,625.0,572.0,1.092657
G?rLZ{,8,15,42.0,639.0,588.0,1.086735
G?rL[{,8,14,45.0,621.0,585.0,1.061538
G?rL\[,8,14,29.0,420.0,377.0,1.114058
G?rL\{,8,15,43.0,650.0,602.0,1.079734
G?rL]w,8,14,47.0,644.0,611.0,1.05401
G?rL]{,8,15,43.0,639.0,602.0,1.061462
G?rL^[,8,15,27.0,422.0,378.0,1.116402
G?rL^o,8,14,44.0,625.0,572.0,1.092657
G?rL^s,8,15,42.0,639.0,588.0,1.086735
G?rL^w,8,15,42.0,640.0,588.0,1.088435
G?rL^{,8,16,40.0,650.0,600.0,1.083333
G?rL`{,8,13,46.0,626.0,552.0,1.134058
G?rLbW,8,12,50.0,626.0,550.0,1.138182
G?rLb[,8,13,46.0,611.0,552.0,1.106884
G?rLb_,8,11,51.0,610.0,510.0,1.196078
G?rLbc,8,12,48.0,616.0,528.0,1.166667
G?rLbo,8,12,47.0,603.0,517.0,1.166344
G?rLbs,8,13,45.0,615.0,540.0,1.138889
G?rLbw,8,13,44.0,613.0,528.0,1.160985
G?rLb{,8,14,42.0,621.0,546.0,1.137363
G?rLd[,8,13,49.0,640.0,588.0,1.088435
G?rLd_,8,11,55.0,642.0,550.0,1.167273
G?rLdc,8,12,54.0,674.0,594.0,1.13468
G?rLdo,8,12,49.0,623.0,539.0,1.155844
G?rLds,8,13,48.0,651.0,576.0,1.130208
G?rLdw,8,13,46.0,631.0,552.0,1.143116
G?rLd{,8,14,45.0,654.0,585.0,1.117949
G?rLeW,8,12,55.0,602.0,605.0,0.995041
G?rLe[,8,13,49.0,626.0,588.0,1.064626
G?rLfW,8,13,49.0,653.0,588.0,1.110544
G?rLf[,8,14,45.0,640.0,585.0,1.094017
G?rLf_,8,12,49.0,621.0,539.0,1.152134
G?rLfc,8,13,47.0,637.0,564.0,1.129433
G?rLfo,8,13,46.0,631.0,552.0,1.143116
G?rLfs,8,14,44.0,642.0,572.0,1.122378
G?rLfw,8,14,43.0,639.0,559.0,1.143113
G?rLf{,8,15,41.0,644.0,574.0,1.121951
G?rLp{,8,14,44.0,640.0,572.0,1.118881
G?rLrW,8,13,46.0,610.0,552.0,1.105072
G?rLr[,8,14,44.0,624.0,572.0,1.090909
G?rLrg,8,13,43.0,596.0,516.0,1.155039
G?rLrk,8,14,42.0,618.0,546.0,1.131868
G?rLro,8,13,45.0,614.0,540.0,1.137037
G?rLrs,8,14,44.0,638.0,572.0,1.115385
G?rLrw,8,14,42.0,620.0,546.0,1.135531
G?rLr{,8,15,41.0,642.0,574.0,1.118467
G?rLt[,8,14,45.0,638.0,585.0,1.090598
G?rLtg,8,13,45.0,614.0,540.0,1.137037
G?rLtk,8,14,44.0,642.0,572.0,1.122378
G?rLto,8,13,47.0,634.0,564.0,1.124113
G?rLts,8,14,46.0,664.0,598.0,1.110368
G?rLtw,8,14,44.0,640.0,572.0,1.118881
G?rLt{,8,15,43.0,666.0,602.0,1.106312
G?rLvW,8,14,45.0,641.0,585.0,1.095726
G?rLv[,8,15,43.0,652.0,602.0,1.083056
G?rLvg,8,14,42.0,620.0,546.0,1.135531
G?rLvk,8,15,41.0,642.0,574.0,1.118467
G?rLvo,8,14,44.0,640.0,572.0,1.118881
G?rLvs,8,15,43.0,664.0,602.0,1.10299
G?rLvw,8,15,41.0,644.0,574.0,1.121951
G?rLv{,8,16,40.0,664.0,600.0,1.106667
G?rLzw,8,15,41.0,642.0,574.0,1.118467
G?rLz{,8,16,40.0,664.0,600.0,1.106667
G?rL|w,8,15,43.0,664.0,602.0,1.10299
G?rL|{,8,16,42.0,688.0,630.0,1.092063
G?rL~w,8,16,40.0,664.0,600.0,1.106667
G?rL~{,8,17,39.0,684.0,624.0,1.096154
G?rMX{,8,14,46.0,632.0,598.0,1.056856
G?rM\[,8,14,29.0,411.0,377.0,1.090186
G?rM\w,8,14,46.0,632.0,598.0,1.056856
G?rM\{,8,15,43.0,638.0,602.0,1.059801
G?rM][,8,14,16.0,238.0,208.0,1.144231
G?rM^[,8,15,27.0,413.0,378.0,1.092593
G?rM^w,8,15,43.0,638.0,602.0,1.059801
G?rM^{,8,16,40.0,638.0,600.0,1.063333
G?rN\w,8,15,43.0,653.0,602.0,1.084718
G?rN\{,8,16,41.0,664.0,615.0,1.079675
G?rN]w,8,15,45.0,664.0,630.0,1.053968
G?rN]{,8,16,41.0,653.0,615.0,1.061789
G?rN^W,8,15,27.0,422.0,378.0,1.116402
G?rN^[,8,16,26.0,432.0,390.0,1.107692
G?rN^w,8,16,41.0,665.0,615.0,1.081301
G?rN^{,8,17,39.0,672.0,624.0,1.076923
G?rN`w,8,13,43.0,594.0,516.0,1.151163
G?rN`{,8,14,42.0,620.0,546.0,1.135531
G?rNdW,8,13,46.0,610.0,552.0,1.105072
G?rNd[,8,14,44.0,626.0,572.0,1.094406
G?rNdo,8,13,45.0,614.0,540.0,1.137037
G?rNds,8,14,44.0,639.0,572.0,1.117133
G?rNdw,8,14,42.0,620.0,546.0,1.135531
G?rNd{,8,15,41.0,643.0,574.0,1.120209
G?rNeW,8,13,49.0,626.0,588.0,1.064626
G?rNe[,8,14,46.0,632.0,598.0,1.056856
G?rNfW,8,14,45.0,641.0,585.0,1.095726
G?rNf[,8,15,43.0,652.0,602.0,1.083056
G?rNf_,8,13,47.0,632.0,564.0,1.120567
G?rNfc,8,14,46.0,658.0,598.0,1.100334
G?rNfo,8,14,44.0,640.0,572.0,1.118881
G?rNfs,8,15,43.0,664.0,602.0,1.10299
G?rNfw,8,15,41.0,644.0,574.0,1.121951
G?rNf{,8,16,40.0,664.0,600.0,1.106667
G?rNtw,8,15,41.0,642.0,574.0,1.118467
G?rNt{,8,16,40.0,664.0,600.0,1.106667
G?rNvW,8,15,43.0,653.0,602.0,1.084718
G?rNv[,8,16,41.0,664.0,615.0,1.079675
G?rNvg,8,15,41.0,642.0,574.0,1.118467
G?rNvk,8,16,40.0,664.0,600.0,1.106667
G?rNvo,8,15,43.0,664.0,602.0,1.10299
G?rNvs,8,16,42.0,688.0,630.0,1.092063
G?rNvw,8,16,40.0,664.0,600.0,1.106667
G?rNv{,8,17,39.0,684.0,624.0,1.096154
G?rN~w,8,17,39.0,684.0,624.0,1.096154
G?rN~{,8,18,38.0,702.0,646.0,1.086687
G?r`ps,8,12,47.0,601.0,517.0,1.162476
G?r`p{,8,13,45.0,612.0,540.0,1.133333
G?r`s{,8,13,44.0,603.0,528.0,1.142045
G?r`t[,8,13,46.0,605.0,552.0,1.096014
G?r`tg,8,12,45.0,580.0,495.0,1.171717
G?r`tk,8,13,44.0,603.0,528.0,1.142045
G?r`ts,8,13,45.0,613.0,540.0,1.135185
G?r`tw,8,13,44.0,603.0,528.0,1.142045
G?r`t{,8,14,43.0,626.0,559.0,1.119857
G?r`u[,8,13,46.0,606.0,552.0,1.097826
G?r`ug,8,12,44.0,578.0,484.0,1.194215
G?r`uk,8,13,43.0,593.0,516.0,1.149225
G?r`uo,8,12,46.0,593.0,506.0,1.171937
G?r`us,8,13,44.0,608.0,528.0,1.151515
G?r`uw,8,13,43.0,601.0,516.0,1.164729
G?r`u{,8,14,42.0,618.0,546.0,1.131868
G?r`vG,8,12,48.0,600.0,528.0,1.136364
G?r`vK,8,13,46.0,603.0,552.0,1.092391
G?r`vO,8,12,48.0,592.0,528.0,1.121212
G?r`vS,8,13,46.0,604.0,552.0,1.094203
G?r`vW,8,13,47.0,624.0,564.0,1.106383
G?r`v[,8,14,45.0,630.0,585.0,1.076923
G?r`v_,8,12,45.0,579.0,495.0,1.169697
G?r`vc,8,13,44.0,603.0,528.0,1.142045
G?r`vg,8,13,43.0,595.0,516.0,1.153101
G?r`vk,8,14,42.0,615.0,546.0,1.126374
G?r`vo,8,13,44.0,603.0,528.0,1.142045
G?r`vs,8,14,43.0,625.0,559.0,1.118068
G?r`vw,8,14,42.0,618.0,546.0,1.131868
G?r`v{,8,15,41.0,636.0,574.0,1.108014
G?r`x{,8,14,44.0,638.0,572.0,1.115385
G?r`|w,8,14,43.0,625.0,559.0,1.118068
G?r`|{,8,15,42.0,651.0,588.0,1.107143
G?r`}w,8,14,42.0,619.0,546.0,1.1337
G?r`}{,8,15,41.0,642.0,574.0,1.118467
G?r`~W,8,14,45.0,632.0,585.0,1.080342
G?r`~[,8,15,43.0,648.0,602.0,1.076412
G?r`~g,8,14,42.0,615.0,546.0,1.126374
G?r`~k,8,15,41.0,641.0,574.0,1.116725
G?r`~o,8,14,42.0,614.0,546.0,1.124542
G?r`~s,8,15,41.0,638.0,574.0,1.111498
G?r`~w,8,15,41.0,637.0,574.0,1.109756
G?r`~{,8,16,40.0,660.0,600.0,1.1
G?rcps,8,12,46.0,593.0,506.0,1.171937
G?rcp{,8,13,44.0,604.0,528.0,1.143939
G?rcqs,8,12,50.0,611.0,550.0,1.110909
G?rcq{,8,13,46.0,607.0,552.0,1.099638
G?rcr[,8,13,46.0,606.0,552.0,1.097826
G?rcrg,8,12,46.0,594.0,506.0,1.173913
G?rcrk,8,13,44.0,601.0,528.0,1.138258
G?rcro,8,12,46.0,588.0,506.0,1.162055
G?rcrs,8,13,44.0,604.0,528.0,1.143939
G?rcrw,8,13,44.0,605.0,528.0,1.145833
G?rcr{,8,14,42.0,617.0,546.0,1.130037
G?rcss,8,12,51.0,627.0,561.0,1.117647
G?rcs{,8,13,47.0,619.0,564.0,1.097518
G?rct[,8,13,46.0,611.0,552.0,1.106884
G?rctg,8,12,47.0,598.0,517.0,1.156673
G?rctk,8,13,45.0,615.0,540.0,1.138889
G?rcts,8,13,45.0,619.0,540.0,1.146296
G?rctw,8,13,45.0,615.0,540.0,1.138889
G?rct{,8,14,43.0,630.0,559.0,1.127013
G?rcu[,8,13,49.0,620.0,588.0,1.054422
G?rcuk,8,13,46.0,606.0,552.0,1.097826
G?rcus,8,13,49.0,643.0,588.0,1.093537
G?rcuw,8,13,46.0,611.0,552.0,1.106884
G?rcu{,8,14,45.0,636.0,585.0,1.087179
G?rcvG,8,12,51.0,622.0,561.0,1.108734
G?rcvK,8,13,47.0,615.0,564.0,1.090426
G?rcvO,8,12,50.0,609.0,550.0,1.107273
G?rcvS,8,13,46.0,611.0,552.0,1.106884
G?rcvW,8,13,49.0,643.0,588.0,1.093537
G?rcv[,8,14,45.0,636.0,585.0,1.087179
G?rcv_,8,12,47.0,597.0,517.0,1.154739
G?rcvc,8,13,45.0,615.0,540.0,1.138889
G?rcvg,8,13,45.0,614.0,540.0,1.137037
G?rcvk,8,14,43.0,627.0,559.0,1.121646
G?rcvo,8,13,45.0,616.0,540.0,1.140741
G?rcvs,8,14,43.0,631.0,559.0,1.128801
G?rcvw,8,14,43.0,631.0,559.0,1.128801
G?rcv{,8,15,41.0,640.0,574.0,1.114983
G?rcx{,8,14,43.0,628.0,559.0,1.123435
G?rcy{,8,14,44.0,622.0,572.0,1.087413
G?rczw,8,14,42.0,616.0,546.0,1.128205
G?rcz{,8,15,41.0,640.0,574.0,1.114983
G?rc{{,8,14,45.0,635.0,585.0,1.08547
G?rc|w,8,14,43.0,628.0,559.0,1.123435
G?rc|{,8,15,42.0,653.0,588.0,1.110544
G?rc}{,8,15,43.0,650.0,602.0,1.079734
G?rc~W,8,14,45.0,636.0,585.0,1.087179
G?rc~[,8,15,43.0,650.0,602.0,1.079734
G?rc~g,8,14,43.0,627.0,559.0,1.121646
G?rc~k,8,15,42.0,652.0,588.0,1.108844
G?rc~o,8,14,42.0,617.0,546.0,1.130037
G?rc~s,8,15,41.0,641.0,574.0,1.116725
G?rc~w,8,15,41.0,640.0,574.0,1.114983
G?rc~{,8,16,40.0,662.0,600.0,1.103333
G?rdQs,8,12,47.0,578.0,517.0,1.117988
G?rdQ{,8,13,45.0,593.0,540.0,1.098148
G?rdRS,8,12,30.0,375.0,330.0,1.136364
G?rdR[,8,13,29.0,391.0,348.0,1.123563
G?rdRg,8,12,47.0,581.0,517.0,1.123791
G?rdRs,8,13,45.0,589.0,540.0,1.090741
G?rdRw,8,13,45.0,590.0,540.0,1.092593
G?rdR{,8,14,43.0,607.0,559.0,1.085868
G?rdSs,8,12,47.0,585.0,517.0,1.131528
G?rdS{,8,13,45.0,596.0,540.0,1.103704
G?rdU[,8,13,29.0,396.0,348.0,1.137931
G?rdUg,8,12,47.0,579.0,517.0,1.119923
G?rdUk,8,13,45.0,593.0,540.0,1.098148
G?rdUs,8,13,45.0,598.0,540.0,1.107407
G?rdUw,8,13,45.0,598.0,540.0,1.107407
G?rdU{,8,14,43.0,612.0,559.0,1.094812
G?rdVG,8,12,30.0,378.0,330.0,1.145455
G?rdVS,8,13,29.0,393.0,348.0,1.12931
G?rdVW,8,13,29.0,393.0,348.0,1.12931
G?rdV[,8,14,28.0,406.0,364.0,1.115385
G?rdV_,8,12,47.0,577.0,517.0,1.116054
G?rdVg,8,13,45.0,592.0,540.0,1.096296
G?rdVo,8,13,45.0,594.0,540.0,1.1
G?rdVs,8,14,43.0,609.0,559.0,1.089445
G?rdVw,8,14,43.0,609.0,559.0,1.089445
G?rdV{,8,15,41.0,622.0,574.0,1.083624
G?rdX{,8,14,44.0,622.0,572.0,1.087413
G?rdY{,8,14,44.0,622.0,572.0,1.087413
G?rdZ[,8,14,28.0,406.0,364.0,1.115385
G?rdZw,8,14,44.0,618.0,572.0,1.08042
G?rdZ{,8,15,42.0,635.0,588.0,1.079932
G?rd[{,8,14,44.0,624.0,572.0,1.090909
G?rd\[,8,14,28.0,410.0,364.0,1.126374
G?rd\w,8,14,44.0,622.0,572.0,1.087413
G?rd\{,8,15,42.0,639.0,588.0,1.086735
G?rd]w,8,14,44.0,626.0,572.0,1.094406
G?rd]{,8,15,42.0,639.0,588.0,1.086735
G?rd^W,8,14,28.0,406.0,364.0,1.115385
G?rd^[,8,15,27.0,420.0,378.0,1.111111
G?rd^g,8,14,44.0,621.0,572.0,1.085664
G?rd^k,8,15,42.0,638.0,588.0,1.085034
G?rd^o,8,14,44.0,621.0,572.0,1.085664
G?rd^s,8,15,42.0,636.0,588.0,1.081633
G?rd^w,8,15,42.0,635.0,588.0,1.079932
G?rd^{,8,16,40.0,648.0,600.0,1.08
G?rd`o,8,11,48.0,570.0,480.0,1.1875
G?rd`s,8,12,47.0,598.0,517.0,1.156673
G?rd`w,8,12,46.0,586.0,506.0,1.158103
G?rd`{,8,13,45.0,615.0,540.0,1.138889
G?rdao,8,11,49.0,583.0,490.0,1.189796
G?rdas,8,12,46.0,587.0,506.0,1.160079
G?rdaw,8,12,46.0,593.0,506.0,1.171937
G?rda{,8,13,44.0,604.0,528.0,1.143939
G?rdbO,8,11,51.0,576.0,510.0,1.129412
G?rdbS,8,12,47.0,574.0,517.0,1.110251
G?rdbW,8,12,50.0,611.0,550.0,1.110909
G?rdb[,8,13,46.0,607.0,552.0,1.099638
G?rdb_,8,11,50.0,588.0,500.0,1.176
G?rdbc,8,12,47.0,597.0,517.0,1.154739
G?rdbg,8,12,47.0,598.0,517.0,1.156673
G?rdbk,8,13,45.0,614.0,540.0,1.137037
G?rdbo,8,12,46.0,586.0,506.0,1.158103
G?rdbs,8,13,44.0,600.0,528.0,1.136364
G?rdbw,8,13,44.0,604.0,528.0,1.143939
G?rdb{,8,14,42.0,617.0,546.0,1.130037
G?rdco,8,11,50.0,588.0,500.0,1.176
G?rdcs,8,12,48.0,611.0,528.0,1.157197
G?rdcw,8,12,47.0,598.0,517.0,1.156673
G?rdc{,8,13,46.0,626.0,552.0,1.134058
G?rddS,8,12,49.0,595.0,539.0,1.103896
G?rddW,8,12,50.0,609.0,550.0,1.107273
G?rdd[,8,13,48.0,628.0,576.0,1.090278
G?rddc,8,12,51.0,641.0,561.0,1.142602
G?rddg,8,12,48.0,612.0,528.0,1.159091
G?rddk,8,13,47.0,643.0,564.0,1.140071
G?rddo,8,12,47.0,598.0,517.0,1.156673
G?rdds,8,13,46.0,626.0,552.0,1.134058
G?rddw,8,13,45.0,615.0,540.0,1.138889
G?rdd{,8,14,44.0,641.0,572.0,1.120629
G?rdeW,8,12,51.0,627.0,561.0,1.117647
G?rde[,8,13,47.0,619.0,564.0,1.097518
G?rdeg,8,12,47.0,599.0,517.0,1.158607
G?rdek,8,13,45.0,614.0,540.0,1.137037
G?rdeo,8,12,48.0,610.0,528.0,1.155303
G?rdes,8,13,45.0,615.0,540.0,1.138889
G?rdew,8,13,45.0,619.0,540.0,1.146296
G?rde{,8,14,43.0,630.0,559.0,1.127013
G?rdfG,8,12,51.0,621.0,561.0,1.106952
G?rdfK,8,13,47.0,620.0,564.0,1.099291
G?rdfO,8,12,50.0,609.0,550.0,1.107273
G?rdfS,8,13,46.0,606.0,552.0,1.097826
G?rdfW,8,13,49.0,643.0,588.0,1.093537
G?rdf[,8,14,45.0,636.0,585.0,1.087179
G?rdf_,8,12,48.0,608.0,528.0,1.151515
G?rdfc,8,13,46.0,624.0,552.0,1.130435
G?rdfg,8,13,46.0,626.0,552.0,1.134058
G?rdfk,8,14,44.0,640.0,572.0,1.118881
G?rdfo,8,13,45.0,615.0,540.0,1.138889
G?rdfs,8,14,43.0,627.0,559.0,1.121646
G?rdfw,8,14,43.0,631.0,559.0,1.128801
G?rdf{,8,15,41.0,640.0,574.0,1.114983
G?rdh{,8,14,43.0,630.0,559.0,1.127013
G?rdiw,8,13,44.0,604.0,528.0,1.143939
G?rdi{,8,14,43.0,627.0,559.0,1.121646
G?rdjW,8,13,46.0,608.0,552.0,1.101449
G?rdj[,8,14,44.0,621.0,572.0,1.085664
G?rdjg,8,13,45.0,614.0,540.0,1.137037
G?rdjk,8,14,44.0,640.0,572.0,1.118881
G?rdjw,8,14,42.0,617.0,546.0,1.130037
G?rdj{,8,15,41.0,639.0,574.0,1.11324
G?rdk{,8,14,44.0,641.0,572.0,1.120629
G?rdl[,8,14,44.0,628.0,572.0,1.097902
G?rdlg,8,13,46.0,629.0,552.0,1.139493
G?rdlk,8,14,45.0,660.0,585.0,1.128205
G?rdlw,8,14,43.0,630.0,559.0,1.127013
G?rdl{,8,15,42.0,655.0,588.0,1.113946
G?rdmw,8,14,43.0,632.0,559.0,1.13059
G?rdm{,8,15,42.0,653.0,588.0,1.110544
G?rdnW,8,14,45.0,640.0,585.0,1.094017
G?rdn[,8,15,43.0,650.0,602.0,1.079734
G?rdng,8,14,44.0,640.0,572.0,1.118881
G?rdnk,8,15,43.0,666.0,602.0,1.106312
G?rdno,8,14,42.0,618.0,546.0,1.131868
G?rdns,8,15,41.0,639.0,574.0,1.11324
G?rdnw,8,15,41.0,642.0,574.0,1.118467
G?rdn{,8,16,40.0,662.0,600.0,1.103333
G?rdpw,8,13,44.0,600.0,528.0,1.136364
G?rdp{,8,14,43.0,627.0,559.0,1.121646
G?rdqw,8,13,43.0,593.0,516.0,1.149225
G?rdq{,8,14,42.0,617.0,546.0,1.130037
G?rdrW,8,13,46.0,604.0,552.0,1.094203
G?rdr[,8,14,44.0,619.0,572.0,1.082168
G?rdrg,8,13,43.0,593.0,516.0,1.149225
G?rdrk,8,14,42.0,614.0,546.0,1.124542
G?rdro,8,13,44.0,600.0,528.0,1.136364
G?rdrs,8,14,43.0,623.0,559.0,1.11449
G?rdrw,8,14,42.0,614.0,546.0,1.124542
G?rdr{,8,15,41.0,637.0,574.0,1.109756
G?rdsw,8,13,44.0,603.0,528.0,1.142045
G?rds{,8,14,43.0,630.0,559.0,1.127013
G?rdt[,8,14,44.0,626.0,572.0,1.094406
G?rdtg,8,13,44.0,604.0,528.0,1.143939
G?rdtk,8,14,43.0,630.0,559.0,1.127013
G?rdto,8,13,45.0,613.0,540.0,1.135185
G?rdts,8,14,44.0,641.0,572.0,1.120629
G?rdtw,8,14,43.0,627.0,559.0,1.121646
G?rdt{,8,15,42.0,653.0,588.0,1.110544
G?rduw,8,14,42.0,620.0,546.0,1.135531
G?rdu{,8,15,41.0,642.0,574.0,1.118467
G?rdvW,8,14,45.0,636.0,585.0,1.087179
G?rdv[,8,15,43.0,648.0,602.0,1.076412
G?rdvg,8,14,42.0,616.0,546.0,1.128205
G?rdvk,8,15,41.0,639.0,574.0,1.11324
G?rdvo,8,14,43.0,627.0,559.0,1.121646
G?rdvs,8,15,42.0,650.0,588.0,1.105442
G?rdvw,8,15,41.0,639.0,574.0,1.11324
G?rdv{,8,16,40.0,660.0,600.0,1.1
G?rdzw,8,15,41.0,636.0,574.0,1.108014
G?rdz{,8,16,40.0,660.0,600.0,1.1
G?rd|w,8,15,42.0,651.0,588.0,1.107143
G?rd|{,8,16,41.0,676.0,615.0,1.099187
G?rd~w,8,16,40.0,660.0,600.0,1.1
G?rd~{,8,17,39.0,682.0,624.0,1.092949
G?rePs,8,12,47.0,582.0,517.0,1.125725
G?reP{,8,13,45.0,596.0,540.0,1.103704
G?reSs,8,12,51.0,604.0,561.0,1.076649
G?reS{,8,13,47.0,601.0,564.0,1.065603
G?reTS,8,12,30.0,382.0,330.0,1.157576
G?reT[,8,13,29.0,397.0,348.0,1.140805
G?reT_,8,11,53.0,600.0,530.0,1.132075
G?reTg,8,12,49.0,602.0,539.0,1.116883
G?reTo,8,12,48.0,587.0,528.0,1.111742
G?reTs,8,13,45.0,597.0,540.0,1.105556
G?reTw,8,13,46.0,604.0,552.0,1.094203
G?reT{,8,14,43.0,613.0,559.0,1.096601
G?reUS,8,12,33.0,399.0,363.0,1.099174
G?reU[,8,13,31.0,405.0,372.0,1.08871
G?reUg,8,12,49.0,573.0,539.0,1.06308
G?reUs,8,13,49.0,624.0,588.0,1.061224
G?reUw,8,13,47.0,599.0,564.0,1.062057
G?reU{,8,14,45.0,621.0,585.0,1.061538
G?reVG,8,12,32.0,396.0,352.0,1.125
G?reVS,8,13,29.0,398.0,348.0,1.143678
G?reVW,8,13,30.0,405.0,360.0,1.125
G?reV[,8,14,28.0,410.0,364.0,1.126374
G?reV_,8,12,49.0,595.0,539.0,1.103896
G?reVg,8,13,47.0,612.0,564.0,1.085106
G?reVo,8,13,46.0,606.0,552.0,1.097826
G?reVs,8,14,43.0,615.0,559.0,1.100179
G?reVw,8,14,44.0,622.0,572.0,1.087413
G?reV{,8,15,41.0,626.0,574.0,1.090592
G?reX{,8,14,44.0,624.0,572.0,1.090909
G?re[{,8,14,45.0,621.0,585.0,1.061538
G?re\[,8,14,28.0,410.0,364.0,1.126374
G?re\g,8,13,47.0,622.0,564.0,1.102837
G?re\k,8,14,45.0,634.0,585.0,1.083761
G?re\o,8,13,46.0,610.0,552.0,1.105072
G?re\s,8,14,44.0,625.0,572.0,1.092657
G?re\w,8,14,44.0,624.0,572.0,1.090909
G?re\{,8,15,42.0,639.0,588.0,1.086735
G?re][,8,14,29.0,411.0,377.0,1.090186
G?re]w,8,14,45.0,621.0,585.0,1.061538
G?re]{,8,15,43.0,639.0,602.0,1.061462
G?re^W,8,14,28.0,410.0,364.0,1.126374
G?re^[,8,15,27.0,422.0,378.0,1.116402
G?re^g,8,14,45.0,634.0,585.0,1.083761
G?re^k,8,15,43.0,650.0,602.0,1.079734
G?re^o,8,14,44.0,625.0,572.0,1.092657
G?re^s,8,15,42.0,640.0,588.0,1.088435
G?re^w,8,15,42.0,639.0,588.0,1.086735
G?re^{,8,16,40.0,650.0,600.0,1.083333
G?re`o,8,11,47.0,568.0,470.0,1.208511
G?re`w,8,12,45.0,582.0,495.0,1.175758
G?re`{,8,13,43.0,597.0,516.0,1.156977
G?redO,8,11,51.0,574.0,510.0,1.12549
G?redS,8,12,47.0,577.0,517.0,1.116054
G?redW,8,12,50.0,609.0,550.0,1.107273
G?red[,8,13,46.0,609.0,552.0,1.103261
G?redg,8,12,47.0,597.0,517.0,1.154739
G?redk,8,13,45.0,614.0,540.0,1.137037
G?redo,8,12,46.0,587.0,506.0,1.160079
G?redw,8,13,44.0,604.0,528.0,1.143939
G?red{,8,14,42.0,619.0,546.0,1.1337
G?reeO,8,11,53.0,568.0,530.0,1.071698
G?reeW,8,12,51.0,596.0,561.0,1.062389
G?ree[,8,13,49.0,620.0,588.0,1.054422
G?refG,8,12,51.0,613.0,561.0,1.092692
G?refK,8,13,47.0,616.0,564.0,1.092199
G?refO,8,12,50.0,605.0,550.0,1.1
G?refS,8,13,46.0,607.0,552.0,1.099638
G?refW,8,13,49.0,639.0,588.0,1.086735
G?ref[,8,14,45.0,636.0,585.0,1.087179
G?refg,8,13,46.0,622.0,552.0,1.126812
G?refk,8,14,44.0,638.0,572.0,1.115385
G?refo,8,13,45.0,614.0,540.0,1.137037
G?refw,8,14,43.0,629.0,559.0,1.125224
G?ref{,8,15,41.0,640.0,574.0,1.114983
G?reh{,8,14,42.0,619.0,546.0,1.1337
G?rel[,8,14,44.0,623.0,572.0,1.089161
G?relk,8,14,44.0,640.0,572.0,1.118881
G?relo,8,13,43.0,593.0,516.0,1.149225
G?relw,8,14,42.0,617.0,546.0,1.130037
G?rel{,8,15,41.0,641.0,574.0,1.116725
G?rem[,8,14,45.0,621.0,585.0,1.061538
G?ren[,8,15,43.0,650.0,602.0,1.079734
G?renk,8,15,43.0,664.0,602.0,1.10299
G?reno,8,14,42.0,616.0,546.0,1.128205
G?renw,8,15,41.0,640.0,574.0,1.114983
G?ren{,8,16,40.0,662.0,600.0,1.103333
G?repw,8,13,44.0,605.0,528.0,1.145833
G?rep{,8,14,42.0,620.0,546.0,1.135531
G?resw,8,13,46.0,607.0,552.0,1.099638
G?res{,8,14,45.0,638.0,585.0,1.090598
G?retW,8,13,48.0,627.0,576.0,1.088542
G?ret[,8,14,44.0,627.0,572.0,1.096154
G?retg,8,13,45.0,617.0,540.0,1.142593
G?retk,8,14,43.0,629.0,559.0,1.125224
G?reto,8,13,45.0,616.0,540.0,1.140741
G?rets,8,14,43.0,631.0,559.0,1.128801
G?retw,8,14,43.0,630.0,559.0,1.127013
G?ret{,8,15,41.0,643.0,574.0,1.120209
G?reuW,8,13,49.0,620.0,588.0,1.054422
G?reu[,8,14,47.0,644.0,611.0,1.05401
G?reuk,8,14,45.0,636.0,585.0,1.087179
G?reuo,8,13,49.0,639.0,588.0,1.086735
G?reus,8,14,48.0,673.0,624.0,1.078526
G?reuw,8,14,45.0,636.0,585.0,1.087179
G?reu{,8,15,44.0,665.0,616.0,1.079545
G?revW,8,14,47.0,659.0,611.0,1.07856
G?rev[,8,15,43.0,654.0,602.0,1.086379
G?revg,8,14,44.0,639.0,572.0,1.117133
G?revk,8,15,42.0,653.0,588.0,1.110544
G?revo,8,14,44.0,642.0,572.0,1.122378
G?revs,8,15,42.0,656.0,588.0,1.115646
G?revw,8,15,42.0,654.0,588.0,1.112245
G?rev{,8,16,40.0,664.0,600.0,1.106667
G?re|w,8,15,41.0,642.0,574.0,1.118467
G?re|{,8,16,40.0,664.0,600.0,1.106667
G?re}w,8,15,43.0,650.0,602.0,1.079734
G?re}{,8,16,42.0,676.0,630.0,1.073016
G?re~w,8,16,40.0,664.0,600.0,1.106667
G?re~{,8,17,39.0,684.0,624.0,1.096154
G?rf@o,8,11,49.0,568.0,490.0,1.159184
G?rfDW,8,12,30.0,379.0,330.0,1.148485
G?rfDg,8,12,48.0,588.0,528.0,1.113636
G?rfDo,8,12,47.0,577.0,517.0,1.116054
G?rfDw,8,13,45.0,593.0,540.0,1.098148
G?rfEk,8,13,46.0,603.0,552.0,1.092391
G?rfEw,8,13,46.0,607.0,552.0,1.099638
G?rfFK,8,13,30.0,405.0,360.0,1.125
G?rfFW,8,13,29.0,395.0,348.0,1.135057
G?rfF[,8,14,28.0,408.0,364.0,1.120879
G?rfFg,8,13,46.0,604.0,552.0,1.094203
G?rfFk,8,14,44.0,622.0,572.0,1.087413
G?rfFo,8,13,45.0,596.0,540.0,1.103704
G?rfFw,8,14,43.0,611.0,559.0,1.093023
G?rfF{,8,15,41.0,624.0,574.0,1.087108
G?rfH{,8,14,44.0,624.0,572.0,1.090909
G?rfK{,8,14,45.0,633.0,585.0,1.082051
G?rfL[,8,14,28.0,409.0,364.0,1.123626
G?rfLk,8,14,45.0,638.0,585.0,1.090598
G?rfLo,8,13,46.0,606.0,552.0,1.097826
G?rfLw,8,14,44.0,621.0,572.0,1.085664
G?rfL{,8,15,42.0,638.0,588.0,1.085034
G?rfM[,8,14,29.0,420.0,377.0,1.114058
G?rfMk,8,14,45.0,634.0,585.0,1.083761
G?rfMo,8,13,49.0,635.0,588.0,1.079932
G?rfMw,8,14,45.0,636.0,585.0,1.087179
G?rfM{,8,15,43.0,650.0,602.0,1.079734
G?rfNK,8,14,29.0,422.0,377.0,1.119363
G?rfN[,8,15,27.0,422.0,378.0,1.116402
G?rfNk,8,15,43.0,652.0,602.0,1.083056
G?rfNo,8,14,44.0,622.0,572.0,1.087413
G?rfNw,8,15,42.0,637.0,588.0,1.083333
G?rfN{,8,16,40.0,650.0,600.0,1.083333
G?rfPw,8,13,46.0,602.0,552.0,1.09058
G?rfP{,8,14,44.0,620.0,572.0,1.083916
G?rfSw,8,13,46.0,606.0,552.0,1.097826
G?rfS{,8,14,44.0,623.0,572.0,1.089161
G?rfTW,8,13,29.0,392.0,348.0,1.126437
G?rfT[,8,14,28.0,407.0,364.0,1.118132
G?rfTg,8,13,46.0,609.0,552.0,1.103261
G?rfTk,8,14,44.0,621.0,572.0,1.085664
G?rfTo,8,13,46.0,607.0,552.0,1.099638
G?rfTs,8,14,44.0,621.0,572.0,1.085664
G?rfTw,8,14,44.0,620.0,572.0,1.083916
G?rfT{,8,15,42.0,636.0,588.0,1.081633
G?rfUW,8,13,29.0,396.0,348.0,1.137931
G?rfU[,8,14,28.0,410.0,364.0,1.126374
G?rfUg,8,13,46.0,605.0,552.0,1.096014
G?rfUk,8,14,44.0,622.0,572.0,1.087413
G?rfUo,8,13,48.0,628.0,576.0,1.090278
G?rfUs,8,14,44.0,628.0,572.0,1.097902
G?rfUw,8,14,44.0,626.0,572.0,1.094406
G?rfU{,8,15,42.0,639.0,588.0,1.086735
G?rfVG,8,13,29.0,393.0,348.0,1.12931
G?rfVK,8,14,28.0,408.0,364.0,1.120879
G?rfVO,8,13,29.0,395.0,348.0,1.135057
G?rfVS,8,14,28.0,409.0,364.0,1.123626
G?rfVW,8,14,28.0,407.0,364.0,1.118132
G?rfV[,8,15,27.0,420.0,378.0,1.111111
G?rfVg,8,14,44.0,621.0,572.0,1.085664
G?rfVk,8,15,42.0,637.0,588.0,1.083333
G?rfVo,8,14,44.0,624.0,572.0,1.090909
G?rfVs,8,15,42.0,638.0,588.0,1.085034
G?rfVw,8,15,42.0,636.0,588.0,1.081633
G?rfV{,8,16,40.0,648.0,600.0,1.08
G?rf\w,8,15,43.0,648.0,602.0,1.076412
G?rf\{,8,16,41.0,662.0,615.0,1.076423
G?rf]w,8,15,43.0,654.0,602.0,1.086379
G?rf]{,8,16,41.0,664.0,615.0,1.079675
G?rf^W,8,15,27.0,420.0,378.0,1.111111
G?rf^[,8,16,26.0,432.0,390.0,1.107692
G?rf^w,8,16,41.0,662.0,615.0,1.076423
G?rf^{,8,17,39.0,672.0,624.0,1.076923
G?rf`w,8,13,43.0,592.0,516.0,1.147287
G?rf`{,8,14,42.0,619.0,546.0,1.1337
G?rfcw,8,13,44.0,603.0,528.0,1.142045
G?rfc{,8,14,43.0,629.0,559.0,1.125224
G?rfdW,8,13,46.0,607.0,552.0,1.099638
G?rfd[,8,14,44.0,624.0,572.0,1.090909
G?rfdg,8,13,45.0,614.0,540.0,1.137037
G?rfdk,8,14,44.0,640.0,572.0,1.118881
G?rfdo,8,13,44.0,603.0,528.0,1.142045
G?rfds,8,14,43.0,627.0,559.0,1.121646
G?rfdw,8,14,42.0,617.0,546.0,1.130037
G?rfd{,8,15,41.0,641.0,574.0,1.116725
G?rfeW,8,13,47.0,619.0,564.0,1.097518
G?rfe[,8,14,45.0,635.0,585.0,1.08547
G?rfeg,8,13,45.0,612.0,540.0,1.133333
G?rfek,8,14,44.0,638.0,572.0,1.115385
G?rfeo,8,13,46.0,625.0,552.0,1.132246
G?rfes,8,14,44.0,641.0,572.0,1.120629
G?rfew,8,14,43.0,630.0,559.0,1.127013
G?rfe{,8,15,42.0,653.0,588.0,1.110544
G?rffG,8,13,47.0,618.0,564.0,1.095745
G?rffK,8,14,45.0,634.0,585.0,1.083761
G?rffO,8,13,46.0,609.0,552.0,1.103261
G?rffS,8,14,44.0,623.0,572.0,1.089161
G?rffW,8,14,45.0,638.0,585.0,1.090598
G?rff[,8,15,43.0,650.0,602.0,1.079734
G?rff_,8,13,46.0,624.0,552.0,1.130435
G?rffc,8,14,45.0,649.0,585.0,1.109402
G?rffg,8,14,44.0,639.0,572.0,1.117133
G?rffk,8,15,43.0,664.0,602.0,1.10299
G?rffo,8,14,43.0,629.0,559.0,1.125224
G?rffs,8,15,42.0,652.0,588.0,1.108844
G?rffw,8,15,41.0,641.0,574.0,1.116725
G?rff{,8,16,40.0,662.0,600.0,1.103333
G?rflw,8,15,41.0,639.0,574.0,1.11324
G?rfl{,8,16,40.0,663.0,600.0,1.105
G?rfmw,8,15,42.0,653.0,588.0,1.110544
G?rfm{,8,16,41.0,676.0,615.0,1.099187
G?rfnW,8,15,43.0,650.0,602.0,1.079734
G?rfn[,8,16,41.0,664.0,615.0,1.079675
G?rfng,8,15,43.0,664.0,602.0,1.10299
G?rfnk,8,16,42.0,690.0,630.0,1.095238
G?rfnw,8,16,40.0,662.0,600.0,1.103333
G?rfn{,8,17,39.0,684.0,624.0,1.096154
G?rftw,8,15,41.0,638.0,574.0,1.111498
G?rft{,8,16,40.0,661.0,600.0,1.101667
G?rfuw,8,15,41.0,642.0,574.0,1.118467
G?rfu{,8,16,40.0,664.0,600.0,1.106667
G?rfvW,8,15,43.0,650.0,602.0,1.079734
G?rfv[,8,16,41.0,662.0,615.0,1.076423
G?rfvg,8,15,41.0,639.0,574.0,1.11324
G?rfvk,8,16,40.0,662.0,600.0,1.103333
G?rfvo,8,15,42.0,652.0,588.0,1.108844
G?rfvs,8,16,41.0,675.0,615.0,1.097561
G?rfvw,8,16,40.0,661.0,600.0,1.101667
G?rfv{,8,17,39.0,682.0,624.0,1.092949
G?rf~w,8,17,39.0,682.0,624.0,1.092949
G?rf~{,8,18,38.0,702.0,646.0,1.086687
G?rlro,8,14,43.0,629.0,559.0,1.125224
G?rlrs,8,15,42.0,650.0,588.0,1.105442
G?rlrw,8,15,41.0,641.0,574.0,1.116725
G?rlr{,8,16,40.0,662.0,600.0,1.103333
G?rlto,8,14,44.0,642.0,572.0,1.122378
G?rlts,8,15,43.0,668.0,602.0,1.109635
G?rltw,8,15,42.0,654.0,588.0,1.112245
G?rlt{,8,16,41.0,678.0,615.0,1.102439
G?rluw,8,15,41.0,646.0,574.0,1.125436
G?rlu{,8,16,40.0,666.0,600.0,1.11
G?rlvW,8,15,44.0,667.0,616.0,1.082792
G?rlv[,8,16,42.0,676.0,630.0,1.073016
G?rlvo,8,15,42.0,654.0,588.0,1.112245
G?rlvs,8,16,41.0,675.0,615.0,1.097561
G?rlvw,8,16,40.0,665.0,600.0,1.108333
G?rlv{,8,17,39.0,684.0,624.0,1.096154
G?rlzw,8,16,40.0,662.0,600.0,1.103333
G?rlz{,8,17,39.0,684.0,624.0,1.096154
G?rl|w,8,16,41.0,676.0,615.0,1.099187
G?rl|{,8,17,40.0,699.0,640.0,1.092188
G?rl~w,8,17,39.0,684.0,624.0,1.096154
G?rl~{,8,18,38.0,704.0,646.0,1.089783
G?rmto,8,14,44.0,644.0,572.0,1.125874
G?rmtw,8,15,42.0,656.0,588.0,1.115646
G?rmt{,8,16,40.0,666.0,600.0,1.11
G?rmvW,8,15,46.0,690.0,644.0,1.071429
G?rmv[,8,16,42.0,680.0,630.0,1.079365
G?rmvo,8,15,43.0,668.0,602.0,1.109635
G?rmvw,8,16,41.0,679.0,615.0,1.104065
G?rmv{,8,17,39.0,686.0,624.0,1.099359
G?rm|{,8,17,39.0,686.0,624.0,1.099359
G?rm~{,8,18,38.0,704.0,646.0,1.089783
G?rnTo,8,14,45.0,638.0,585.0,1.090598
G?rnTw,8,15,43.0,649.0,602.0,1.078073
G?rnT{,8,16,41.0,662.0,615.0,1.076423
G?rnUo,8,14,47.0,659.0,611.0,1.07856
G?rnUw,8,15,43.0,654.0,602.0,1.086379
G?rnU{,8,16,41.0,664.0,615.0,1.079675
G?rnVO,8,14,28.0,409.0,364.0,1.123626
G?rnVW,8,15,27.0,421.0,378.0,1.113757
G?rnV[,8,16,26.0,432.0,390.0,1.107692
G?rnVo,8,15,43.0,652.0,602.0,1.083056
G?rnVw,8,16,41.0,663.0,615.0,1.078049
G?rnV{,8,17,39.0,672.0,624.0,1.076923
G?rn\{,8,17,40.0,687.0,640.0,1.073438
G?rn]{,8,17,40.0,687.0,640.0,1.073438
G?rn^[,8,17,25.0,442.0,400.0,1.105
G?rn^{,8,18,38.0,694.0,646.0,1.074303
G?rntw,8,16,40.0,663.0,600.0,1.105
G?rnt{,8,17,39.0,684.0,624.0,1.096154
G?rnuw,8,16,40.0,666.0,600.0,1.11
G?rnu{,8,17,39.0,686.0,624.0,1.099359
G?rnvW,8,16,42.0,678.0,630.0,1.07619
G?rnv[,8,17,40.0,687.0,640.0,1.073438
G?rnvo,8,16,41.0,677.0,615.0,1.100813
G?rnvs,8,17,40.0,698.0,640.0,1.090625
G?rnvw,8,17,39.0,685.0,624.0,1.097756
G?rnv{,8,18,38.0,704.0,646.0,1.089783
G?rn~w,8,18,38.0,704.0,646.0,1.089783
G?rn~{,8,19,37.0,722.0,666.0,1.084084
G?rtro,8,14,42.0,614.0,546.0,1.124542
G?rtrs,8,15,41.0,634.0,574.0,1.10453
G?rtrw,8,15,41.0,635.0,574.0,1.106272
G?rtr{,8,16,40.0,657.0,600.0,1.095
G?rtto,8,14,42.0,619.0,546.0,1.1337
G?rtts,8,15,41.0,643.0,574.0,1.120209
G?rttw,8,15,41.0,640.0,574.0,1.114983
G?rtt{,8,16,40.0,664.0,600.0,1.106667
G?rtvW,8,15,41.0,641.0,574.0,1.116725
G?rtv[,8,16,40.0,662.0,600.0,1.103333
G?rtvg,8,15,41.0,639.0,574.0,1.11324
G?rtvk,8,16,40.0,661.0,600.0,1.101667
G?rtvo,8,15,41.0,640.0,574.0,1.114983
G?rtvs,8,16,40.0,660.0,600.0,1.1
G?rtvw,8,16,40.0,660.0,600.0,1.1
G?rtv{,8,17,39.0,680.0,624.0,1.089744
G?rtzw,8,16,40.0,656.0,600.0,1.093333
G?rtz{,8,17,39.0,680.0,624.0,1.089744
G?rt|w,8,16,40.0,662.0,600.0,1.103333
G?rt|{,8,17,39.0,686.0,624.0,1.099359
G?rt~w,8,17,39.0,680.0,624.0,1.089744
G?rt~{,8,18,38.0,702.0,646.0,1.086687
G?rvTo,8,14,43.0,629.0,559.0,1.125224
G?rvTs,8,15,41.0,641.0,574.0,1.116725
G?rvTw,8,15,42.0,651.0,588.0,1.107143
G?rvT{,8,16,40.0,663.0,600.0,1.105
G?rvUo,8,14,44.0,644.0,572.0,1.125874
G?rvUs,8,15,41.0,646.0,574.0,1.125436
G?rvUw,8,15,42.0,656.0,588.0,1.115646
G?rvU{,8,16,40.0,666.0,600.0,1.11
G?rvVO,8,14,45.0,638.0,585.0,1.090598
G?rvVS,8,15,44.0,667.0,616.0,1.082792
G?rvVW,8,15,43.0,649.0,602.0,1.078073
G?rvV[,8,16,42.0,676.0,630.0,1.073016
G?rvVg,8,15,43.0,663.0,602.0,1.101329
G?rvVk,8,16,41.0,676.0,615.0,1.099187
G?rvVo,8,15,42.0,654.0,588.0,1.112245
G?rvVs,8,16,40.0,665.0,600.0,1.108333
G?rvVw,8,16,41.0,675.0,615.0,1.097561
G?rvV{,8,17,39.0,684.0,624.0,1.096154
G?rv\w,8,16,40.0,662.0,600.0,1.103333
G?rv\{,8,17,39.0,684.0,624.0,1.096154
G?rv]w,8,16,40.0,666.0,600.0,1.11
G?rv]{,8,17,39.0,686.0,624.0,1.099359
G?rv^W,8,16,41.0,662.0,615.0,1.076423
G?rv^[,8,17,40.0,687.0,640.0,1.073438
G?rv^w,8,17,39.0,684.0,624.0,1.096154
G?rv^{,8,18,38.0,704.0,646.0,1.089783
G?rvdo,8,14,42.0,619.0,546.0,1.1337
G?rvdw,8,15,41.0,640.0,574.0,1.114983
G?rvd{,8,16,40.0,663.0,600.0,1.105
G?rvfO,8,14,44.0,641.0,572.0,1.120629
G?rvfW,8,15,42.0,654.0,588.0,1.112245
G?rvf[,8,16,41.0,676.0,615.0,1.099187
G?rvf_,8,14,44.0,644.0,572.0,1.125874
G?rvfg,8,15,43.0,666.0,602.0,1.106312
G?rvfk,8,16,42.0,690.0,630.0,1.095238
G?rvfo,8,15,41.0,644.0,574.0,1.121951
G?rvfw,8,16,40.0,664.0,600.0,1.106667
G?rvf{,8,17,39.0,684.0,624.0,1.096154
G?rvl{,8,17,39.0,685.0,624.0,1.097756
G?rvn[,8,17,40.0,699.0,640.0,1.092188
G?rvnk,8,17,41.0,716.0,656.0,1.091463
G?rvn{,8,18,38.0,706.0,646.0,1.092879
G?rvtw,8,16,40.0,659.0,600.0,1.098333
G?rvt{,8,17,39.0,681.0,624.0,1.091346
G?rvvW,8,16,40.0,663.0,600.0,1.105
G?rvv[,8,17,39.0,684.0,624.0,1.096154
G?rvvg,8,16,40.0,662.0,600.0,1.103333
G?rvvk,8,17,39.0,684.0,624.0,1.096154
G?rvvo,8,16,40.0,664.0,600.0,1.106667
G?rvvs,8,17,39.0,684.0,624.0,1.096154
G?rvvw,8,17,39.0,682.0,624.0,1.092949
G?rvv{,8,18,38.0,702.0,646.0,1.086687
G?rv~w,8,18,38.0,702.0,646.0,1.086687
G?rv~{,8,19,37.0,722.0,666.0,1.084084
G?r~vo,8,17,39.0,686.0,624.0,1.099359
G?r~vw,8,18,38.0,704.0,646.0,1.089783
G?r~v{,8,19,37.0,722.0,666.0,1.084084
G?r~~{,8,20,36.0,740.0,684.0,1.081871
G?zTb_,8,12,48.0,600.0,528.0,1.136364
G?zTbo,8,13,45.0,610.0,540.0,1.12963
G?zTbw,8,14,43.0,625.0,559.0,1.118068
G?zTb{,8,15,41.0,639.0,574.0,1.11324
G?zTfO,8,13,47.0,638.0,564.0,1.131206
G?zTfW,8,14,44.0,643.0,572.0,1.124126
G?zTf[,8,15,42.0,655.0,588.0,1.113946
G?zTf_,8,13,46.0,624.0,552.0,1.130435
G?zTfo,8,14,44.0,639.0,572.0,1.117133
G?zTfw,8,15,42.0,652.0,588.0,1.108844
G?zTf{,8,16,40.0,662.0,600.0,1.103333
G?zTrg,8,14,42.0,614.0,546.0,1.124542
G?zTrs,8,15,42.0,648.0,588.0,1.102041
G?zTrw,8,15,41.0,636.0,574.0,1.108014
G?zTr{,8,16,40.0,659.0,600.0,1.098333
G?zTu{,8,16,41.0,676.0,615.0,1.099187
G?zTvW,8,15,41.0,644.0,574.0,1.121951
G?zTv[,8,16,40.0,666.0,600.0,1.11
G?zTvg,8,15,41.0,639.0,574.0,1.11324
G?zTvs,8,16,41.0,675.0,615.0,1.097561
G?zTvw,8,16,40.0,661.0,600.0,1.101667
G?zTv{,8,17,39.0,682.0,624.0,1.092949
G?zTzw,8,16,40.0,656.0,600.0,1.093333
G?zTz{,8,17,39.0,680.0,624.0,1.089744
G?zT|{,8,17,39.0,686.0,624.0,1.099359
G?zT~w,8,17,39.0,680.0,624.0,1.089744
G?zT~{,8,18,38.0,702.0,646.0,1.086687
G?zVTg,8,14,44.0,642.0,572.0,1.122378
G?zVTs,8,15,42.0,658.0,588.0,1.119048
G?zVTw,8,15,42.0,654.0,588.0,1.112245
G?zVT{,8,16,40.0,667.0,600.0,1.111667
G?zVUg,8,14,48.0,686.0,624.0,1.099359
G?zVUw,8,15,44.0,682.0,616.0,1.107143
G?zVU{,8,16,42.0,693.0,630.0,1.1
G?zVVS,8,15,47.0,707.0,658.0,1.074468
G?zVV[,8,16,43.0,694.0,645.0,1.075969
G?zVVg,8,15,43.0,666.0,602.0,1.106312
G?zVVs,8,16,41.0,683.0,615.0,1.110569
G?zVVw,8,16,41.0,678.0,615.0,1.102439
G?zVV{,8,17,39.0,688.0,624.0,1.102564
G?zV\w,8,16,40.0,664.0,600.0,1.106667
G?zV\{,8,17,39.0,686.0,624.0,1.099359
G?zV]w,8,16,41.0,680.0,615.0,1.105691
G?zV]{,8,17,40.0,701.0,640.0,1.095312
G?zV^[,8,17,41.0,702.0,656.0,1.070122
G?zV^w,8,17,39.0,686.0,624.0,1.099359
G?zV^{,8,18,38.0,706.0,646.0,1.092879
G?zVdo,8,14,43.0,629.0,559.0,1.125224
G?zVds,8,15,42.0,652.0,588.0,1.108844
G?zVdw,8,15,41.0,640.0,574.0,1.114983
G?zVd{,8,16,40.0,663.0,600.0,1.105
G?zVfO,8,14,45.0,655.0,585.0,1.119658
G?zVfS,8,15,43.0,669.0,602.0,1.111296
G?zVfW,8,15,42.0,656.0,588.0,1.115646
G?zVf[,8,16,41.0,678.0,615.0,1.102439
G?zVf_,8,14,44.0,644.0,572.0,1.125874
G?zVfc,8,15,43.0,666.0,602.0,1.106312
G?zVfo,8,15,42.0,655.0,588.0,1.113946
G?zVfs,8,16,41.0,677.0,615.0,1.100813
G?zVfw,8,16,40.0,664.0,600.0,1.106667
G?zVf{,8,17,39.0,684.0,624.0,1.096154
G?zVtw,8,16,40.0,660.0,600.0,1.1
G?zVt{,8,17,39.0,683.0,624.0,1.094551
G?zVuw,8,16,41.0,677.0,615.0,1.100813
G?zVu{,8,17,40.0,699.0,640.0,1.092188
G?zVvW,8,16,40.0,666.0,600.0,1.11
G?zVv[,8,17,39.0,688.0,624.0,1.102564
G?zVvg,8,16,40.0,662.0,600.0,1.103333
G?zVvk,8,17,39.0,684.0,624.0,1.096154
G?zVvo,8,16,41.0,677.0,615.0,1.100813
G?zVvs,8,17,40.0,700.0,640.0,1.09375
G?zVvw,8,17,39.0,683.0,624.0,1.094551
G?zVv{,8,18,38.0,704.0,646.0,1.089783
G?zV~w,8,18,38.0,702.0,646.0,1.086687
G?zV~{,8,19,37.0,722.0,666.0,1.084084
G?z\z{,8,18,38.0,702.0,646.0,1.086687
G?z\~{,8,19,37.0,722.0,666.0,1.084084
G?z^~w,8,19,37.0,722.0,666.0,1.084084
G?z^~{,8,20,36.0,740.0,684.0,1.081871
G?zedc,8,13,45.0,616.0,540.0,1.140741
G?zedo,8,13,45.0,615.0,540.0,1.138889
G?zeds,8,14,43.0,629.0,559.0,1.125224
G?zedw,8,14,43.0,631.0,559.0,1.128801
G?zed{,8,15,41.0,643.0,574.0,1.120209
G?zeec,8,13,49.0,656.0,588.0,1.115646
G?zeeo,8,13,46.0,626.0,552.0,1.134058
G?zees,8,14,45.0,655.0,585.0,1.119658
G?zeew,8,14,44.0,641.0,572.0,1.120629
G?zee{,8,15,43.0,667.0,602.0,1.107973
G?zefO,8,13,49.0,640.0,588.0,1.088435
G?zefS,8,14,45.0,637.0,585.0,1.088889
G?zefW,8,14,48.0,673.0,624.0,1.078526
G?zef[,8,15,44.0,665.0,616.0,1.079545
G?zefc,8,14,44.0,642.0,572.0,1.122378
G?zefo,8,14,44.0,642.0,572.0,1.122378
G?zefs,8,15,42.0,654.0,588.0,1.112245
G?zefw,8,15,42.0,656.0,588.0,1.115646
G?zef{,8,16,40.0,664.0,600.0,1.106667
G?zetg,8,14,42.0,618.0,546.0,1.131868
G?zetk,8,15,41.0,640.0,574.0,1.114983
G?zeto,8,14,43.0,629.0,559.0,1.125224
G?zets,8,15,42.0,652.0,588.0,1.108844
G?zetw,8,15,41.0,641.0,574.0,1.116725
G?zet{,8,16,40.0,663.0,600.0,1.105
G?zeug,8,14,43.0,628.0,559.0,1.123435
G?zeuk,8,15,42.0,655.0,588.0,1.113946
G?zeus,8,15,43.0,669.0,602.0,1.111296
G?zeuw,8,15,42.0,653.0,588.0,1.110544
G?zeu{,8,16,41.0,678.0,615.0,1.102439
G?zevW,8,15,44.0,665.0,616.0,1.079545
G?zev[,8,16,42.0,676.0,630.0,1.073016
G?zevg,8,15,41.0,641.0,574.0,1.116725
G?zevk,8,16,40.0,663.0,600.0,1.105
G?zevo,8,15,42.0,654.0,588.0,1.112245
G?zevs,8,16,41.0,677.0,615.0,1.100813
G?zevw,8,16,40.0,664.0,600.0,1.106667
G?zev{,8,17,39.0,684.0,624.0,1.096154
G?ze|w,8,16,40.0,662.0,600.0,1.103333
G?ze|{,8,17,39.0,684.0,624.0,1.096154
G?ze}w,8,16,41.0,676.0,615.0,1.099187
G?ze}{,8,17,40.0,699.0,640.0,1.092188
G?ze~w,8,17,39.0,684.0,624.0,1.096154
G?ze~{,8,18,38.0,704.0,646.0,1.089783
G?zfEw,8,14,44.0,623.0,572.0,1.089161
G?zfF[,8,15,27.0,420.0,378.0,1.111111
G?zfFw,8,15,42.0,638.0,588.0,1.085034
G?zfF{,8,16,40.0,648.0,600.0,1.08
G?zfUg,8,14,45.0,635.0,585.0,1.08547
G?zfUs,8,15,43.0,651.0,602.0,1.081395
G?zfUw,8,15,43.0,649.0,602.0,1.078073
G?zfU{,8,16,41.0,663.0,615.0,1.078049
G?zfVG,8,14,28.0,406.0,364.0,1.115385
G?zfVS,8,15,27.0,423.0,378.0,1.119048
G?zfVW,8,15,27.0,420.0,378.0,1.111111
G?zfV[,8,16,26.0,432.0,390.0,1.107692
G?zfVg,8,15,43.0,648.0,602.0,1.076412
G?zfVs,8,16,41.0,665.0,615.0,1.081301
G?zfVw,8,16,41.0,662.0,615.0,1.076423
G?zfV{,8,17,39.0,672.0,624.0,1.076923
G?zf]w,8,16,42.0,676.0,630.0,1.073016
G?zf]{,8,17,40.0,687.0,640.0,1.073438
G?zf^W,8,16,26.0,432.0,390.0,1.107692
G?zf^[,8,17,25.0,442.0,400.0,1.105
G?zf^w,8,17,40.0,687.0,640.0,1.073438
G?zf^{,8,18,38.0,694.0,646.0,1.074303
G?zfeo,8,14,43.0,631.0,559.0,1.128801
G?zfes,8,15,42.0,654.0,588.0,1.112245
G?zfew,8,15,41.0,643.0,574.0,1.120209
G?zfe{,8,16,40.0,665.0,600.0,1.108333
G?zffO,8,14,45.0,639.0,585.0,1.092308
G?zffS,8,15,43.0,651.0,602.0,1.081395
G?zffW,8,15,44.0,667.0,616.0,1.082792
G?zff[,8,16,42.0,676.0,630.0,1.073016
G?zffc,8,15,43.0,666.0,602.0,1.106312
G?zffo,8,15,42.0,655.0,588.0,1.113946
G?zffs,8,16,41.0,677.0,615.0,1.100813
G?zffw,8,16,40.0,665.0,600.0,1.108333
G?zff{,8,17,39.0,684.0,624.0,1.096154
G?zfuw,8,16,40.0,663.0,600.0,1.105
G?zfu{,8,17,39.0,685.0,624.0,1.097756
G?zfvW,8,16,42.0,676.0,630.0,1.073016
G?zfv[,8,17,40.0,687.0,640.0,1.073438
G?zfvg,8,16,40.0,662.0,600.0,1.103333
G?zfvk,8,17,39.0,684.0,624.0,1.096154
G?zfvo,8,16,41.0,677.0,615.0,1.100813
G?zfvs,8,17,40.0,700.0,640.0,1.09375
G?zfvw,8,17,39.0,684.0,624.0,1.096154
G?zfv{,8,18,38.0,704.0,646.0,1.089783
G?zf~w,8,18,38.0,704.0,646.0,1.089783
G?zf~{,8,19,37.0,722.0,666.0,1.084084
G?zm|{,8,18,38.0,706.0,646.0,1.092879
G?zm}{,8,18,39.0,720.0,663.0,1.085973
G?zm~{,8,19,37.0,724.0,666.0,1.087087
G?zn]{,8,18,39.0,710.0,663.0,1.07089
G?zn^[,8,18,24.0,450.0,408.0,1.102941
G?zn^{,8,19,37.0,714.0,666.0,1.072072
G?zn~w,8,19,37.0,724.0,666.0,1.087087
G?zn~{,8,20,36.0,740.0,684.0,1.081871
G?zuts,8,16,40.0,660.0,600.0,1.1
G?zut{,8,17,39.0,681.0,624.0,1.091346
G?zuv[,8,17,39.0,686.0,624.0,1.099359
G?zuvg,8,16,40.0,662.0,600.0,1.103333
G?zuvs,8,17,39.0,684.0,624.0,1.096154
G?zuvw,8,17,39.0,683.0,624.0,1.094551
G?zuv{,8,18,38.0,702.0,646.0,1.086687
G?zu|{,8,18,38.0,702.0,646.0,1.086687
G?zu}{,8,18,38.0,706.0,646.0,1.092879
G?zu~w,8,18,38.0,702.0,646.0,1.086687
G?zu~{,8,19,37.0,722.0,666.0,1.084084
G?zvUs,8,16,40.0,667.0,600.0,1.111667
G?zvU{,8,17,39.0,687.0,624.0,1.100962
G?zvVS,8,16,43.0,696.0,645.0,1.07907
G?zvV[,8,17,41.0,702.0,656.0,1.070122
G?zvVg,8,16,42.0,688.0,630.0,1.092063
G?zvVs,8,17,39.0,689.0,624.0,1.104167
G?zvVw,8,17,40.0,699.0,640.0,1.092188
G?zvV{,8,18,38.0,706.0,646.0,1.092879
G?zv]{,8,18,38.0,706.0,646.0,1.092879
G?zv^[,8,18,39.0,710.0,663.0,1.07089
G?zv^w,8,18,38.0,706.0,646.0,1.092879
G?zv^{,8,19,37.0,724.0,666.0,1.087087
G?zveo,8,15,41.0,644.0,574.0,1.121951
G?zvew,8,16,40.0,664.0,600.0,1.106667
G?zve{,8,17,39.0,685.0,624.0,1.097756
G?zvfO,8,15,43.0,668.0,602.0,1.109635
G?zvfW,8,16,41.0,679.0,615.0,1.104065
G?zvf[,8,17,40.0,699.0,640.0,1.092188
G?zvf_,8,15,42.0,660.0,588.0,1.122449
G?zvfg,8,16,41.0,679.0,615.0,1.104065
G?zvfk,8,17,40.0,700.0,640.0,1.09375
G?zvfo,8,16,40.0,667.0,600.0,1.111667
G?zvfw,8,17,39.0,686.0,624.0,1.099359
G?zvf{,8,18,38.0,704.0,646.0,1.089783
G?zvm{,8,18,38.0,705.0,646.0,1.091331
G?zvn[,8,18,39.0,720.0,663.0,1.085973
G?zvnk,8,18,39.0,723.0,663.0,1.090498
G?zvn{,8,19,37.0,724.0,666.0,1.087087
G?zvuw,8,17,39.0,682.0,624.0,1.092949
G?zvu{,8,18,38.0,703.0,646.0,1.088235
G?zvvW,8,17,39.0,686.0,624.0,1.099359
G?zvv[,8,18,38.0,706.0,646.0,1.092879
G?zvvg,8,17,39.0,683.0,624.0,1.094551
G?zvvk,8,18,38.0,704.0,646.0,1.089783
G?zvvo,8,17,39.0,686.0,624.0,1.099359
G?zvvs,8,18,38.0,706.0,646.0,1.092879
G?zvvw,8,18,38.0,703.0,646.0,1.088235
G?zvv{,8,19,37.0,722.0,666.0,1.084084
G?zv~w,8,19,37.0,722.0,666.0,1.084084
G?zv~{,8,20,36.0,740.0,684.0,1.081871
G?z~vo,8,18,38.0,705.0,646.0,1.091331
G?z~vw,8,19,37.0,723.0,666.0,1.085586
G?z~v{,8,20,36.0,740.0,684.0,1.081871
G?z~~{,8,21,35.0,756.0,700.0,1.08
G?~vf_,8,16,40.0,672.0,600.0,1.12
G?~vfo,8,17,39.0,688.0,624.0,1.102564
G?~vfw,8,18,38.0,706.0,646.0,1.092879
G?~vf{,8,19,37.0,722.0,666.0,1.084084
G?~vvg,8,18,38.0,702.0,646.0,1.086687
G?~vvs,8,19,37.0,726.0,666.0,1.09009
G?~vvw,8,19,37.0,722.0,666.0,1.084084
G?~vv{,8,20,36.0,740.0,684.0,1.081871
G?~v~w,8,20,36.0,740.0,684.0,1.081871
G?~v~{,8,21,35.0,756.0,700.0,1.08
G?~~~{,8,22,34.0,770.0,714.0,1.078431
GCOcaO,8,7,7.0,54.0,42.0,1.285714
GCOcbO,8,8,20.0,148.0,140.0,1.057143
GCOcbW,8,9,17.0,170.0,136.0,1.25
GCOccc,8,8,8.0,68.0,56.0,1.214286
GCOceO,8,8,28.0,220.0,196.0,1.122449
GCOcec,8,9,26.0,215.0,208.0,1.033654
GCOceo,8,9,25.0,242.0,200.0,1.21
GCOces,8,10,22.0,240.0,198.0,1.212121
GCOcfO,8,9,60.0,474.0,480.0,0.9875
GCOcfW,8,10,54.0,542.0,486.0,1.115226
GCOcfc,8,10,56.0,480.0,504.0,0.952381
GCOcfo,8,10,55.0,527.0,495.0,1.064646
GCOcfs,8,11,50.0,535.0,500.0,1.07
GCOcfw,8,11,49.0,578.0,490.0,1.179592
GCOcf{,8,12,44.0,572.0,484.0,1.181818
GCOe`W,8,9,72.0,514.0,576.0,0.892361
GCOe`[,8,10,54.0,598.0,486.0,1.230453
GCOebG,8,9,63.0,490.0,504.0,0.972222
GCOebK,8,10,54.0,570.0,486.0,1.17284
GCOebW,8,10,60.0,602.0,540.0,1.114815
GCOeb[,8,11,51.0,606.0,510.0,1.188235
GCOeco,8,9,23.0,232.0,184.0,1.26087
GCOecs,8,10,22.0,239.0,198.0,1.207071
GCOedG,8,9,66.0,519.0,528.0,0.982955
GCOedK,8,10,57.0,550.0,513.0,1.072125
GCOedW,8,10,53.0,600.0,477.0,1.257862
GCOed[,8,11,50.0,589.0,500.0,1.178
GCOedc,8,10,60.0,512.0,540.0,0.948148
GCOedg,8,10,63.0,595.0,567.0,1.049383
GCOedk,8,11,54.0,577.0,540.0,1.068519
GCOedo,8,10,55.0,538.0,495.0,1.086869
GCOeds,8,11,52.0,553.0,520.0,1.063462
GCOedw,8,11,49.0,592.0,490.0,1.208163
GCOed{,8,12,46.0,595.0,506.0,1.175889
GCOeeO,8,9,24.0,233.0,192.0,1.213542
GCOeeS,8,10,23.0,242.0,207.0,1.169082
GCOeec,8,10,24.0,238.0,216.0,1.101852
GCOeeo,8,10,22.0,235.0,198.0,1.186869
GCOees,8,11,21.0,244.0,210.0,1.161905
GCOefG,8,10,54.0,571.0,486.0,1.174897
GCOefK,8,11,51.0,578.0,510.0,1.133333
GCOefO,8,10,56.0,538.0,504.0,1.06746
GCOefS,8,11,53.0,555.0,530.0,1.04717
GCOefW,8,11,50.0,593.0,500.0,1.186
GCOef[,8,12,47.0,598.0,517.0,1.156673
GCOefc,8,11,54.0,547.0,540.0,1.012963
GCOefg,8,11,51.0,582.0,510.0,1.141176
GCOefk,8,12,48.0,592.0,528.0,1.121212
GCOefo,8,11,52.0,547.0,520.0,1.051923
GCOefs,8,12,49.0,566.0,539.0,1.050093
GCOefw,8,12,46.0,589.0,506.0,1.164032
GCOef{,8,13,43.0,596.0,516.0,1.155039
GCOetg,8,11,57.0,666.0,570.0,1.168421
GCOetk,8,12,48.0,624.0,528.0,1.181818
GCOeuo,8,11,21.0,240.0,210.0,1.142857
GCOeus,8,12,20.0,250.0,220.0,1.136364
GCOevg,8,12,48.0,617.0,528.0,1.168561
GCOevk,8,13,45.0,620.0,540.0,1.148148
GCOevo,8,12,51.0,581.0,561.0,1.035651
GCOevs,8,13,48.0,599.0,576.0,1.039931
GCOevw,8,13,45.0,616.0,540.0,1.140741
GCOev{,8,14,42.0,622.0,546.0,1.139194
GCOfbW,8,11,51.0,610.0,510.0,1.196078
GCOfb[,8,12,48.0,610.0,528.0,1.155303
GCOfcw,8,11,47.0,572.0,470.0,1.217021
GCOfc{,8,12,46.0,594.0,506.0,1.173913
GCOfeW,8,11,48.0,573.0,480.0,1.19375
GCOfe[,8,12,47.0,597.0,517.0,1.154739
GCOfeg,8,11,49.0,564.0,490.0,1.15102
GCOfek,8,12,48.0,591.0,528.0,1.119318
GCOfeo,8,11,54.0,570.0,540.0,1.055556
GCOfes,8,12,51.0,585.0,561.0,1.042781
GCOfew,8,12,45.0,584.0,495.0,1.179798
GCOfe{,8,13,44.0,607.0,528.0,1.149621
GCOffO,8,11,50.0,567.0,500.0,1.134
GCOffS,8,12,49.0,596.0,539.0,1.105751
GCOffW,8,12,46.0,587.0,506.0,1.160079
GCOff[,8,13,45.0,612.0,540.0,1.133333
GCOffc,8,12,52.0,602.0,572.0,1.052448
GCOffo,8,12,48.0,587.0,528.0,1.111742
GCOffs,8,13,47.0,616.0,564.0,1.092199
GCOffw,8,13,43.0,592.0,516.0,1.147287
GCOff{,8,14,42.0,616.0,546.0,1.128205
GCOfuw,8,13,43.0,598.0,516.0,1.158915
GCOfu{,8,14,42.0,621.0,546.0,1.137363
GCOfvg,8,13,44.0,603.0,528.0,1.142045
GCOfvk,8,14,43.0,628.0,559.0,1.123435
GCOfvo,8,13,47.0,612.0,564.0,1.085106
GCOfvs,8,14,46.0,642.0,598.0,1.073579
GCOfvw,8,14,42.0,613.0,546.0,1.122711
GCOfv{,8,15,41.0,638.0,574.0,1.111498
GCOf~w,8,15,41.0,630.0,574.0,1.097561
GCOf~{,8,16,40.0,656.0,600.0,1.093333
GCQQSg,8,9,9.0,90.0,72.0,1.25
GCQQTg,8,10,16.0,165.0,144.0,1.145833
GCQQUg,8,10,38.0,377.0,342.0,1.102339
GCQQUw,8,11,34.0,400.0,340.0,1.176471
GCQQU{,8,12,30.0,390.0,330.0,1.181818
GCQQVg,8,11,53.0,562.0,530.0,1.060377
GCQQVo,8,11,53.0,594.0,530.0,1.120755
GCQQVw,8,12,48.0,593.0,528.0,1.123106
GCQQV{,8,13,43.0,582.0,516.0,1.127907
GCQRRO,8,10,16.0,172.0,144.0,1.194444
GCQRRS,8,11,15.0,176.0,150.0,1.173333
GCQRTg,8,11,62.0,619.0,620.0,0.998387
GCQRTk,8,12,50.0,650.0,550.0,1.181818
GCQRUg,8,11,58.0,609.0,580.0,1.05
GCQRUk,8,12,50.0,619.0,550.0,1.125455
GCQRUo,8,11,59.0,654.0,590.0,1.108475
GCQRUs,8,12,51.0,629.0,561.0,1.121212
GCQRUw,8,12,54.0,659.0,594.0,1.109428
GCQRU{,8,13,46.0,621.0,552.0,1.125
GCQRVO,8,11,56.0,610.0,560.0,1.089286
GCQRVS,8,12,52.0,620.0,572.0,1.083916
GCQRV_,8,11,55.0,649.0,550.0,1.18
GCQRVc,8,12,51.0,643.0,561.0,1.146168
GCQRVg,8,12,50.0,649.0,550.0,1.18
GCQRVk,8,13,46.0,634.0,552.0,1.148551
GCQRVo,8,12,51.0,646.0,561.0,1.151515
GCQRVs,8,13,47.0,644.0,564.0,1.141844
GCQRVw,8,13,46.0,637.0,552.0,1.153986
GCQRV{,8,14,42.0,626.0,546.0,1.14652
GCQSjO,8,10,14.0,146.0,126.0,1.15873
GCQSkk,8,11,11.0,130.0,110.0,1.181818
GCQSlk,8,12,20.0,244.0,220.0,1.109091
GCQSmk,8,12,34.0,388.0,374.0,1.037433
GCQSmw,8,12,32.0,410.0,352.0,1.164773
GCQSm{,8,13,29.0,406.0,348.0,1.166667
GCQSnO,8,11,54.0,569.0,540.0,1.053704
GCQSng,8,12,52.0,578.0,572.0,1.01049
GCQSnk,8,13,48.0,586.0,576.0,1.017361
GCQSno,8,12,50.0,612.0,550.0,1.112727
GCQSnw,8,13,46.0,615.0,552.0,1.11413
GCQSn{,8,14,42.0,610.0,546.0,1.117216
GCQTlg,8,12,20.0,252.0,220.0,1.145455
GCQTlk,8,13,19.0,258.0,228.0,1.131579
GCQTmw,8,13,50.0,663.0,600.0,1.105
GCQTm{,8,14,44.0,638.0,572.0,1.115385
GCQTng,8,13,50.0,624.0,600.0,1.04
GCQTnk,8,14,47.0,634.0,611.0,1.037643
GCQTno,8,13,47.0,646.0,564.0,1.14539
GCQTns,8,14,44.0,650.0,572.0,1.136364
GCQTnw,8,14,44.0,652.0,572.0,1.13986
GCQTn{,8,15,41.0,650.0,574.0,1.132404
GCQUQw,8,11,31.0,370.0,310.0,1.193548
GCQURo,8,11,50.0,576.0,500.0,1.152
GCQURw,8,12,46.0,570.0,506.0,1.126482
GCQUTg,8,11,56.0,592.0,560.0,1.057143
GCQUUS,8,11,35.0,408.0,350.0,1.165714
GCQUUg,8,11,33.0,388.0,330.0,1.175758
GCQUUs,8,12,32.0,402.0,352.0,1.142045
GCQUUw,8,12,30.0,385.0,330.0,1.166667
GCQUU{,8,13,29.0,398.0,348.0,1.143678
GCQUVS,8,12,50.0,616.0,550.0,1.12
GCQUVc,8,12,49.0,597.0,539.0,1.107607
GCQUVg,8,12,48.0,593.0,528.0,1.123106
GCQUVo,8,12,48.0,586.0,528.0,1.109848
GCQUVs,8,13,46.0,607.0,552.0,1.099638
GCQUVw,8,13,44.0,588.0,528.0,1.113636
GCQUV{,8,14,42.0,602.0,546.0,1.102564
GCQUkw,8,12,30.0,394.0,330.0,1.193939
GCQUk{,8,13,29.0,405.0,348.0,1.163793
GCQUlg,8,12,56.0,616.0,616.0,1.0
GCQUlk,8,13,50.0,609.0,600.0,1.015
GCQUlw,8,13,45.0,612.0,540.0,1.133333
GCQUl{,8,14,43.0,622.0,559.0,1.112701
GCQUmk,8,13,32.0,416.0,384.0,1.083333
GCQUmw,8,13,29.0,399.0,348.0,1.146552
GCQUm{,8,14,28.0,412.0,364.0,1.131868
GCQUng,8,13,48.0,616.0,576.0,1.069444
GCQUnk,8,14,46.0,633.0,598.0,1.058528
GCQUno,8,13,46.0,608.0,552.0,1.101449
GCQUns,8,14,44.0,626.0,572.0,1.094406
GCQUnw,8,14,43.0,615.0,559.0,1.100179
GCQUn{,8,15,41.0,628.0,574.0,1.094077
GCQUtg,8,12,53.0,646.0,583.0,1.108062
GCQUtk,8,13,47.0,630.0,564.0,1.117021
GCQUuW,8,12,30.0,380.0,330.0,1.151515
GCQUu[,8,13,29.0,398.0,348.0,1.143678
GCQUug,8,12,31.0,393.0,341.0,1.152493
GCQUuk,8,13,30.0,409.0,360.0,1.136111
GCQUus,8,13,31.0,416.0,372.0,1.11828
GCQUuw,8,13,29.0,394.0,348.0,1.132184
GCQUu{,8,14,28.0,410.0,364.0,1.126374
GCQUvW,8,13,45.0,594.0,540.0,1.1
GCQUv[,8,14,43.0,614.0,559.0,1.09839
GCQUvg,8,13,46.0,611.0,552.0,1.106884
GCQUvk,8,14,44.0,626.0,572.0,1.094406
GCQUvo,8,13,47.0,612.0,564.0,1.085106
GCQUvs,8,14,45.0,634.0,585.0,1.083761
GCQUvw,8,14,43.0,610.0,559.0,1.091234
GCQUv{,8,15,41.0,626.0,574.0,1.090592
GCQU}w,8,14,28.0,406.0,364.0,1.115385
GCQU}{,8,15,27.0,420.0,378.0,1.111111
GCQU~w,8,15,42.0,635.0,588.0,1.079932
GCQU~{,8,16,40.0,648.0,600.0,1.08
GCQVQw,8,12,47.0,586.0,517.0,1.133462
GCQVQ{,8,13,45.0,600.0,540.0,1.111111
GCQVRo,8,12,47.0,604.0,517.0,1.168279
GCQVRs,8,13,46.0,629.0,552.0,1.139493
GCQVRw,8,13,43.0,598.0,516.0,1.158915
GCQVR{,8,14,42.0,621.0,546.0,1.137363
GCQVTg,8,12,50.0,649.0,550.0,1.18
GCQVTk,8,13,47.0,644.0,564.0,1.141844
GCQVUg,8,12,49.0,605.0,539.0,1.122449
GCQVUk,8,13,47.0,618.0,564.0,1.095745
GCQVUo,8,12,49.0,602.0,539.0,1.116883
GCQVUs,8,13,47.0,620.0,564.0,1.099291
GCQVUw,8,13,46.0,615.0,552.0,1.11413
GCQVU{,8,14,44.0,626.0,572.0,1.094406
GCQVVO,8,12,50.0,634.0,550.0,1.152727
GCQVVS,8,13,49.0,664.0,588.0,1.129252
GCQVVg,8,13,45.0,620.0,540.0,1.148148
GCQVVk,8,14,44.0,642.0,572.0,1.122378
GCQVVo,8,13,46.0,625.0,552.0,1.132246
GCQVVs,8,14,45.0,652.0,585.0,1.11453
GCQVVw,8,14,42.0,621.0,546.0,1.137363
GCQVV{,8,15,41.0,642.0,574.0,1.118467
GCQVbW,8,12,46.0,592.0,506.0,1.16996
GCQVb[,8,13,45.0,616.0,540.0,1.140741
GCQVcw,8,12,48.0,599.0,528.0,1.13447
GCQVc{,8,13,46.0,614.0,552.0,1.112319
GCQVdW,8,12,46.0,594.0,506.0,1.173913
GCQVd[,8,13,45.0,619.0,540.0,1.146296
GCQVdg,8,12,53.0,606.0,583.0,1.039451
GCQVdk,8,13,50.0,622.0,600.0,1.036667
GCQVdo,8,12,47.0,602.0,517.0,1.16441
GCQVds,8,13,46.0,628.0,552.0,1.137681
GCQVdw,8,13,44.0,614.0,528.0,1.162879
GCQVd{,8,14,43.0,636.0,559.0,1.137746
GCQVeW,8,12,48.0,588.0,528.0,1.113636
GCQVe[,8,13,46.0,607.0,552.0,1.099638
GCQVeg,8,12,50.0,593.0,550.0,1.078182
GCQVek,8,13,48.0,614.0,576.0,1.065972
GCQVeo,8,12,49.0,597.0,539.0,1.107607
GCQVes,8,13,47.0,617.0,564.0,1.093972
GCQVew,8,13,46.0,611.0,552.0,1.106884
GCQVe{,8,14,44.0,626.0,572.0,1.094406
GCQVfG,8,12,48.0,590.0,528.0,1.117424
GCQVfK,8,13,47.0,620.0,564.0,1.099291
GCQVfO,8,12,48.0,610.0,528.0,1.155303
GCQVfS,8,13,47.0,637.0,564.0,1.129433
GCQVfW,8,13,44.0,604.0,528.0,1.143939
GCQVf[,8,14,43.0,630.0,559.0,1.127013
GCQVfc,8,13,50.0,646.0,600.0,1.076667
GCQVfg,8,13,47.0,620.0,564.0,1.099291
GCQVfk,8,14,46.0,648.0,598.0,1.083612
GCQVfo,8,13,46.0,623.0,552.0,1.128623
GCQVfs,8,14,45.0,651.0,585.0,1.112821
GCQVfw,8,14,42.0,619.0,546.0,1.1337
GCQVf{,8,15,41.0,642.0,574.0,1.118467
GCQVlw,8,14,42.0,630.0,546.0,1.153846
GCQVl{,8,15,41.0,649.0,574.0,1.130662
GCQVmw,8,14,44.0,630.0,572.0,1.101399
GCQVm{,8,15,42.0,641.0,588.0,1.090136
GCQVng,8,14,46.0,648.0,598.0,1.083612
GCQVnk,8,15,45.0,674.0,630.0,1.069841
GCQVnw,8,15,41.0,643.0,574.0,1.120209
GCQVn{,8,16,40.0,664.0,600.0,1.106667
GCQVuw,8,14,44.0,622.0,572.0,1.087413
GCQVu{,8,15,42.0,639.0,588.0,1.086735
GCQVvW,8,14,42.0,616.0,546.0,1.128205
GCQVv[,8,15,41.0,642.0,574.0,1.118467
GCQVvg,8,14,43.0,631.0,559.0,1.128801
GCQVvk,8,15,42.0,655.0,588.0,1.113946
GCQVvo,8,14,45.0,646.0,585.0,1.104274
GCQVvs,8,15,44.0,675.0,616.0,1.095779
GCQVvw,8,15,41.0,638.0,574.0,1.111498
GCQVv{,8,16,40.0,662.0,600.0,1.103333
GCQV~w,8,16,40.0,658.0,600.0,1.096667
GCQV~{,8,17,39.0,680.0,624.0,1.089744
GCQ`dg,8,10,22.0,234.0,198.0,1.181818
GCQ`dk,8,11,21.0,240.0,210.0,1.142857
GCQ`eo,8,10,55.0,610.0,495.0,1.232323
GCQ`fG,8,10,55.0,538.0,495.0,1.086869
GCQ`fO,8,10,52.0,578.0,468.0,1.235043
GCQ`fW,8,11,49.0,592.0,490.0,1.208163
GCQ`fg,8,11,52.0,546.0,520.0,1.05
GCQ`fk,8,12,49.0,562.0,539.0,1.042672
GCQ`fo,8,11,49.0,579.0,490.0,1.181633
GCQ`fw,8,12,46.0,588.0,506.0,1.162055
GCQ`f{,8,13,43.0,592.0,516.0,1.147287
GCQaP_,8,8,18.0,172.0,126.0,1.365079
GCQaQS,8,9,16.0,130.0,128.0,1.015625
GCQaRS,8,10,68.0,528.0,612.0,0.862745
GCQaR_,8,9,61.0,574.0,488.0,1.17623
GCQaRo,8,10,56.0,628.0,504.0,1.246032
GCQaRs,8,11,51.0,634.0,510.0,1.243137
GCQaTG,8,9,18.0,164.0,144.0,1.138889
GCQaT_,8,9,17.0,169.0,136.0,1.242647
GCQaTg,8,10,16.0,172.0,144.0,1.194444
GCQaUS,8,10,60.0,502.0,540.0,0.92963
GCQaU[,8,11,52.0,576.0,520.0,1.107692
GCQaUo,8,10,61.0,584.0,549.0,1.063752
GCQaUs,8,11,56.0,598.0,560.0,1.067857
GCQaVG,8,10,58.0,553.0,522.0,1.059387
GCQaVS,8,11,52.0,603.0,520.0,1.159615
GCQaVW,8,11,53.0,597.0,530.0,1.126415
GCQaV[,8,12,48.0,596.0,528.0,1.128788
GCQaV_,8,10,57.0,568.0,513.0,1.107212
GCQaVg,8,11,53.0,580.0,530.0,1.09434
GCQaVo,8,11,52.0,610.0,520.0,1.173077
GCQaVs,8,12,47.0,607.0,517.0,1.174081
GCQaVw,8,12,48.0,610.0,528.0,1.155303
GCQaV{,8,13,43.0,598.0,516.0,1.158915
GCQbQo,8,10,55.0,643.0,495.0,1.29899
GCQbQs,8,11,52.0,648.0,520.0,1.246154
GCQbQw,8,11,50.0,599.0,500.0,1.198
GCQbQ{,8,12,48.0,617.0,528.0,1.168561
GCQbRS,8,11,64.0,606.0,640.0,0.946875
GCQbRW,8,11,56.0,593.0,560.0,1.058929
GCQbR[,8,12,55.0,631.0,605.0,1.042975
GCQbRg,8,11,52.0,613.0,520.0,1.178846
GCQbRk,8,12,50.0,632.0,550.0,1.149091
GCQbRo,8,11,51.0,617.0,510.0,1.209804
GCQbRs,8,12,49.0,640.0,539.0,1.187384
GCQbRw,8,12,48.0,614.0,528.0,1.162879
GCQbR{,8,13,46.0,633.0,552.0,1.146739
GCQbTg,8,11,59.0,640.0,590.0,1.084746
GCQbTk,8,12,50.0,640.0,550.0,1.163636
GCQbUW,8,11,51.0,585.0,510.0,1.147059
GCQbU[,8,12,48.0,598.0,528.0,1.132576
GCQbUg,8,11,51.0,615.0,510.0,1.205882
GCQbUk,8,12,48.0,609.0,528.0,1.153409
GCQbUo,8,11,51.0,614.0,510.0,1.203922
GCQbUs,8,12,47.0,611.0,517.0,1.181818
GCQbUw,8,12,47.0,605.0,517.0,1.170213
GCQbU{,8,13,44.0,609.0,528.0,1.153409
GCQbVG,8,11,54.0,609.0,540.0,1.127778
GCQbVK,8,12,51.0,621.0,561.0,1.106952
GCQbVS,8,12,50.0,619.0,550.0,1.125455
GCQbVW,8,12,50.0,610.0,550.0,1.109091
GCQbV[,8,13,47.0,624.0,564.0,1.106383
GCQbV_,8,11,51.0,605.0,510.0,1.186275
GCQbVc,8,12,48.0,611.0,528.0,1.157197
GCQbVg,8,12,49.0,625.0,539.0,1.159555
GCQbVk,8,13,46.0,627.0,552.0,1.13587
GCQbVo,8,12,48.0,609.0,528.0,1.153409
GCQbVs,8,13,45.0,618.0,540.0,1.144444
GCQbVw,8,13,45.0,616.0,540.0,1.140741
GCQbV{,8,14,42.0,620.0,546.0,1.135531
GCQb`o,8,10,50.0,562.0,450.0,1.248889
GCQb`s,8,11,49.0,591.0,490.0,1.206122
GCQbbO,8,10,54.0,601.0,486.0,1.236626
GCQbbS,8,11,52.0,623.0,520.0,1.198077
GCQbbc,8,11,53.0,598.0,530.0,1.128302
GCQbbo,8,11,49.0,587.0,490.0,1.197959
GCQbbs,8,12,48.0,618.0,528.0,1.170455
GCQbdW,8,11,48.0,581.0,480.0,1.210417
GCQbd[,8,12,47.0,599.0,517.0,1.158607
GCQbdg,8,11,56.0,592.0,560.0,1.057143
GCQbdk,8,12,53.0,600.0,583.0,1.02916
GCQbdo,8,11,48.0,575.0,480.0,1.197917
GCQbds,8,12,47.0,600.0,517.0,1.160542
GCQbdw,8,12,46.0,594.0,506.0,1.173913
GCQbd{,8,13,45.0,615.0,540.0,1.138889
GCQbeW,8,11,47.0,569.0,470.0,1.210638
GCQbe[,8,12,46.0,586.0,506.0,1.158103
GCQbeo,8,11,49.0,589.0,490.0,1.202041
GCQbes,8,12,47.0,607.0,517.0,1.174081
GCQbfG,8,11,49.0,565.0,490.0,1.153061
GCQbfK,8,12,48.0,590.0,528.0,1.117424
GCQbfO,8,11,48.0,571.0,480.0,1.189583
GCQbfS,8,12,47.0,597.0,517.0,1.154739
GCQbfW,8,12,45.0,582.0,495.0,1.175758
GCQbf[,8,13,44.0,603.0,528.0,1.142045
GCQbfc,8,12,50.0,605.0,550.0,1.1
GCQbfg,8,12,48.0,590.0,528.0,1.117424
GCQbfk,8,13,47.0,616.0,564.0,1.092199
GCQbfo,8,12,46.0,587.0,506.0,1.160079
GCQbfs,8,13,45.0,613.0,540.0,1.135185
GCQbfw,8,13,43.0,593.0,516.0,1.149225
GCQbf{,8,14,42.0,614.0,546.0,1.124542
GCQbro,8,12,48.0,614.0,528.0,1.162879
GCQbrs,8,13,47.0,646.0,564.0,1.14539
GCQbvW,8,13,43.0,599.0,516.0,1.160853
GCQbv[,8,14,42.0,620.0,546.0,1.135531
GCQbvg,8,13,45.0,615.0,540.0,1.138889
GCQbvk,8,14,44.0,638.0,572.0,1.115385
GCQbvo,8,13,45.0,613.0,540.0,1.135185
GCQbvs,8,14,44.0,640.0,572.0,1.118881
GCQbvw,8,14,42.0,616.0,546.0,1.128205
GCQbv{,8,15,41.0,638.0,574.0,1.111498
GCQdIo,8,10,67.0,595.0,603.0,0.986733
GCQdIw,8,11,52.0,621.0,520.0,1.194231
GCQdI{,8,12,49.0,620.0,539.0,1.150278
GCQdJO,8,10,64.0,598.0,576.0,1.038194
GCQdJW,8,11,55.0,624.0,550.0,1.134545
GCQdJ[,8,12,52.0,634.0,572.0,1.108392
GCQdJg,8,11,54.0,565.0,540.0,1.046296
GCQdJk,8,12,51.0,587.0,561.0,1.046346
GCQdJo,8,11,51.0,624.0,510.0,1.223529
GCQdJw,8,12,48.0,612.0,528.0,1.159091
GCQdJ{,8,13,45.0,622.0,540.0,1.151852
GCQdKk,8,11,22.0,251.0,220.0,1.140909
GCQdLK,8,11,22.0,243.0,220.0,1.104545
GCQdLk,8,12,20.0,252.0,220.0,1.145455
GCQdM[,8,12,49.0,604.0,539.0,1.120594
GCQdMk,8,12,52.0,593.0,572.0,1.036713
GCQdMo,8,11,55.0,650.0,550.0,1.181818
GCQdMw,8,12,49.0,624.0,539.0,1.157699
GCQdM{,8,13,46.0,629.0,552.0,1.139493
GCQdNK,8,12,52.0,580.0,572.0,1.013986
GCQdNO,8,11,52.0,594.0,520.0,1.142308
GCQdNW,8,12,49.0,604.0,539.0,1.120594
GCQdN[,8,13,46.0,617.0,552.0,1.117754
GCQdNg,8,12,51.0,585.0,561.0,1.042781
GCQdNk,8,13,48.0,601.0,576.0,1.043403
GCQdNo,8,12,48.0,613.0,528.0,1.160985
GCQdNw,8,13,45.0,620.0,540.0,1.148148
GCQdN{,8,14,42.0,624.0,546.0,1.142857
GCQd`g,8,10,22.0,231.0,198.0,1.166667
GCQdao,8,10,60.0,601.0,540.0,1.112963
GCQdbW,8,11,54.0,637.0,540.0,1.17963
GCQdbg,8,11,54.0,562.0,540.0,1.040741
GCQdbo,8,11,51.0,609.0,510.0,1.194118
GCQdbw,8,12,48.0,609.0,528.0,1.153409
GCQddK,8,11,21.0,244.0,210.0,1.161905
GCQddc,8,11,21.0,244.0,210.0,1.161905
GCQddg,8,11,21.0,241.0,210.0,1.147619
GCQddk,8,12,20.0,250.0,220.0,1.136364
GCQdeW,8,11,51.0,610.0,510.0,1.196078
GCQdeg,8,11,54.0,567.0,540.0,1.05
GCQdeo,8,11,54.0,635.0,540.0,1.175926
GCQdes,8,12,48.0,623.0,528.0,1.179924
GCQdew,8,12,48.0,614.0,528.0,1.162879
GCQdfK,8,12,51.0,585.0,561.0,1.042781
GCQdfS,8,12,48.0,610.0,528.0,1.155303
GCQdfW,8,12,48.0,615.0,528.0,1.164773
GCQdf[,8,13,45.0,620.0,540.0,1.148148
GCQdfc,8,12,51.0,585.0,561.0,1.042781
GCQdfg,8,12,51.0,582.0,561.0,1.037433
GCQdfk,8,13,48.0,599.0,576.0,1.039931
GCQdfo,8,12,48.0,612.0,528.0,1.159091
GCQdfs,8,13,45.0,620.0,540.0,1.148148
GCQdfw,8,13,45.0,617.0,540.0,1.142593
GCQdf{,8,14,42.0,622.0,546.0,1.139194
GCQdjo,8,12,50.0,644.0,550.0,1.170909
GCQdjs,8,13,47.0,640.0,564.0,1.134752
GCQdlg,8,12,20.0,250.0,220.0,1.136364
GCQdlk,8,13,19.0,258.0,228.0,1.131579
GCQdnW,8,13,47.0,648.0,564.0,1.148936
GCQdn[,8,14,44.0,650.0,572.0,1.136364
GCQdng,8,13,50.0,620.0,600.0,1.033333
GCQdnk,8,14,47.0,634.0,611.0,1.037643
GCQdno,8,13,47.0,643.0,564.0,1.140071
GCQdns,8,14,44.0,648.0,572.0,1.132867
GCQdnw,8,14,44.0,648.0,572.0,1.132867
GCQdn{,8,15,41.0,650.0,574.0,1.132404
GCQePg,8,10,60.0,601.0,540.0,1.112963
GCQePk,8,11,51.0,605.0,510.0,1.186275
GCQeQ[,8,11,52.0,576.0,520.0,1.107692
GCQeQo,8,10,57.0,565.0,513.0,1.101365
GCQeQs,8,11,56.0,597.0,560.0,1.066071
GCQeQw,8,11,49.0,564.0,490.0,1.15102
GCQeQ{,8,12,48.0,595.0,528.0,1.126894
GCQeRS,8,11,51.0,600.0,510.0,1.176471
GCQeRW,8,11,50.0,581.0,500.0,1.162
GCQeR[,8,12,48.0,598.0,528.0,1.132576
GCQeR_,8,10,51.0,572.0,459.0,1.246187
GCQeRc,8,11,49.0,585.0,490.0,1.193878
GCQeRg,8,11,49.0,585.0,490.0,1.193878
GCQeRk,8,12,47.0,598.0,517.0,1.156673
GCQeRo,8,11,48.0,581.0,480.0,1.210417
GCQeRs,8,12,46.0,599.0,506.0,1.183794
GCQeRw,8,12,45.0,581.0,495.0,1.173737
GCQeR{,8,13,43.0,598.0,516.0,1.158915
GCQeSk,8,11,55.0,612.0,550.0,1.112727
GCQeTG,8,10,58.0,550.0,522.0,1.05364
GCQeTK,8,11,52.0,591.0,520.0,1.136538
GCQeTc,8,11,51.0,605.0,510.0,1.186275
GCQeTg,8,11,56.0,607.0,560.0,1.083929
GCQeTk,8,12,50.0,634.0,550.0,1.152727
GCQeUS,8,11,56.0,562.0,560.0,1.003571
GCQeU[,8,12,50.0,591.0,550.0,1.074545
GCQeUg,8,11,52.0,584.0,520.0,1.123077
GCQeUk,8,12,51.0,615.0,561.0,1.096257
GCQeUo,8,11,54.0,566.0,540.0,1.048148
GCQeUs,8,12,53.0,604.0,583.0,1.036021
GCQeUw,8,12,48.0,591.0,528.0,1.119318
GCQeU{,8,13,47.0,620.0,564.0,1.099291
GCQeVG,8,11,51.0,577.0,510.0,1.131373
GCQeVK,8,12,49.0,597.0,539.0,1.107607
GCQeVS,8,12,49.0,600.0,539.0,1.113173
GCQeVW,8,12,48.0,586.0,528.0,1.109848
GCQeV[,8,13,46.0,607.0,552.0,1.099638
GCQeV_,8,11,50.0,592.0,500.0,1.184
GCQeVc,8,12,48.0,610.0,528.0,1.155303
GCQeVg,8,12,48.0,610.0,528.0,1.155303
GCQeVk,8,13,46.0,624.0,552.0,1.130435
GCQeVo,8,12,47.0,600.0,517.0,1.160542
GCQeVs,8,13,45.0,619.0,540.0,1.146296
GCQeVw,8,13,44.0,604.0,528.0,1.143939
GCQeV{,8,14,42.0,618.0,546.0,1.131868
GCQeZo,8,12,44.0,578.0,484.0,1.194215
GCQeZs,8,13,43.0,598.0,516.0,1.158915
GCQe\g,8,12,50.0,640.0,550.0,1.163636
GCQe\k,8,13,47.0,642.0,564.0,1.138298
GCQe][,8,13,48.0,610.0,576.0,1.059028
GCQe^W,8,13,46.0,603.0,552.0,1.092391
GCQe^[,8,14,45.0,634.0,585.0,1.083761
GCQe^g,8,13,45.0,615.0,540.0,1.138889
GCQe^k,8,14,44.0,640.0,572.0,1.118881
GCQe^o,8,13,43.0,594.0,516.0,1.151163
GCQe^s,8,14,42.0,620.0,546.0,1.135531
GCQe^w,8,14,42.0,616.0,546.0,1.128205
GCQe^{,8,15,41.0,640.0,574.0,1.114983
GCQe`o,8,10,51.0,575.0,459.0,1.252723
GCQeao,8,10,60.0,572.0,540.0,1.059259
GCQebG,8,10,53.0,569.0,477.0,1.192872
GCQebO,8,10,54.0,614.0,486.0,1.263374
GCQebW,8,11,50.0,599.0,500.0,1.198
GCQebg,8,11,50.0,571.0,500.0,1.142
GCQebo,8,11,49.0,587.0,490.0,1.197959
GCQebw,8,12,46.0,587.0,506.0,1.160079
GCQecw,8,11,51.0,583.0,510.0,1.143137
GCQedW,8,11,50.0,598.0,500.0,1.196
GCQedc,8,11,54.0,576.0,540.0,1.066667
GCQedg,8,11,59.0,612.0,590.0,1.037288
GCQedo,8,11,49.0,590.0,490.0,1.204082
GCQeds,8,12,47.0,607.0,517.0,1.174081
GCQedw,8,12,47.0,608.0,517.0,1.176015
GCQeeS,8,11,55.0,576.0,550.0,1.047273
GCQeeW,8,11,50.0,570.0,500.0,1.14
GCQeec,8,11,58.0,579.0,580.0,0.998276
GCQeek,8,12,52.0,610.0,572.0,1.066434
GCQeeo,8,11,54.0,568.0,540.0,1.051852
GCQees,8,12,53.0,608.0,583.0,1.042882
GCQeew,8,12,48.0,591.0,528.0,1.119318
GCQefG,8,11,51.0,581.0,510.0,1.139216
GCQefK,8,12,49.0,600.0,539.0,1.113173
GCQefO,8,11,50.0,588.0,500.0,1.176
GCQefS,8,12,48.0,609.0,528.0,1.153409
GCQefW,8,12,47.0,598.0,517.0,1.156673
GCQef[,8,13,45.0,614.0,540.0,1.137037
GCQefc,8,12,50.0,612.0,550.0,1.112727
GCQefg,8,12,49.0,602.0,539.0,1.116883
GCQefk,8,13,47.0,620.0,564.0,1.099291
GCQefo,8,12,47.0,600.0,517.0,1.160542
GCQefs,8,13,45.0,620.0,540.0,1.148148
GCQefw,8,13,44.0,604.0,528.0,1.143939
GCQef{,8,14,42.0,618.0,546.0,1.131868
GCQerW,8,12,47.0,607.0,517.0,1.174081
GCQer[,8,13,44.0,610.0,528.0,1.155303
GCQero,8,12,47.0,606.0,517.0,1.172147
GCQers,8,13,45.0,626.0,540.0,1.159259
GCQerw,8,13,44.0,605.0,528.0,1.145833
GCQer{,8,14,42.0,621.0,546.0,1.137363
GCQetg,8,12,53.0,670.0,583.0,1.149228
GCQetk,8,13,47.0,648.0,564.0,1.148936
GCQeuW,8,12,48.0,594.0,528.0,1.125
GCQeu[,8,13,47.0,624.0,564.0,1.106383
GCQeuo,8,12,53.0,600.0,583.0,1.02916
GCQeus,8,13,52.0,641.0,624.0,1.027244
GCQeuw,8,13,47.0,620.0,564.0,1.099291
GCQeu{,8,14,46.0,650.0,598.0,1.086957
GCQevW,8,13,45.0,617.0,540.0,1.142593
GCQev[,8,14,43.0,632.0,559.0,1.13059
GCQevg,8,13,46.0,630.0,552.0,1.141304
GCQevk,8,14,44.0,643.0,572.0,1.124126
GCQevo,8,13,46.0,627.0,552.0,1.13587
GCQevs,8,14,44.0,647.0,572.0,1.131119
GCQevw,8,14,43.0,628.0,559.0,1.123435
GCQev{,8,15,41.0,642.0,574.0,1.118467
GCQfJW,8,12,50.0,610.0,550.0,1.109091
GCQfJ[,8,13,49.0,641.0,588.0,1.090136
GCQfJo,8,12,46.0,593.0,506.0,1.171937
GCQfJs,8,13,45.0,615.0,540.0,1.138889
GCQfJw,8,13,44.0,605.0,528.0,1.145833
GCQfJ{,8,14,43.0,631.0,559.0,1.128801
GCQfKw,8,12,47.0,604.0,517.0,1.168279
GCQfK{,8,13,46.0,628.0,552.0,1.137681
GCQfLW,8,12,47.0,588.0,517.0,1.137331
GCQfL[,8,13,46.0,616.0,552.0,1.115942
GCQfLg,8,12,53.0,608.0,583.0,1.042882
GCQfLk,8,13,50.0,622.0,600.0,1.036667
GCQfLw,8,13,44.0,614.0,528.0,1.162879
GCQfL{,8,14,43.0,636.0,559.0,1.137746
GCQfMW,8,12,48.0,587.0,528.0,1.111742
GCQfM[,8,13,47.0,618.0,564.0,1.095745
GCQfMg,8,12,49.0,600.0,539.0,1.113173
GCQfMk,8,13,48.0,629.0,576.0,1.092014
GCQfMo,8,12,48.0,612.0,528.0,1.159091
GCQfMs,8,13,46.0,626.0,552.0,1.134058
GCQfMw,8,13,45.0,615.0,540.0,1.138889
GCQfM{,8,14,44.0,640.0,572.0,1.118881
GCQfNK,8,13,50.0,631.0,600.0,1.051667
GCQfNW,8,13,46.0,608.0,552.0,1.101449
GCQfN[,8,14,45.0,638.0,585.0,1.090598
GCQfNg,8,13,47.0,620.0,564.0,1.099291
GCQfNk,8,14,46.0,648.0,598.0,1.083612
GCQfNo,8,13,44.0,605.0,528.0,1.145833
GCQfNs,8,14,43.0,630.0,559.0,1.127013
GCQfNw,8,14,42.0,619.0,546.0,1.1337
GCQfN{,8,15,41.0,642.0,574.0,1.118467
GCQfQw,8,12,45.0,579.0,495.0,1.169697
GCQfQ{,8,13,44.0,608.0,528.0,1.151515
GCQfRW,8,12,48.0,593.0,528.0,1.123106
GCQfR[,8,13,47.0,624.0,564.0,1.106383
GCQfRo,8,12,46.0,591.0,506.0,1.167984
GCQfRs,8,13,45.0,617.0,540.0,1.142593
GCQfRw,8,13,43.0,593.0,516.0,1.149225
GCQfR{,8,14,42.0,620.0,546.0,1.135531
GCQfTg,8,12,50.0,640.0,550.0,1.163636
GCQfTk,8,13,47.0,642.0,564.0,1.138298
GCQfUW,8,12,47.0,576.0,517.0,1.11412
GCQfU[,8,13,46.0,607.0,552.0,1.099638
GCQfUg,8,12,47.0,597.0,517.0,1.154739
GCQfUk,8,13,46.0,624.0,552.0,1.130435
GCQfUo,8,12,48.0,611.0,528.0,1.157197
GCQfUs,8,13,46.0,631.0,552.0,1.143116
GCQfUw,8,13,44.0,604.0,528.0,1.143939
GCQfU{,8,14,43.0,630.0,559.0,1.127013
GCQfVG,8,12,48.0,588.0,528.0,1.113636
GCQfVK,8,13,47.0,618.0,564.0,1.095745
GCQfVS,8,13,48.0,626.0,576.0,1.086806
GCQfVW,8,13,46.0,604.0,552.0,1.094203
GCQfV[,8,14,45.0,634.0,585.0,1.083761
GCQfVg,8,13,45.0,615.0,540.0,1.138889
GCQfVk,8,14,44.0,640.0,572.0,1.118881
GCQfVo,8,13,45.0,613.0,540.0,1.135185
GCQfVs,8,14,44.0,640.0,572.0,1.118881
GCQfVw,8,14,42.0,616.0,546.0,1.128205
GCQfV{,8,15,41.0,640.0,574.0,1.114983
GCQf]w,8,14,43.0,628.0,559.0,1.123435
GCQf]{,8,15,42.0,653.0,588.0,1.110544
GCQf^W,8,14,45.0,630.0,585.0,1.076923
GCQf^[,8,15,44.0,661.0,616.0,1.073052
GCQf^w,8,15,41.0,638.0,574.0,1.111498
GCQf^{,8,16,40.0,662.0,600.0,1.103333
GCQf`w,8,12,46.0,591.0,506.0,1.167984
GCQf`{,8,13,45.0,616.0,540.0,1.140741
GCQfaw,8,12,46.0,587.0,506.0,1.160079
GCQfa{,8,13,45.0,615.0,540.0,1.138889
GCQfbW,8,12,47.0,601.0,517.0,1.162476
GCQfb[,8,13,45.0,616.0,540.0,1.140741
GCQfbg,8,12,48.0,587.0,528.0,1.111742
GCQfbk,8,13,47.0,617.0,564.0,1.093972
GCQfbo,8,12,47.0,599.0,517.0,1.158607
GCQfbs,8,13,46.0,626.0,552.0,1.134058
GCQfbw,8,13,44.0,601.0,528.0,1.138258
GCQfb{,8,14,43.0,627.0,559.0,1.121646
GCQfcw,8,12,46.0,595.0,506.0,1.175889
GCQfc{,8,13,45.0,620.0,540.0,1.148148
GCQfdW,8,12,46.0,595.0,506.0,1.175889
GCQfd[,8,13,45.0,619.0,540.0,1.146296
GCQfdg,8,12,53.0,603.0,583.0,1.034305
GCQfdk,8,13,50.0,620.0,600.0,1.033333
GCQfdo,8,12,46.0,594.0,506.0,1.173913
GCQfds,8,13,45.0,619.0,540.0,1.146296
GCQfdw,8,13,44.0,611.0,528.0,1.157197
GCQfd{,8,14,43.0,634.0,559.0,1.134168
GCQfeW,8,12,46.0,587.0,506.0,1.160079
GCQfe[,8,13,45.0,614.0,540.0,1.137037
GCQfeg,8,12,48.0,590.0,528.0,1.117424
GCQfek,8,13,47.0,620.0,564.0,1.099291
GCQfeo,8,12,48.0,615.0,528.0,1.164773
GCQfes,8,13,46.0,633.0,552.0,1.146739
GCQfew,8,13,44.0,604.0,528.0,1.143939
GCQfe{,8,14,43.0,630.0,559.0,1.127013
GCQffG,8,12,48.0,591.0,528.0,1.119318
GCQffK,8,13,47.0,620.0,564.0,1.099291
GCQffO,8,12,47.0,597.0,517.0,1.154739
GCQffS,8,13,46.0,624.0,552.0,1.130435
GCQffW,8,13,44.0,605.0,528.0,1.145833
GCQff[,8,14,43.0,630.0,559.0,1.127013
GCQffc,8,13,49.0,637.0,588.0,1.083333
GCQffg,8,13,47.0,617.0,564.0,1.093972
GCQffk,8,14,46.0,646.0,598.0,1.080268
GCQffo,8,13,45.0,614.0,540.0,1.137037
GCQffs,8,14,44.0,641.0,572.0,1.120629
GCQffw,8,14,42.0,616.0,546.0,1.128205
GCQff{,8,15,41.0,640.0,574.0,1.114983
GCQflw,8,14,42.0,628.0,546.0,1.150183
GCQfl{,8,15,41.0,649.0,574.0,1.130662
GCQfnW,8,14,43.0,631.0,559.0,1.128801
GCQfn[,8,15,42.0,655.0,588.0,1.113946
GCQfng,8,14,46.0,646.0,598.0,1.080268
GCQfnk,8,15,45.0,674.0,630.0,1.069841
GCQfnw,8,15,41.0,641.0,574.0,1.116725
GCQfn{,8,16,40.0,664.0,600.0,1.106667
GCQfrw,8,14,42.0,613.0,546.0,1.122711
GCQfr{,8,15,41.0,639.0,574.0,1.11324
GCQfuw,8,14,42.0,616.0,546.0,1.128205
GCQfu{,8,15,41.0,642.0,574.0,1.118467
GCQfvW,8,14,42.0,617.0,546.0,1.130037
GCQfv[,8,15,41.0,642.0,574.0,1.118467
GCQfvg,8,14,43.0,628.0,559.0,1.123435
GCQfvk,8,15,42.0,653.0,588.0,1.110544
GCQfvo,8,14,44.0,636.0,572.0,1.111888
GCQfvs,8,15,43.0,664.0,602.0,1.10299
GCQfvw,8,15,41.0,635.0,574.0,1.106272
GCQfv{,8,16,40.0,660.0,600.0,1.1
GCQf~w,8,16,40.0,656.0,600.0,1.093333
GCQf~{,8,17,39.0,680.0,624.0,1.089744
GCQrTg,8,12,58.0,680.0,638.0,1.065831
GCQrTk,8,13,49.0,676.0,588.0,1.14966
GCQrUo,8,12,49.0,630.0,539.0,1.168831
GCQrUw,8,13,45.0,628.0,540.0,1.162963
GCQrU{,8,14,42.0,628.0,546.0,1.150183
GCQrV_,8,12,50.0,639.0,550.0,1.161818
GCQrVc,8,13,47.0,642.0,564.0,1.138298
GCQrVg,8,13,48.0,659.0,576.0,1.144097
GCQrVk,8,14,45.0,658.0,585.0,1.124786
GCQrVo,8,13,47.0,639.0,564.0,1.132979
GCQrVw,8,14,44.0,645.0,572.0,1.127622
GCQrV{,8,15,41.0,646.0,574.0,1.125436
GCQr]{,8,15,41.0,646.0,574.0,1.125436
GCQr^k,8,15,43.0,668.0,602.0,1.109635
GCQr^o,8,14,42.0,619.0,546.0,1.1337
GCQr^w,8,15,41.0,642.0,574.0,1.118467
GCQr^{,8,16,40.0,664.0,600.0,1.106667
GCQtbO,8,11,59.0,640.0,590.0,1.084746
GCQtbW,8,12,50.0,645.0,550.0,1.172727
GCQtb[,8,13,47.0,640.0,564.0,1.134752
GCQtdg,8,12,20.0,251.0,220.0,1.140909
GCQtdk,8,13,19.0,258.0,228.0,1.131579
GCQteo,8,12,53.0,664.0,583.0,1.138937
GCQtew,8,13,47.0,648.0,564.0,1.148936
GCQte{,8,14,44.0,650.0,572.0,1.136364
GCQtfO,8,12,50.0,640.0,550.0,1.163636
GCQtfW,8,13,47.0,641.0,564.0,1.136525
GCQtf[,8,14,44.0,648.0,572.0,1.132867
GCQtfg,8,13,50.0,621.0,600.0,1.035
GCQtfk,8,14,47.0,634.0,611.0,1.037643
GCQtfo,8,13,47.0,645.0,564.0,1.143617
GCQtfw,8,14,44.0,649.0,572.0,1.134615
GCQtf{,8,15,41.0,650.0,574.0,1.132404
GCQtj[,8,14,46.0,674.0,598.0,1.12709
GCQtlk,8,14,18.0,264.0,234.0,1.128205
GCQtm{,8,15,43.0,678.0,602.0,1.126246
GCQtn[,8,15,43.0,678.0,602.0,1.126246
GCQtnk,8,15,46.0,667.0,644.0,1.035714
GCQtno,8,14,46.0,677.0,598.0,1.132107
GCQtnw,8,15,43.0,678.0,602.0,1.126246
GCQtn{,8,16,40.0,676.0,600.0,1.126667
GCQurW,8,13,44.0,609.0,528.0,1.153409
GCQur[,8,14,42.0,624.0,546.0,1.142857
GCQutg,8,13,52.0,703.0,624.0,1.126603
GCQutk,8,14,46.0,680.0,598.0,1.137124
GCQuuo,8,13,51.0,658.0,612.0,1.075163
GCQuus,8,14,50.0,696.0,650.0,1.070769
GCQuuw,8,14,45.0,638.0,585.0,1.090598
GCQuu{,8,15,44.0,669.0,616.0,1.086039
GCQuvW,8,14,43.0,630.0,559.0,1.127013
GCQuv[,8,15,41.0,646.0,574.0,1.125436
GCQuvg,8,14,45.0,659.0,585.0,1.126496
GCQuvk,8,15,43.0,671.0,602.0,1.114618
GCQuvo,8,14,45.0,652.0,585.0,1.11453
GCQuvs,8,15,43.0,670.0,602.0,1.112957
GCQuvw,8,15,42.0,653.0,588.0,1.110544
GCQuv{,8,16,40.0,666.0,600.0,1.11
GCQu}w,8,15,43.0,648.0,602.0,1.076412
GCQu}{,8,16,42.0,676.0,630.0,1.073016
GCQu~w,8,16,40.0,662.0,600.0,1.103333
GCQu~{,8,17,39.0,684.0,624.0,1.096154
GCQvR[,8,14,44.0,645.0,572.0,1.127622
GCQvRo,8,13,45.0,615.0,540.0,1.138889
GCQvRs,8,14,44.0,641.0,572.0,1.120629
GCQvRw,8,14,42.0,618.0,546.0,1.131868
GCQvR{,8,15,41.0,643.0,574.0,1.120209
GCQvTg,8,13,49.0,676.0,588.0,1.14966
GCQvTk,8,14,46.0,674.0,598.0,1.12709
GCQvUo,8,13,46.0,628.0,552.0,1.137681
GCQvUs,8,14,44.0,646.0,572.0,1.129371
GCQvUw,8,14,42.0,623.0,546.0,1.141026
GCQvU{,8,15,41.0,646.0,574.0,1.125436
GCQvVO,8,13,47.0,637.0,564.0,1.129433
GCQvVS,8,14,46.0,667.0,598.0,1.115385
GCQvVW,8,14,44.0,640.0,572.0,1.118881
GCQvV[,8,15,43.0,668.0,602.0,1.109635
GCQvVg,8,14,44.0,645.0,572.0,1.127622
GCQvVk,8,15,43.0,668.0,602.0,1.109635
GCQvVo,8,14,44.0,640.0,572.0,1.118881
GCQvVs,8,15,43.0,665.0,602.0,1.104651
GCQvVw,8,15,41.0,642.0,574.0,1.118467
GCQvV{,8,16,40.0,664.0,600.0,1.106667
GCQvZw,8,15,41.0,638.0,574.0,1.111498
GCQvZ{,8,16,40.0,664.0,600.0,1.106667
GCQv]w,8,15,41.0,642.0,574.0,1.118467
GCQv]{,8,16,40.0,666.0,600.0,1.11
GCQv^W,8,15,43.0,662.0,602.0,1.099668
GCQv^[,8,16,42.0,690.0,630.0,1.095238
GCQv^w,8,16,40.0,660.0,600.0,1.1
GCQv^{,8,17,39.0,684.0,624.0,1.096154
GCQvbW,8,13,45.0,616.0,540.0,1.140741
GCQvb[,8,14,44.0,640.0,572.0,1.118881
GCQvdg,8,13,52.0,644.0,624.0,1.032051
GCQvdk,8,14,49.0,657.0,637.0,1.031397
GCQvdo,8,13,45.0,625.0,540.0,1.157407
GCQvds,8,14,44.0,648.0,572.0,1.132867
GCQvdw,8,14,43.0,642.0,559.0,1.148479
GCQvd{,8,15,42.0,663.0,588.0,1.127551
GCQveo,8,13,47.0,641.0,564.0,1.136525
GCQves,8,14,45.0,657.0,585.0,1.123077
GCQvew,8,14,43.0,633.0,559.0,1.132379
GCQve{,8,15,42.0,657.0,588.0,1.117347
GCQvfO,8,13,46.0,627.0,552.0,1.13587
GCQvfS,8,14,45.0,652.0,585.0,1.11453
GCQvfW,8,14,43.0,630.0,559.0,1.127013
GCQvf[,8,15,42.0,655.0,588.0,1.113946
GCQvfc,8,14,48.0,670.0,624.0,1.073718
GCQvfg,8,14,46.0,651.0,598.0,1.088629
GCQvfk,8,15,45.0,678.0,630.0,1.07619
GCQvfo,8,14,44.0,643.0,572.0,1.124126
GCQvfs,8,15,43.0,668.0,602.0,1.109635
GCQvfw,8,15,41.0,644.0,574.0,1.121951
GCQvf{,8,16,40.0,666.0,600.0,1.11
GCQvlw,8,15,41.0,656.0,574.0,1.142857
GCQvl{,8,16,40.0,675.0,600.0,1.125
GCQvmw,8,15,42.0,658.0,588.0,1.119048
GCQvm{,8,16,41.0,680.0,615.0,1.105691
GCQvnW,8,15,42.0,656.0,588.0,1.115646
GCQvn[,8,16,41.0,680.0,615.0,1.105691
GCQvng,8,15,45.0,678.0,630.0,1.07619
GCQvnk,8,16,44.0,704.0,660.0,1.066667
GCQvnw,8,16,40.0,667.0,600.0,1.111667
GCQvn{,8,17,39.0,688.0,624.0,1.102564
GCQvuw,8,15,41.0,642.0,574.0,1.118467
GCQvu{,8,16,40.0,666.0,600.0,1.11
GCQvvW,8,15,41.0,639.0,574.0,1.11324
GCQvv[,8,16,40.0,664.0,600.0,1.106667
GCQvvg,8,15,42.0,657.0,588.0,1.117347
GCQvvk,8,16,41.0,680.0,615.0,1.105691
GCQvvo,8,15,43.0,663.0,602.0,1.101329
GCQvvs,8,16,42.0,689.0,630.0,1.093651
GCQvvw,8,16,40.0,661.0,600.0,1.101667
GCQvv{,8,17,39.0,684.0,624.0,1.096154
GCQv~w,8,17,39.0,680.0,624.0,1.089744
GCQv~{,8,18,38.0,702.0,646.0,1.086687
GCRRRO,8,11,56.0,607.0,560.0,1.083929
GCRRRS,8,12,55.0,650.0,605.0,1.07438
GCRRRW,8,12,50.0,640.0,550.0,1.163636
GCRRR[,8,13,49.0,670.0,588.0,1.139456
GCRRSw,8,12,52.0,636.0,572.0,1.111888
GCRRS{,8,13,46.0,614.0,552.0,1.112319
GCRRTg,8,12,49.0,640.0,539.0,1.187384
GCRRTk,8,13,45.0,621.0,540.0,1.15
GCRRTo,8,12,47.0,604.0,517.0,1.168279
GCRRTs,8,13,44.0,609.0,528.0,1.153409
GCRRTw,8,13,45.0,622.0,540.0,1.151852
GCRRT{,8,14,42.0,623.0,546.0,1.141026
GCRRU[,8,13,49.0,643.0,588.0,1.093537
GCRRUg,8,12,54.0,660.0,594.0,1.111111
GCRRUk,8,13,48.0,633.0,576.0,1.098958
GCRRUo,8,12,52.0,631.0,572.0,1.103147
GCRRUs,8,13,46.0,616.0,552.0,1.115942
GCRRUw,8,13,51.0,666.0,612.0,1.088235
GCRRU{,8,14,45.0,642.0,585.0,1.097436
GCRRVO,8,12,49.0,625.0,539.0,1.159555
GCRRVS,8,13,47.0,644.0,564.0,1.141844
GCRRVW,8,13,47.0,641.0,564.0,1.136525
GCRRV[,8,14,45.0,655.0,585.0,1.119658
GCRRV_,8,12,49.0,622.0,539.0,1.153989
GCRRVc,8,13,46.0,627.0,552.0,1.13587
GCRRVg,8,13,47.0,644.0,564.0,1.141844
GCRRVk,8,14,44.0,644.0,572.0,1.125874
GCRRVo,8,13,46.0,629.0,552.0,1.139493
GCRRVs,8,14,43.0,633.0,559.0,1.132379
GCRRVw,8,14,44.0,646.0,572.0,1.129371
GCRRV{,8,15,41.0,644.0,574.0,1.121951
GCRRZW,8,13,47.0,642.0,564.0,1.138298
GCRRZ[,8,14,46.0,674.0,598.0,1.12709
GCRR\w,8,14,42.0,623.0,546.0,1.141026
GCRR\{,8,15,41.0,644.0,574.0,1.121951
GCRR]w,8,14,45.0,642.0,585.0,1.097436
GCRR]{,8,15,43.0,652.0,602.0,1.083056
GCRR^W,8,14,44.0,642.0,572.0,1.122378
GCRR^[,8,15,43.0,668.0,602.0,1.109635
GCRR^g,8,14,44.0,644.0,572.0,1.125874
GCRR^k,8,15,43.0,666.0,602.0,1.106312
GCRR^o,8,14,42.0,618.0,546.0,1.131868
GCRR^s,8,15,41.0,640.0,574.0,1.114983
GCRR^w,8,15,41.0,644.0,574.0,1.121951
GCRR^{,8,16,40.0,664.0,600.0,1.106667
GCRSrO,8,11,53.0,604.0,530.0,1.139623
GCRSrW,8,12,47.0,586.0,517.0,1.133462
GCRSr[,8,13,45.0,594.0,540.0,1.1
GCRStk,8,13,45.0,612.0,540.0,1.133333
GCRSu[,8,13,29.0,394.0,348.0,1.132184
GCRSug,8,12,30.0,386.0,330.0,1.169697
GCRSuk,8,13,29.0,398.0,348.0,1.143678
GCRSuw,8,13,29.0,393.0,348.0,1.12931
GCRSu{,8,14,28.0,406.0,364.0,1.115385
GCRSvO,8,12,47.0,578.0,517.0,1.117988
GCRSvW,8,13,45.0,593.0,540.0,1.098148
GCRSv[,8,14,43.0,610.0,559.0,1.091234
GCRSvc,8,13,45.0,597.0,540.0,1.105556
GCRSvg,8,13,45.0,602.0,540.0,1.114815
GCRSvk,8,14,43.0,614.0,559.0,1.09839
GCRSvo,8,13,45.0,592.0,540.0,1.096296
GCRSvw,8,14,43.0,609.0,559.0,1.089445
GCRSv{,8,15,41.0,622.0,574.0,1.083624
GCRSz[,8,14,44.0,626.0,572.0,1.094406
GCRS}{,8,15,27.0,420.0,378.0,1.111111
GCRS~[,8,15,42.0,639.0,588.0,1.086735
GCRS~k,8,15,42.0,641.0,588.0,1.090136
GCRS~o,8,14,44.0,620.0,572.0,1.083916
GCRS~w,8,15,42.0,636.0,588.0,1.081633
GCRS~{,8,16,40.0,648.0,600.0,1.08
GCRTbO,8,11,52.0,631.0,520.0,1.213462
GCRTbS,8,12,47.0,603.0,517.0,1.166344
GCRTbW,8,12,48.0,620.0,528.0,1.174242
GCRTb[,8,13,45.0,616.0,540.0,1.140741
GCRTcs,8,12,49.0,609.0,539.0,1.12987
GCRTcw,8,12,52.0,633.0,572.0,1.106643
GCRTc{,8,13,48.0,639.0,576.0,1.109375
GCRTdc,8,12,58.0,652.0,638.0,1.021944
GCRTdg,8,12,53.0,608.0,583.0,1.042882
GCRTdk,8,13,52.0,647.0,624.0,1.036859
GCRTdo,8,12,48.0,618.0,528.0,1.170455
GCRTds,8,13,46.0,639.0,552.0,1.157609
GCRTdw,8,13,46.0,633.0,552.0,1.146739
GCRTd{,8,14,44.0,650.0,572.0,1.136364
GCRTeW,8,12,53.0,644.0,583.0,1.104631
GCRTe[,8,13,47.0,622.0,564.0,1.102837
GCRTeg,8,12,56.0,646.0,616.0,1.048701
GCRTek,8,13,50.0,639.0,600.0,1.065
GCRTes,8,13,46.0,612.0,552.0,1.108696
GCRTew,8,13,51.0,664.0,612.0,1.084967
GCRTe{,8,14,45.0,642.0,585.0,1.097436
GCRTfO,8,12,48.0,609.0,528.0,1.153409
GCRTfS,8,13,45.0,615.0,540.0,1.138889
GCRTfW,8,13,46.0,628.0,552.0,1.137681
GCRTf[,8,14,43.0,632.0,559.0,1.13059
GCRTfc,8,13,48.0,635.0,576.0,1.102431
GCRTfg,8,13,49.0,643.0,588.0,1.093537
GCRTfk,8,14,46.0,652.0,598.0,1.090301
GCRTfo,8,13,46.0,627.0,552.0,1.13587
GCRTfs,8,14,43.0,631.0,559.0,1.128801
GCRTfw,8,14,44.0,645.0,572.0,1.127622
GCRTf{,8,15,41.0,644.0,574.0,1.121951
GCRTjW,8,13,46.0,634.0,552.0,1.148551
GCRTj[,8,14,44.0,644.0,572.0,1.125874
GCRTk{,8,14,44.0,637.0,572.0,1.113636
GCRTlg,8,13,50.0,622.0,600.0,1.036667
GCRTlk,8,14,49.0,657.0,637.0,1.031397
GCRTlw,8,14,44.0,650.0,572.0,1.136364
GCRTl{,8,15,42.0,663.0,588.0,1.127551
GCRTmw,8,14,47.0,665.0,611.0,1.08838
GCRTm{,8,15,43.0,656.0,602.0,1.089701
GCRTnW,8,14,44.0,645.0,572.0,1.127622
GCRTn[,8,15,42.0,657.0,588.0,1.117347
GCRTng,8,14,46.0,652.0,598.0,1.090301
GCRTnk,8,15,45.0,678.0,630.0,1.07619
GCRTno,8,14,43.0,634.0,559.0,1.134168
GCRTns,8,15,41.0,645.0,574.0,1.123693
GCRTnw,8,15,42.0,658.0,588.0,1.119048
GCRTn{,8,16,40.0,666.0,600.0,1.11
GCRTrW,8,13,43.0,597.0,516.0,1.156977
GCRTr[,8,14,42.0,618.0,546.0,1.131868
GCRTs{,8,14,44.0,628.0,572.0,1.097902
GCRTtg,8,13,45.0,627.0,540.0,1.161111
GCRTtk,8,14,43.0,643.0,559.0,1.150268
GCRTto,8,13,45.0,617.0,540.0,1.142593
GCRTts,8,14,44.0,645.0,572.0,1.127622
GCRTtw,8,14,43.0,630.0,559.0,1.127013
GCRTt{,8,15,42.0,655.0,588.0,1.113946
GCRTuw,8,14,45.0,636.0,585.0,1.087179
GCRTu{,8,15,43.0,648.0,602.0,1.076412
GCRTvW,8,14,42.0,617.0,546.0,1.130037
GCRTv[,8,15,41.0,640.0,574.0,1.114983
GCRTvg,8,14,42.0,624.0,546.0,1.142857
GCRTvk,8,15,41.0,644.0,574.0,1.121951
GCRTvo,8,14,43.0,626.0,559.0,1.119857
GCRTvs,8,15,42.0,650.0,588.0,1.105442
GCRTvw,8,15,41.0,639.0,574.0,1.11324
GCRTv{,8,16,40.0,660.0,600.0,1.1
GCRT|w,8,15,42.0,655.0,588.0,1.113946
GCRT|{,8,16,41.0,678.0,615.0,1.102439
GCRT~w,8,16,40.0,661.0,600.0,1.101667
GCRT~{,8,17,39.0,682.0,624.0,1.092949
GCRUSs,8,12,30.0,379.0,330.0,1.148485
GCRUSw,8,12,30.0,381.0,330.0,1.154545
GCRUTg,8,12,50.0,615.0,550.0,1.118182
GCRUTs,8,13,45.0,593.0,540.0,1.098148
GCRUTw,8,13,45.0,596.0,540.0,1.103704
GCRUUk,8,13,30.0,407.0,360.0,1.130556
GCRUUw,8,13,29.0,395.0,348.0,1.135057
GCRUU{,8,14,28.0,408.0,364.0,1.120879
GCRUVg,8,13,46.0,610.0,552.0,1.105072
GCRUVk,8,14,44.0,624.0,572.0,1.090909
GCRUVw,8,14,43.0,611.0,559.0,1.093023
GCRUV{,8,15,41.0,624.0,574.0,1.087108
GCRU[{,8,14,28.0,410.0,364.0,1.126374
GCRU\k,8,14,45.0,640.0,585.0,1.094017
GCRU\s,8,14,44.0,622.0,572.0,1.087413
GCRU\{,8,15,42.0,639.0,588.0,1.086735
GCRU]{,8,15,27.0,422.0,378.0,1.116402
GCRU^k,8,15,43.0,652.0,602.0,1.083056
GCRU^o,8,14,44.0,620.0,572.0,1.083916
GCRU^w,8,15,42.0,637.0,588.0,1.083333
GCRU^{,8,16,40.0,650.0,600.0,1.083333
GCRUj[,8,14,46.0,646.0,598.0,1.080268
GCRUk{,8,14,28.0,412.0,364.0,1.131868
GCRUlk,8,14,48.0,656.0,624.0,1.051282
GCRUlo,8,13,46.0,615.0,552.0,1.11413
GCRUlw,8,14,44.0,627.0,572.0,1.096154
GCRUl{,8,15,42.0,642.0,588.0,1.091837
GCRUm[,8,14,29.0,422.0,377.0,1.119363
GCRUmk,8,14,30.0,423.0,390.0,1.084615
GCRUm{,8,15,27.0,424.0,378.0,1.121693
GCRUn[,8,15,43.0,652.0,602.0,1.083056
GCRUnk,8,15,44.0,652.0,616.0,1.058442
GCRUno,8,14,44.0,626.0,572.0,1.094406
GCRUnw,8,15,42.0,641.0,588.0,1.090136
GCRUn{,8,16,40.0,652.0,600.0,1.086667
GCRUrW,8,13,46.0,609.0,552.0,1.103261
GCRUr[,8,14,44.0,622.0,572.0,1.087413
GCRUsw,8,13,29.0,392.0,348.0,1.126437
GCRUs{,8,14,28.0,407.0,364.0,1.118132
GCRUtg,8,13,48.0,633.0,576.0,1.098958
GCRUtk,8,14,44.0,629.0,572.0,1.09965
GCRUto,8,13,46.0,606.0,552.0,1.097826
GCRUts,8,14,44.0,621.0,572.0,1.085664
GCRUtw,8,14,44.0,621.0,572.0,1.085664
GCRUt{,8,15,42.0,636.0,588.0,1.081633
GCRUuW,8,13,29.0,392.0,348.0,1.126437
GCRUu[,8,14,28.0,408.0,364.0,1.120879
GCRUug,8,13,29.0,398.0,348.0,1.143678
GCRUuk,8,14,28.0,412.0,364.0,1.131868
GCRUus,8,14,28.0,409.0,364.0,1.123626
GCRUuw,8,14,28.0,406.0,364.0,1.115385
GCRUu{,8,15,27.0,420.0,378.0,1.111111
GCRUvW,8,14,44.0,620.0,572.0,1.083916
GCRUv[,8,15,42.0,637.0,588.0,1.083333
GCRUvg,8,14,44.0,628.0,572.0,1.097902
GCRUvk,8,15,42.0,641.0,588.0,1.090136
GCRUvo,8,14,44.0,621.0,572.0,1.085664
GCRUvs,8,15,42.0,638.0,588.0,1.085034
GCRUvw,8,15,42.0,635.0,588.0,1.079932
GCRUv{,8,16,40.0,648.0,600.0,1.08
GCRU|w,8,15,43.0,650.0,602.0,1.079734
GCRU|{,8,16,41.0,662.0,615.0,1.076423
GCRU}w,8,15,27.0,420.0,378.0,1.111111
GCRU}{,8,16,26.0,432.0,390.0,1.107692
GCRU~w,8,16,41.0,662.0,615.0,1.076423
GCRU~{,8,17,39.0,672.0,624.0,1.076923
GCRVQw,8,13,46.0,607.0,552.0,1.099638
GCRVQ{,8,14,44.0,624.0,572.0,1.090909
GCRVRW,8,13,45.0,615.0,540.0,1.138889
GCRVR[,8,14,44.0,643.0,572.0,1.124126
GCRVRo,8,13,44.0,604.0,528.0,1.143939
GCRVRs,8,14,43.0,629.0,559.0,1.125224
GCRVRw,8,14,42.0,617.0,546.0,1.130037
GCRVR{,8,15,41.0,641.0,574.0,1.116725
GCRVSw,8,13,46.0,609.0,552.0,1.103261
GCRVS{,8,14,44.0,623.0,572.0,1.089161
GCRVTg,8,13,45.0,621.0,540.0,1.15
GCRVTk,8,14,43.0,633.0,559.0,1.132379
GCRVTo,8,13,44.0,604.0,528.0,1.143939
GCRVTs,8,14,43.0,627.0,559.0,1.121646
GCRVTw,8,14,42.0,619.0,546.0,1.1337
GCRVT{,8,15,41.0,641.0,574.0,1.116725
GCRVU[,8,14,45.0,638.0,585.0,1.090598
GCRVUg,8,13,47.0,622.0,564.0,1.102837
GCRVUk,8,14,45.0,636.0,585.0,1.087179
GCRVUo,8,13,46.0,608.0,552.0,1.101449
GCRVUs,8,14,44.0,623.0,572.0,1.089161
GCRVUw,8,14,45.0,638.0,585.0,1.090598
GCRVU{,8,15,43.0,650.0,602.0,1.079734
GCRVVO,8,13,46.0,625.0,552.0,1.132246
GCRVVS,8,14,45.0,654.0,585.0,1.117949
GCRVVW,8,14,44.0,639.0,572.0,1.117133
GCRVV[,8,15,43.0,666.0,602.0,1.106312
GCRVVg,8,14,43.0,633.0,559.0,1.132379
GCRVVk,8,15,42.0,655.0,588.0,1.113946
GCRVVo,8,14,43.0,628.0,559.0,1.123435
GCRVVs,8,15,42.0,652.0,588.0,1.108844
GCRVVw,8,15,41.0,641.0,574.0,1.116725
GCRVV{,8,16,40.0,662.0,600.0,1.103333
GCRVZw,8,15,41.0,640.0,574.0,1.114983
GCRVZ{,8,16,40.0,664.0,600.0,1.106667
GCRV\w,8,15,41.0,641.0,574.0,1.116725
GCRV\{,8,16,40.0,664.0,600.0,1.106667
GCRV]w,8,15,43.0,650.0,602.0,1.079734
GCRV]{,8,16,41.0,664.0,615.0,1.079675
GCRV^W,8,15,43.0,664.0,602.0,1.10299
GCRV^[,8,16,42.0,690.0,630.0,1.095238
GCRV^w,8,16,40.0,662.0,600.0,1.103333
GCRV^{,8,17,39.0,684.0,624.0,1.096154
GCRVbW,8,13,45.0,615.0,540.0,1.138889
GCRVb[,8,14,44.0,638.0,572.0,1.115385
GCRVcw,8,13,46.0,610.0,552.0,1.105072
GCRVc{,8,14,44.0,627.0,572.0,1.096154
GCRVdg,8,13,47.0,624.0,564.0,1.106383
GCRVdk,8,14,46.0,652.0,598.0,1.090301
GCRVdo,8,13,44.0,607.0,528.0,1.149621
GCRVds,8,14,43.0,630.0,559.0,1.127013
GCRVdw,8,14,42.0,620.0,546.0,1.135531
GCRVd{,8,15,41.0,644.0,574.0,1.121951
GCRVeW,8,13,47.0,618.0,564.0,1.095745
GCRVe[,8,14,45.0,634.0,585.0,1.083761
GCRVeg,8,13,48.0,614.0,576.0,1.065972
GCRVek,8,14,46.0,633.0,598.0,1.058528
GCRVes,8,14,44.0,625.0,572.0,1.092657
GCRVew,8,14,45.0,640.0,585.0,1.094017
GCRVe{,8,15,43.0,652.0,602.0,1.083056
GCRVfO,8,13,45.0,615.0,540.0,1.138889
GCRVfS,8,14,44.0,639.0,572.0,1.117133
GCRVfW,8,14,43.0,629.0,559.0,1.125224
GCRVf[,8,15,42.0,653.0,588.0,1.110544
GCRVfc,8,14,46.0,646.0,598.0,1.080268
GCRVfg,8,14,45.0,636.0,585.0,1.087179
GCRVfk,8,15,44.0,663.0,616.0,1.076299
GCRVfo,8,14,43.0,630.0,559.0,1.127013
GCRVfs,8,15,42.0,654.0,588.0,1.112245
GCRVfw,8,15,41.0,643.0,574.0,1.120209
GCRVf{,8,16,40.0,664.0,600.0,1.106667
GCRVlw,8,15,41.0,644.0,574.0,1.121951
GCRVl{,8,16,40.0,666.0,600.0,1.11
GCRVmw,8,15,43.0,656.0,602.0,1.089701
GCRVm{,8,16,41.0,666.0,615.0,1.082927
GCRVnW,8,15,42.0,655.0,588.0,1.113946
GCRVn[,8,16,41.0,678.0,615.0,1.102439
GCRVng,8,15,44.0,663.0,616.0,1.076299
GCRVnk,8,16,43.0,690.0,645.0,1.069767
GCRVnw,8,16,40.0,666.0,600.0,1.11
GCRVn{,8,17,39.0,686.0,624.0,1.099359
GCRVtw,8,15,41.0,638.0,574.0,1.111498
GCRVt{,8,16,40.0,661.0,600.0,1.101667
GCRVuw,8,15,43.0,648.0,602.0,1.076412
GCRVu{,8,16,41.0,662.0,615.0,1.076423
GCRVvW,8,15,41.0,638.0,574.0,1.111498
GCRVv[,8,16,40.0,662.0,600.0,1.103333
GCRVvg,8,15,41.0,644.0,574.0,1.121951
GCRVvk,8,16,40.0,666.0,600.0,1.11
GCRVvo,8,15,42.0,650.0,588.0,1.105442
GCRVvs,8,16,41.0,675.0,615.0,1.097561
GCRVvw,8,16,40.0,660.0,600.0,1.1
GCRVv{,8,17,39.0,682.0,624.0,1.092949
GCRV~w,8,17,39.0,682.0,624.0,1.092949
GCRV~{,8,18,38.0,702.0,646.0,1.086687
GCR]uw,8,15,27.0,420.0,378.0,1.111111
GCR]u{,8,16,26.0,432.0,390.0,1.107692
GCR]vo,8,15,43.0,648.0,602.0,1.076412
GCR]vw,8,16,41.0,662.0,615.0,1.076423
GCR]v{,8,17,39.0,672.0,624.0,1.076923
GCR]}{,8,17,25.0,442.0,400.0,1.105
GCR]~{,8,18,38.0,694.0,646.0,1.074303
GCR^uw,8,16,42.0,676.0,630.0,1.073016
GCR^u{,8,17,40.0,687.0,640.0,1.073438
GCR^vo,8,16,41.0,674.0,615.0,1.095935
GCR^vs,8,17,40.0,697.0,640.0,1.089063
GCR^vw,8,17,39.0,684.0,624.0,1.096154
GCR^v{,8,18,38.0,704.0,646.0,1.089783
GCR^~w,8,18,38.0,704.0,646.0,1.089783
GCR^~{,8,19,37.0,722.0,666.0,1.084084
GCR`t[,8,13,44.0,603.0,528.0,1.142045
GCR`tk,8,13,45.0,622.0,540.0,1.151852
GCR`uk,8,13,44.0,603.0,528.0,1.142045
GCR`uo,8,12,45.0,582.0,495.0,1.175758
GCR`uw,8,13,43.0,598.0,516.0,1.158915
GCR`u{,8,14,42.0,616.0,546.0,1.128205
GCR`vG,8,12,46.0,598.0,506.0,1.181818
GCR`vK,8,13,45.0,614.0,540.0,1.137037
GCR`v_,8,12,45.0,581.0,495.0,1.173737
GCR`vc,8,13,44.0,603.0,528.0,1.142045
GCR`vg,8,13,44.0,607.0,528.0,1.149621
GCR`vk,8,14,43.0,626.0,559.0,1.119857
GCR`vo,8,13,43.0,593.0,516.0,1.149225
GCR`vw,8,14,42.0,615.0,546.0,1.126374
GCR`v{,8,15,41.0,634.0,574.0,1.10453
GCR`}{,8,15,41.0,642.0,574.0,1.118467
GCR`~k,8,15,42.0,653.0,588.0,1.110544
GCR`~o,8,14,42.0,611.0,546.0,1.119048
GCR`~w,8,15,41.0,636.0,574.0,1.108014
GCR`~{,8,16,40.0,660.0,600.0,1.1
GCRcps,8,12,45.0,588.0,495.0,1.187879
GCRcp{,8,13,44.0,604.0,528.0,1.143939
GCRcqo,8,11,49.0,570.0,490.0,1.163265
GCRcqs,8,12,48.0,602.0,528.0,1.140152
GCRcqw,8,12,47.0,578.0,517.0,1.117988
GCRcq{,8,13,46.0,605.0,552.0,1.096014
GCRcrW,8,12,48.0,618.0,528.0,1.170455
GCRcr[,8,13,45.0,615.0,540.0,1.138889
GCRcrg,8,12,46.0,593.0,506.0,1.171937
GCRcrk,8,13,44.0,604.0,528.0,1.143939
GCRcro,8,12,45.0,581.0,495.0,1.173737
GCRcrs,8,13,43.0,597.0,516.0,1.156977
GCRcrw,8,13,44.0,604.0,528.0,1.143939
GCRcr{,8,14,42.0,617.0,546.0,1.130037
GCRcss,8,12,49.0,618.0,539.0,1.146568
GCRcs{,8,13,47.0,617.0,564.0,1.093972
GCRct[,8,13,45.0,614.0,540.0,1.137037
GCRctg,8,12,48.0,619.0,528.0,1.172348
GCRctk,8,13,45.0,626.0,540.0,1.159259
GCRcto,8,12,46.0,591.0,506.0,1.167984
GCRcts,8,13,44.0,612.0,528.0,1.159091
GCRctw,8,13,45.0,614.0,540.0,1.137037
GCRct{,8,14,43.0,630.0,559.0,1.127013
GCRcuW,8,12,48.0,589.0,528.0,1.11553
GCRcu[,8,13,47.0,616.0,564.0,1.092199
GCRcug,8,12,47.0,584.0,517.0,1.129594
GCRcuk,8,13,46.0,609.0,552.0,1.103261
GCRcuo,8,12,48.0,593.0,528.0,1.123106
GCRcus,8,13,47.0,626.0,564.0,1.109929
GCRcuw,8,13,46.0,606.0,552.0,1.097826
GCRcu{,8,14,45.0,632.0,585.0,1.080342
GCRcvG,8,12,48.0,614.0,528.0,1.162879
GCRcvK,8,13,46.0,624.0,552.0,1.130435
GCRcvO,8,12,47.0,598.0,517.0,1.156673
GCRcvS,8,13,45.0,615.0,540.0,1.138889
GCRcvW,8,13,46.0,625.0,552.0,1.132246
GCRcv[,8,14,44.0,638.0,572.0,1.115385
GCRcv_,8,12,46.0,592.0,506.0,1.16996
GCRcvc,8,13,44.0,608.0,528.0,1.151515
GCRcvg,8,13,45.0,619.0,540.0,1.146296
GCRcvk,8,14,43.0,630.0,559.0,1.127013
GCRcvo,8,13,44.0,604.0,528.0,1.143939
GCRcvs,8,14,42.0,620.0,546.0,1.135531
GCRcvw,8,14,43.0,627.0,559.0,1.121646
GCRcv{,8,15,41.0,638.0,574.0,1.111498
GCRcyw,8,13,45.0,594.0,540.0,1.1
GCRcy{,8,14,44.0,624.0,572.0,1.090909
GCRczw,8,14,42.0,618.0,546.0,1.131868
GCRcz{,8,15,41.0,642.0,574.0,1.118467
GCRc{{,8,14,45.0,637.0,585.0,1.088889
GCRc|w,8,14,43.0,630.0,559.0,1.127013
GCRc|{,8,15,42.0,655.0,588.0,1.113946
GCRc}w,8,14,44.0,621.0,572.0,1.085664
GCRc}{,8,15,43.0,650.0,602.0,1.079734
GCRc~W,8,14,44.0,639.0,572.0,1.117133
GCRc~[,8,15,43.0,664.0,602.0,1.10299
GCRc~g,8,14,43.0,630.0,559.0,1.127013
GCRc~k,8,15,42.0,655.0,588.0,1.113946
GCRc~o,8,14,42.0,614.0,546.0,1.124542
GCRc~s,8,15,41.0,639.0,574.0,1.11324
GCRc~w,8,15,41.0,639.0,574.0,1.11324
GCRc~{,8,16,40.0,662.0,600.0,1.103333
GCRdQo,8,11,47.0,567.0,470.0,1.206383
GCRdQw,8,12,45.0,580.0,495.0,1.171717
GCRdQ{,8,13,44.0,603.0,528.0,1.142045
GCRdR[,8,13,47.0,620.0,564.0,1.099291
GCRdR_,8,11,46.0,556.0,460.0,1.208696
GCRdRc,8,12,45.0,575.0,495.0,1.161616
GCRdRg,8,12,45.0,581.0,495.0,1.173737
GCRdRk,8,13,44.0,603.0,528.0,1.142045
GCRdRo,8,12,44.0,571.0,484.0,1.179752
GCRdRw,8,13,43.0,592.0,516.0,1.147287
GCRdR{,8,14,42.0,616.0,546.0,1.128205
GCRdTk,8,13,45.0,624.0,540.0,1.155556
GCRdU[,8,13,46.0,603.0,552.0,1.092391
GCRdUg,8,12,46.0,592.0,506.0,1.16996
GCRdUk,8,13,45.0,612.0,540.0,1.133333
GCRdUo,8,12,46.0,587.0,506.0,1.160079
GCRdUw,8,13,44.0,603.0,528.0,1.142045
GCRdU{,8,14,43.0,626.0,559.0,1.119857
GCRdVG,8,12,47.0,581.0,517.0,1.123791
GCRdVK,8,13,46.0,607.0,552.0,1.099638
GCRdVW,8,13,46.0,603.0,552.0,1.092391
GCRdV[,8,14,45.0,630.0,585.0,1.076923
GCRdV_,8,12,45.0,581.0,495.0,1.173737
GCRdVc,8,13,44.0,603.0,528.0,1.142045
GCRdVg,8,13,44.0,607.0,528.0,1.149621
GCRdVk,8,14,43.0,628.0,559.0,1.123435
GCRdVo,8,13,43.0,593.0,516.0,1.149225
GCRdVw,8,14,42.0,615.0,546.0,1.126374
GCRdV{,8,15,41.0,636.0,574.0,1.108014
GCRdY{,8,14,43.0,630.0,559.0,1.127013
GCRdZk,8,14,43.0,630.0,559.0,1.127013
GCRdZ{,8,15,41.0,642.0,574.0,1.118467
GCRd]{,8,15,42.0,653.0,588.0,1.110544
GCRd^[,8,15,44.0,661.0,616.0,1.073052
GCRd^k,8,15,42.0,655.0,588.0,1.113946
GCRd^o,8,14,42.0,615.0,546.0,1.126374
GCRd^w,8,15,41.0,639.0,574.0,1.11324
GCRd^{,8,16,40.0,662.0,600.0,1.103333
GCRd`o,8,11,49.0,585.0,490.0,1.193878
GCRd`s,8,12,47.0,606.0,517.0,1.172147
GCRd`w,8,12,48.0,608.0,528.0,1.151515
GCRd`{,8,13,46.0,629.0,552.0,1.139493
GCRdao,8,11,50.0,599.0,500.0,1.198
GCRdas,8,12,46.0,592.0,506.0,1.16996
GCRdaw,8,12,48.0,612.0,528.0,1.159091
GCRda{,8,13,45.0,615.0,540.0,1.138889
GCRdbO,8,11,53.0,627.0,530.0,1.183019
GCRdbS,8,12,47.0,600.0,517.0,1.160542
GCRdbW,8,12,51.0,646.0,561.0,1.151515
GCRdb[,8,13,46.0,629.0,552.0,1.139493
GCRdbc,8,12,48.0,592.0,528.0,1.121212
GCRdbg,8,12,50.0,606.0,550.0,1.101818
GCRdbk,8,13,47.0,621.0,564.0,1.101064
GCRdbo,8,12,47.0,598.0,517.0,1.156673
GCRdbs,8,13,44.0,604.0,528.0,1.143939
GCRdbw,8,13,46.0,624.0,552.0,1.130435
GCRdb{,8,14,43.0,629.0,559.0,1.125224
GCRdco,8,11,50.0,597.0,500.0,1.194
GCRdcs,8,12,47.0,611.0,517.0,1.181818
GCRdcw,8,12,48.0,611.0,528.0,1.157197
GCRdc{,8,13,46.0,632.0,552.0,1.144928
GCRddS,8,12,47.0,607.0,517.0,1.174081
GCRddW,8,12,48.0,614.0,528.0,1.162879
GCRdd[,8,13,46.0,633.0,552.0,1.146739
GCRddc,8,12,55.0,631.0,605.0,1.042975
GCRddg,8,12,53.0,601.0,583.0,1.030875
GCRddk,8,13,52.0,641.0,624.0,1.027244
GCRddo,8,12,47.0,605.0,517.0,1.170213
GCRdds,8,13,45.0,626.0,540.0,1.159259
GCRddw,8,13,46.0,628.0,552.0,1.137681
GCRdd{,8,14,44.0,647.0,572.0,1.131119
GCRdeW,8,12,49.0,625.0,539.0,1.159555
GCRde[,8,13,46.0,626.0,552.0,1.134058
GCRdeg,8,12,50.0,611.0,550.0,1.110909
GCRdek,8,13,47.0,624.0,564.0,1.106383
GCRdeo,8,12,48.0,612.0,528.0,1.159091
GCRdes,8,13,44.0,609.0,528.0,1.153409
GCRdew,8,13,46.0,628.0,552.0,1.137681
GCRde{,8,14,43.0,632.0,559.0,1.13059
GCRdfG,8,12,52.0,627.0,572.0,1.096154
GCRdfK,8,13,49.0,641.0,588.0,1.090136
GCRdfO,8,12,48.0,611.0,528.0,1.157197
GCRdfS,8,13,45.0,616.0,540.0,1.140741
GCRdfW,8,13,47.0,640.0,564.0,1.134752
GCRdf[,8,14,44.0,643.0,572.0,1.124126
GCRdfc,8,13,47.0,624.0,564.0,1.106383
GCRdfg,8,13,49.0,638.0,588.0,1.085034
GCRdfk,8,14,46.0,650.0,598.0,1.086957
GCRdfo,8,13,45.0,616.0,540.0,1.140741
GCRdfs,8,14,42.0,621.0,546.0,1.137363
GCRdfw,8,14,44.0,640.0,572.0,1.118881
GCRdf{,8,15,41.0,642.0,574.0,1.118467
GCRdh{,8,14,44.0,647.0,572.0,1.131119
GCRdiw,8,13,46.0,628.0,552.0,1.137681
GCRdi{,8,14,44.0,642.0,572.0,1.122378
GCRdjW,8,13,49.0,662.0,588.0,1.12585
GCRdj[,8,14,45.0,657.0,585.0,1.123077
GCRdjk,8,14,46.0,650.0,598.0,1.086957
GCRdjw,8,14,44.0,642.0,572.0,1.122378
GCRdj{,8,15,42.0,655.0,588.0,1.113946
GCRdkw,8,13,46.0,632.0,552.0,1.144928
GCRdk{,8,14,44.0,649.0,572.0,1.134615
GCRdl[,8,14,44.0,649.0,572.0,1.134615
GCRdlg,8,13,50.0,620.0,600.0,1.033333
GCRdlk,8,14,49.0,657.0,637.0,1.031397
GCRdlw,8,14,44.0,647.0,572.0,1.131119
GCRdl{,8,15,42.0,663.0,588.0,1.127551
GCRdmw,8,14,44.0,645.0,572.0,1.127622
GCRdm{,8,15,42.0,657.0,588.0,1.117347
GCRdnW,8,14,45.0,657.0,585.0,1.123077
GCRdn[,8,15,43.0,669.0,602.0,1.111296
GCRdng,8,14,46.0,650.0,598.0,1.086957
GCRdnk,8,15,45.0,678.0,630.0,1.07619
GCRdno,8,14,43.0,630.0,559.0,1.127013
GCRdns,8,15,41.0,643.0,574.0,1.120209
GCRdnw,8,15,42.0,655.0,588.0,1.113946
GCRdn{,8,16,40.0,666.0,600.0,1.11
GCRdp{,8,14,43.0,627.0,559.0,1.121646
GCRdqw,8,13,43.0,593.0,516.0,1.149225
GCRdq{,8,14,42.0,617.0,546.0,1.130037
GCRdrW,8,13,45.0,616.0,540.0,1.140741
GCRdr[,8,14,43.0,629.0,559.0,1.125224
GCRdrg,8,13,43.0,595.0,516.0,1.153101
GCRdrk,8,14,42.0,617.0,546.0,1.130037
GCRdro,8,13,43.0,593.0,516.0,1.149225
GCRdrs,8,14,42.0,615.0,546.0,1.126374
GCRdrw,8,14,42.0,614.0,546.0,1.124542
GCRdr{,8,15,41.0,637.0,574.0,1.109756
GCRdsw,8,13,44.0,603.0,528.0,1.142045
GCRds{,8,14,43.0,630.0,559.0,1.127013
GCRdt[,8,14,43.0,630.0,559.0,1.127013
GCRdtg,8,13,45.0,623.0,540.0,1.153704
GCRdtk,8,14,43.0,641.0,559.0,1.146691
GCRdto,8,13,44.0,607.0,528.0,1.149621
GCRdts,8,14,43.0,634.0,559.0,1.134168
GCRdtw,8,14,43.0,627.0,559.0,1.121646
GCRdt{,8,15,42.0,653.0,588.0,1.110544
GCRduw,8,14,42.0,617.0,546.0,1.130037
GCRdu{,8,15,41.0,640.0,574.0,1.114983
GCRdvW,8,14,43.0,628.0,559.0,1.123435
GCRdv[,8,15,42.0,651.0,588.0,1.107143
GCRdvg,8,14,42.0,621.0,546.0,1.137363
GCRdvk,8,15,41.0,642.0,574.0,1.118467
GCRdvo,8,14,42.0,616.0,546.0,1.128205
GCRdvs,8,15,41.0,639.0,574.0,1.11324
GCRdvw,8,15,41.0,636.0,574.0,1.108014
GCRdv{,8,16,40.0,658.0,600.0,1.096667
GCRdzw,8,15,41.0,638.0,574.0,1.111498
GCRdz{,8,16,40.0,662.0,600.0,1.103333
GCRd|w,8,15,42.0,653.0,588.0,1.110544
GCRd|{,8,16,41.0,678.0,615.0,1.102439
GCRd~w,8,16,40.0,659.0,600.0,1.098333
GCRd~{,8,17,39.0,682.0,624.0,1.092949
GCRe`o,8,11,47.0,567.0,470.0,1.206383
GCRebW,8,12,49.0,624.0,539.0,1.157699
GCRebg,8,12,48.0,582.0,528.0,1.102273
GCRebo,8,12,46.0,586.0,506.0,1.158103
GCRebw,8,13,45.0,611.0,540.0,1.131481
GCRecw,8,12,47.0,575.0,517.0,1.112186
GCRedS,8,12,46.0,585.0,506.0,1.156126
GCRedW,8,12,47.0,597.0,517.0,1.154739
GCRedc,8,12,48.0,597.0,528.0,1.130682
GCRedg,8,12,49.0,604.0,539.0,1.120594
GCRedo,8,12,45.0,581.0,495.0,1.173737
GCReds,8,13,43.0,597.0,516.0,1.156977
GCRedw,8,13,44.0,603.0,528.0,1.142045
GCReek,8,13,48.0,610.0,576.0,1.059028
GCRees,8,13,47.0,624.0,564.0,1.106383
GCReew,8,13,46.0,604.0,552.0,1.094203
GCRefK,8,13,47.0,618.0,564.0,1.095745
GCRefS,8,13,45.0,614.0,540.0,1.137037
GCRefW,8,13,46.0,625.0,552.0,1.132246
GCRef[,8,14,44.0,640.0,572.0,1.118881
GCRefc,8,13,46.0,608.0,552.0,1.101449
GCRefg,8,13,47.0,614.0,564.0,1.088652
GCRefk,8,14,45.0,634.0,585.0,1.083761
GCRefo,8,13,44.0,604.0,528.0,1.143939
GCRefs,8,14,42.0,620.0,546.0,1.135531
GCRefw,8,14,43.0,627.0,559.0,1.121646
GCRef{,8,15,41.0,640.0,574.0,1.114983
GCReh{,8,14,43.0,630.0,559.0,1.127013
GCReiw,8,13,46.0,604.0,552.0,1.094203
GCRei{,8,14,45.0,634.0,585.0,1.083761
GCRejW,8,13,47.0,640.0,564.0,1.134752
GCRej[,8,14,45.0,653.0,585.0,1.116239
GCRejk,8,14,45.0,634.0,585.0,1.083761
GCRejo,8,13,44.0,604.0,528.0,1.143939
GCRejs,8,14,43.0,628.0,559.0,1.123435
GCRejw,8,14,43.0,629.0,559.0,1.125224
GCRej{,8,15,42.0,653.0,588.0,1.110544
GCRekw,8,13,45.0,596.0,540.0,1.103704
GCRek{,8,14,44.0,626.0,572.0,1.094406
GCRel[,8,14,44.0,640.0,572.0,1.118881
GCRelg,8,13,47.0,624.0,564.0,1.106383
GCRelk,8,14,46.0,652.0,598.0,1.090301
GCRelo,8,13,43.0,598.0,516.0,1.158915
GCRels,8,14,42.0,620.0,546.0,1.135531
GCRelw,8,14,42.0,620.0,546.0,1.135531
GCRel{,8,15,41.0,644.0,574.0,1.121951
GCRemW,8,13,46.0,607.0,552.0,1.099638
GCRem[,8,14,45.0,636.0,585.0,1.087179
GCRemk,8,14,46.0,633.0,598.0,1.058528
GCRemw,8,14,44.0,624.0,572.0,1.090909
GCRem{,8,15,43.0,652.0,602.0,1.083056
GCRenW,8,14,44.0,642.0,572.0,1.122378
GCRen[,8,15,43.0,666.0,602.0,1.106312
GCReng,8,14,45.0,634.0,585.0,1.083761
GCRenk,8,15,44.0,663.0,616.0,1.076299
GCReno,8,14,42.0,618.0,546.0,1.131868
GCRens,8,15,41.0,642.0,574.0,1.118467
GCRenw,8,15,41.0,642.0,574.0,1.118467
GCRen{,8,16,40.0,664.0,600.0,1.106667
GCRepw,8,13,44.0,601.0,528.0,1.138258
GCRep{,8,14,42.0,618.0,546.0,1.131868
GCResw,8,13,46.0,602.0,552.0,1.09058
GCRes{,8,14,45.0,634.0,585.0,1.083761
GCRetW,8,13,45.0,613.0,540.0,1.135185
GCRet[,8,14,43.0,629.0,559.0,1.125224
GCRetg,8,13,46.0,630.0,552.0,1.141304
GCRetk,8,14,43.0,633.0,559.0,1.132379
GCReto,8,13,44.0,604.0,528.0,1.143939
GCRets,8,14,42.0,620.0,546.0,1.135531
GCRetw,8,14,43.0,626.0,559.0,1.119857
GCRet{,8,15,41.0,641.0,574.0,1.116725
GCReug,8,13,46.0,607.0,552.0,1.099638
GCReuk,8,14,45.0,638.0,585.0,1.090598
GCReuo,8,13,47.0,620.0,564.0,1.099291
GCReus,8,14,46.0,654.0,598.0,1.093645
GCReuw,8,14,45.0,630.0,585.0,1.076923
GCReu{,8,15,44.0,661.0,616.0,1.073052
GCRevg,8,14,44.0,641.0,572.0,1.120629
GCRevk,8,15,42.0,655.0,588.0,1.113946
GCRevo,8,14,43.0,628.0,559.0,1.123435
GCRevs,8,15,41.0,644.0,574.0,1.121951
GCRevw,8,15,42.0,649.0,588.0,1.103741
GCRev{,8,16,40.0,662.0,600.0,1.103333
GCRe|w,8,15,41.0,641.0,574.0,1.116725
GCRe|{,8,16,40.0,664.0,600.0,1.106667
GCRe}w,8,15,43.0,648.0,602.0,1.076412
GCRe}{,8,16,42.0,676.0,630.0,1.073016
GCRe~w,8,16,40.0,662.0,600.0,1.103333
GCRe~{,8,17,39.0,684.0,624.0,1.096154
GCRfH{,8,14,44.0,642.0,572.0,1.122378
GCRfK{,8,14,45.0,651.0,585.0,1.112821
GCRfL[,8,14,45.0,638.0,585.0,1.090598
GCRfLk,8,14,48.0,671.0,624.0,1.075321
GCRfLo,8,13,44.0,609.0,528.0,1.153409
GCRfLw,8,14,43.0,631.0,559.0,1.128801
GCRfL{,8,15,42.0,656.0,588.0,1.115646
GCRfMk,8,14,46.0,648.0,598.0,1.083612
GCRfMo,8,13,46.0,627.0,552.0,1.13587
GCRfMw,8,14,44.0,642.0,572.0,1.122378
GCRfM{,8,15,43.0,666.0,602.0,1.106312
GCRfNK,8,14,48.0,656.0,624.0,1.051282
GCRfNk,8,15,44.0,667.0,616.0,1.082792
GCRfNo,8,14,42.0,621.0,546.0,1.137363
GCRfNw,8,15,41.0,644.0,574.0,1.121951
GCRfN{,8,16,40.0,666.0,600.0,1.11
GCRf`w,8,13,44.0,600.0,528.0,1.136364
GCRf`{,8,14,43.0,627.0,559.0,1.121646
GCRfaw,8,13,45.0,611.0,540.0,1.131481
GCRfa{,8,14,44.0,637.0,572.0,1.113636
GCRfbW,8,13,46.0,629.0,552.0,1.139493
GCRfb[,8,14,44.0,642.0,572.0,1.122378
GCRfbg,8,13,46.0,602.0,552.0,1.09058
GCRfbk,8,14,45.0,631.0,585.0,1.078632
GCRfbo,8,13,44.0,604.0,528.0,1.143939
GCRfbs,8,14,43.0,627.0,559.0,1.121646
GCRfbw,8,14,43.0,626.0,559.0,1.119857
GCRfb{,8,15,42.0,650.0,588.0,1.105442
GCRfcw,8,13,44.0,603.0,528.0,1.142045
GCRfc{,8,14,43.0,630.0,559.0,1.127013
GCRfdW,8,13,44.0,604.0,528.0,1.143939
GCRfd[,8,14,43.0,630.0,559.0,1.127013
GCRfdg,8,13,47.0,621.0,564.0,1.101064
GCRfdk,8,14,46.0,650.0,598.0,1.086957
GCRfdo,8,13,43.0,598.0,516.0,1.158915
GCRfds,8,14,42.0,620.0,546.0,1.135531
GCRfdw,8,14,42.0,617.0,546.0,1.130037
GCRfd{,8,15,41.0,642.0,574.0,1.118467
GCRfeW,8,13,45.0,615.0,540.0,1.138889
GCRfe[,8,14,44.0,640.0,572.0,1.118881
GCRfeg,8,13,46.0,605.0,552.0,1.096014
GCRfek,8,14,45.0,634.0,585.0,1.083761
GCRfeo,8,13,45.0,616.0,540.0,1.140741
GCRfes,8,14,43.0,632.0,559.0,1.13059
GCRfew,8,14,43.0,629.0,559.0,1.125224
GCRfe{,8,15,42.0,653.0,588.0,1.110544
GCRffG,8,13,46.0,610.0,552.0,1.105072
GCRffK,8,14,45.0,638.0,585.0,1.090598
GCRffO,8,13,44.0,608.0,528.0,1.151515
GCRffS,8,14,43.0,631.0,559.0,1.128801
GCRffW,8,14,43.0,632.0,559.0,1.13059
GCRff[,8,15,42.0,655.0,588.0,1.113946
GCRffc,8,14,45.0,636.0,585.0,1.087179
GCRffg,8,14,45.0,633.0,585.0,1.082051
GCRffk,8,15,44.0,661.0,616.0,1.073052
GCRffo,8,14,42.0,620.0,546.0,1.135531
GCRffs,8,15,41.0,643.0,574.0,1.120209
GCRffw,8,15,41.0,640.0,574.0,1.114983
GCRff{,8,16,40.0,662.0,600.0,1.103333
GCRfjw,8,15,42.0,652.0,588.0,1.108844
GCRfj{,8,16,41.0,676.0,615.0,1.099187
GCRflw,8,15,41.0,642.0,574.0,1.118467
GCRfl{,8,16,40.0,666.0,600.0,1.11
GCRfmw,8,15,42.0,655.0,588.0,1.113946
GCRfm{,8,16,41.0,678.0,615.0,1.102439
GCRfnW,8,15,42.0,657.0,588.0,1.117347
GCRfn[,8,16,41.0,680.0,615.0,1.105691
GCRfng,8,15,44.0,661.0,616.0,1.073052
GCRfnk,8,16,43.0,690.0,645.0,1.069767
GCRfnw,8,16,40.0,664.0,600.0,1.106667
GCRfn{,8,17,39.0,686.0,624.0,1.099359
GCRftw,8,15,41.0,635.0,574.0,1.106272
GCRft{,8,16,40.0,659.0,600.0,1.098333
GCRfuw,8,15,41.0,638.0,574.0,1.111498
GCRfu{,8,16,40.0,662.0,600.0,1.103333
GCRfvg,8,15,41.0,641.0,574.0,1.116725
GCRfvk,8,16,40.0,664.0,600.0,1.106667
GCRfvo,8,15,41.0,639.0,574.0,1.11324
GCRfvs,8,16,40.0,663.0,600.0,1.105
GCRfvw,8,16,40.0,657.0,600.0,1.095
GCRfv{,8,17,39.0,680.0,624.0,1.089744
GCRf~w,8,17,39.0,680.0,624.0,1.089744
GCRf~{,8,18,38.0,702.0,646.0,1.086687
GCRtu{,8,16,40.0,662.0,600.0,1.103333
GCRtv[,8,16,40.0,660.0,600.0,1.1
GCRtvg,8,15,41.0,647.0,574.0,1.127178
GCRtvk,8,16,40.0,666.0,600.0,1.11
GCRtvo,8,15,41.0,639.0,574.0,1.11324
GCRtvw,8,16,40.0,660.0,600.0,1.1
GCRtv{,8,17,39.0,680.0,624.0,1.089744
GCRt~{,8,18,38.0,702.0,646.0,1.086687
GCRuto,8,14,43.0,628.0,559.0,1.123435
GCRuts,8,15,41.0,641.0,574.0,1.116725
GCRutw,8,15,42.0,651.0,588.0,1.107143
GCRut{,8,16,40.0,663.0,600.0,1.105
GCRuuo,8,14,45.0,636.0,585.0,1.087179
GCRuus,8,15,44.0,667.0,616.0,1.082792
GCRuuw,8,15,43.0,648.0,602.0,1.076412
GCRuu{,8,16,42.0,676.0,630.0,1.073016
GCRuvW,8,15,42.0,651.0,588.0,1.107143
GCRuv[,8,16,40.0,664.0,600.0,1.106667
GCRuvg,8,15,43.0,669.0,602.0,1.111296
GCRuvk,8,16,41.0,680.0,615.0,1.105691
GCRuvo,8,15,42.0,652.0,588.0,1.108844
GCRuvs,8,16,40.0,665.0,600.0,1.108333
GCRuvw,8,16,41.0,674.0,615.0,1.095935
GCRuv{,8,17,39.0,684.0,624.0,1.096154
GCRu|{,8,17,39.0,684.0,624.0,1.096154
GCRu}w,8,16,41.0,662.0,615.0,1.076423
GCRu}{,8,17,40.0,687.0,640.0,1.073438
GCRu~w,8,17,39.0,684.0,624.0,1.096154
GCRu~{,8,18,38.0,704.0,646.0,1.089783
GCRvTo,8,14,42.0,618.0,546.0,1.131868
GCRvTs,8,15,41.0,638.0,574.0,1.111498
GCRvTw,8,15,41.0,640.0,574.0,1.114983
GCRvT{,8,16,40.0,661.0,600.0,1.101667
GCRvUo,8,14,43.0,630.0,559.0,1.127013
GCRvUw,8,15,41.0,643.0,574.0,1.120209
GCRvU{,8,16,40.0,664.0,600.0,1.106667
GCRvVg,8,15,42.0,657.0,588.0,1.117347
GCRvVk,8,16,41.0,678.0,615.0,1.102439
GCRvVo,8,15,41.0,641.0,574.0,1.116725
GCRvVw,8,16,40.0,662.0,600.0,1.103333
GCRvV{,8,17,39.0,682.0,624.0,1.092949
GCRv\{,8,17,39.0,684.0,624.0,1.096154
GCRv]{,8,17,39.0,686.0,624.0,1.099359
GCRv^{,8,18,38.0,704.0,646.0,1.089783
GCRvdo,8,14,42.0,623.0,546.0,1.141026
GCRvdw,8,15,41.0,643.0,574.0,1.120209
GCRvd{,8,16,40.0,666.0,600.0,1.11
GCRveo,8,14,44.0,643.0,572.0,1.124126
GCRvew,8,15,42.0,656.0,588.0,1.115646
GCRve{,8,16,41.0,678.0,615.0,1.102439
GCRvfO,8,14,43.0,632.0,559.0,1.13059
GCRvfW,8,15,42.0,653.0,588.0,1.110544
GCRvf[,8,16,41.0,676.0,615.0,1.099187
GCRvfg,8,15,44.0,664.0,616.0,1.077922
GCRvfk,8,16,43.0,690.0,645.0,1.069767
GCRvfo,8,15,41.0,645.0,574.0,1.123693
GCRvfw,8,16,40.0,666.0,600.0,1.11
GCRvf{,8,17,39.0,686.0,624.0,1.099359
GCRvl{,8,17,39.0,688.0,624.0,1.102564
GCRvm{,8,17,40.0,701.0,640.0,1.095312
GCRvn[,8,17,40.0,701.0,640.0,1.095312
GCRvnk,8,17,42.0,717.0,672.0,1.066964
GCRvn{,8,18,38.0,708.0,646.0,1.095975
GCRvtw,8,16,40.0,659.0,600.0,1.098333
GCRvt{,8,17,39.0,681.0,624.0,1.091346
GCRvuw,8,16,40.0,662.0,600.0,1.103333
GCRvu{,8,17,39.0,684.0,624.0,1.096154
GCRvvW,8,16,40.0,659.0,600.0,1.098333
GCRvv[,8,17,39.0,682.0,624.0,1.092949
GCRvvg,8,16,40.0,667.0,600.0,1.111667
GCRvvk,8,17,39.0,688.0,624.0,1.102564
GCRvvo,8,16,40.0,662.0,600.0,1.103333
GCRvvs,8,17,39.0,684.0,624.0,1.096154
GCRvvw,8,17,39.0,681.0,624.0,1.091346
GCRvv{,8,18,38.0,702.0,646.0,1.086687
GCRv~w,8,18,38.0,702.0,646.0,1.086687
GCRv~{,8,19,37.0,722.0,666.0,1.084084
GCR~vo,8,17,39.0,683.0,624.0,1.094551
GCR~vw,8,18,38.0,703.0,646.0,1.088235
GCR~v{,8,19,37.0,722.0,666.0,1.084084
GCR~~{,8,20,36.0,740.0,684.0,1.081871
GCXbZW,8,13,19.0,258.0,228.0,1.131579
GCXbZ[,8,14,18.0,264.0,234.0,1.128205
GCXb^W,8,14,49.0,657.0,637.0,1.031397
GCXb^[,8,15,46.0,667.0,644.0,1.035714
GCXb^o,8,14,46.0,674.0,598.0,1.12709
GCXb^s,8,15,43.0,678.0,602.0,1.126246
GCXb^w,8,15,43.0,678.0,602.0,1.126246
GCXb^{,8,16,40.0,676.0,600.0,1.126667
GCXerW,8,13,49.0,676.0,588.0,1.14966
GCXer[,8,14,46.0,674.0,598.0,1.12709
GCXetg,8,13,43.0,598.0,516.0,1.158915
GCXetk,8,14,42.0,620.0,546.0,1.135531
GCXeug,8,13,45.0,616.0,540.0,1.140741
GCXeuk,8,14,44.0,644.0,572.0,1.125874
GCXeuo,8,13,47.0,639.0,564.0,1.132979
GCXeus,8,14,46.0,673.0,598.0,1.125418
GCXevW,8,14,44.0,645.0,572.0,1.127622
GCXev[,8,15,43.0,668.0,602.0,1.109635
GCXevg,8,14,42.0,619.0,546.0,1.1337
GCXevk,8,15,41.0,643.0,574.0,1.120209
GCXevo,8,14,44.0,640.0,572.0,1.118881
GCXevs,8,15,43.0,668.0,602.0,1.109635
GCXevw,8,15,41.0,642.0,574.0,1.118467
GCXev{,8,16,40.0,664.0,600.0,1.106667
GCXfZw,8,15,41.0,656.0,574.0,1.142857
GCXfZ{,8,16,40.0,675.0,600.0,1.125
GCXf^W,8,15,45.0,678.0,630.0,1.07619
GCXf^[,8,16,44.0,704.0,660.0,1.066667
GCXf^w,8,16,40.0,667.0,600.0,1.111667
GCXf^{,8,17,39.0,688.0,624.0,1.102564
GCXfuw,8,15,41.0,639.0,574.0,1.11324
GCXfu{,8,16,40.0,665.0,600.0,1.108333
GCXfvW,8,15,42.0,656.0,588.0,1.115646
GCXfv[,8,16,41.0,680.0,615.0,1.105691
GCXfvg,8,15,41.0,638.0,574.0,1.111498
GCXfvk,8,16,40.0,664.0,600.0,1.106667
GCXfvo,8,15,43.0,662.0,602.0,1.099668
GCXfvs,8,16,42.0,690.0,630.0,1.095238
GCXfvw,8,16,40.0,660.0,600.0,1.1
GCXfv{,8,17,39.0,684.0,624.0,1.096154
GCXf~w,8,17,39.0,680.0,624.0,1.089744
GCXf~{,8,18,38.0,702.0,646.0,1.086687
GCXjZ[,8,15,17.0,268.0,238.0,1.12605
GCXj]{,8,16,42.0,706.0,630.0,1.120635
GCXj^[,8,16,45.0,698.0,675.0,1.034074
GCXj^w,8,16,42.0,706.0,630.0,1.120635
GCXj^{,8,17,39.0,700.0,624.0,1.121795
GCXm|w,8,16,40.0,664.0,600.0,1.106667
GCXm|{,8,17,39.0,688.0,624.0,1.102564
GCXm}w,8,16,42.0,688.0,630.0,1.092063
GCXm}{,8,17,41.0,714.0,656.0,1.088415
GCXm~w,8,17,39.0,684.0,624.0,1.096154
GCXm~{,8,18,38.0,706.0,646.0,1.092879
GCXnZw,8,16,40.0,682.0,600.0,1.136667
GCXnZ{,8,17,39.0,699.0,624.0,1.120192
GCXn]w,8,16,41.0,683.0,615.0,1.110569
GCXn]{,8,17,40.0,705.0,640.0,1.101562
GCXn^W,8,16,44.0,708.0,660.0,1.072727
GCXn^[,8,17,43.0,732.0,688.0,1.063953
GCXn^w,8,17,39.0,691.0,624.0,1.107372
GCXn^{,8,18,38.0,710.0,646.0,1.099071
GCXnbW,8,14,48.0,706.0,624.0,1.13141
GCXnb[,8,15,45.0,706.0,630.0,1.120635
GCXnew,8,15,41.0,644.0,574.0,1.121951
GCXne{,8,16,40.0,669.0,600.0,1.115
GCXnfW,8,15,43.0,673.0,602.0,1.11794
GCXnf[,8,16,42.0,696.0,630.0,1.104762
GCXnf_,8,14,46.0,662.0,598.0,1.107023
GCXnfc,8,15,45.0,690.0,630.0,1.095238
GCXnfo,8,15,43.0,666.0,602.0,1.106312
GCXnfs,8,16,42.0,692.0,630.0,1.098413
GCXnfw,8,16,40.0,666.0,600.0,1.11
GCXnf{,8,17,39.0,688.0,624.0,1.102564
GCXnuw,8,16,40.0,664.0,600.0,1.106667
GCXnu{,8,17,39.0,688.0,624.0,1.102564
GCXnvW,8,16,41.0,683.0,615.0,1.110569
GCXnv[,8,17,40.0,705.0,640.0,1.101562
GCXnvg,8,16,40.0,664.0,600.0,1.106667
GCXnvk,8,17,39.0,688.0,624.0,1.102564
GCXnvo,8,16,42.0,688.0,630.0,1.092063
GCXnvs,8,17,41.0,714.0,656.0,1.088415
GCXnvw,8,17,39.0,684.0,624.0,1.096154
GCXnv{,8,18,38.0,706.0,646.0,1.092879
GCXn~w,8,18,38.0,702.0,646.0,1.086687
GCXn~{,8,19,37.0,722.0,666.0,1.084084
GCZRRS,8,13,54.0,693.0,648.0,1.069444
GCZRR[,8,14,48.0,706.0,624.0,1.13141
GCZRTg,8,13,47.0,652.0,564.0,1.156028
GCZRTs,8,14,43.0,638.0,559.0,1.141324
GCZRTw,8,14,44.0,647.0,572.0,1.131119
GCZRT{,8,15,41.0,649.0,574.0,1.130662
GCZRUg,8,13,53.0,716.0,636.0,1.125786
GCZRUs,8,14,45.0,660.0,585.0,1.128205
GCZRUw,8,14,47.0,686.0,611.0,1.12275
GCZRU{,8,15,44.0,685.0,616.0,1.112013
GCZRVS,8,14,46.0,678.0,598.0,1.133779
GCZRV[,8,15,44.0,686.0,616.0,1.113636
GCZRV_,8,13,48.0,652.0,576.0,1.131944
GCZRVg,8,14,46.0,671.0,598.0,1.122074
GCZRVo,8,14,45.0,658.0,585.0,1.124786
GCZRVs,8,15,42.0,662.0,588.0,1.12585
GCZRVw,8,15,43.0,672.0,602.0,1.116279
GCZRV{,8,16,40.0,670.0,600.0,1.116667
GCZRZ[,8,15,45.0,706.0,630.0,1.120635
GCZR\w,8,15,41.0,646.0,574.0,1.125436
GCZR\{,8,16,40.0,668.0,600.0,1.113333
GCZR]w,8,15,43.0,672.0,602.0,1.116279
GCZR]{,8,16,42.0,694.0,630.0,1.101587
GCZR^[,8,16,42.0,696.0,630.0,1.104762
GCZR^g,8,15,43.0,669.0,602.0,1.111296
GCZR^k,8,16,42.0,692.0,630.0,1.098413
GCZR^o,8,15,41.0,644.0,574.0,1.121951
GCZR^s,8,16,40.0,666.0,600.0,1.11
GCZR^w,8,16,40.0,668.0,600.0,1.113333
GCZR^{,8,17,39.0,688.0,624.0,1.102564
GCZTbO,8,12,50.0,642.0,550.0,1.167273
GCZTbW,8,13,46.0,632.0,552.0,1.144928
GCZTb[,8,14,44.0,642.0,572.0,1.122378
GCZTeg,8,13,48.0,666.0,576.0,1.15625
GCZTek,8,14,45.0,669.0,585.0,1.14359
GCZTes,8,14,43.0,633.0,559.0,1.132379
GCZTew,8,14,44.0,649.0,572.0,1.134615
GCZTe{,8,15,42.0,659.0,588.0,1.120748
GCZTfO,8,13,46.0,626.0,552.0,1.134058
GCZTfW,8,14,44.0,641.0,572.0,1.120629
GCZTf[,8,15,42.0,655.0,588.0,1.113946
GCZTfg,8,14,45.0,656.0,585.0,1.121368
GCZTfk,8,15,43.0,670.0,602.0,1.112957
GCZTfo,8,14,44.0,640.0,572.0,1.118881
GCZTfw,8,15,42.0,654.0,588.0,1.112245
GCZTf{,8,16,40.0,664.0,600.0,1.106667
GCZTj[,8,15,43.0,668.0,602.0,1.109635
GCZTm{,8,16,40.0,670.0,600.0,1.116667
GCZTn[,8,16,41.0,678.0,615.0,1.102439
GCZTnk,8,16,42.0,694.0,630.0,1.101587
GCZTno,8,15,41.0,644.0,574.0,1.121951
GCZTnw,8,16,40.0,665.0,600.0,1.108333
GCZTn{,8,17,39.0,684.0,624.0,1.096154
GCZTrW,8,14,42.0,622.0,546.0,1.139194
GCZTr[,8,15,41.0,644.0,574.0,1.121951
GCZTtk,8,15,41.0,652.0,574.0,1.135889
GCZTts,8,15,42.0,662.0,588.0,1.12585
GCZTtw,8,15,41.0,642.0,574.0,1.118467
GCZTt{,8,16,40.0,668.0,600.0,1.113333
GCZTuw,8,15,42.0,655.0,588.0,1.113946
GCZTu{,8,16,41.0,678.0,615.0,1.102439
GCZTvW,8,15,41.0,640.0,574.0,1.114983
GCZTv[,8,16,40.0,664.0,600.0,1.106667
GCZTvg,8,15,41.0,642.0,574.0,1.118467
GCZTvk,8,16,40.0,665.0,600.0,1.108333
GCZTvo,8,15,42.0,650.0,588.0,1.105442
GCZTvs,8,16,41.0,675.0,615.0,1.097561
GCZTvw,8,16,40.0,660.0,600.0,1.1
GCZTv{,8,17,39.0,682.0,624.0,1.092949
GCZT|w,8,16,40.0,664.0,600.0,1.106667
GCZT|{,8,17,39.0,688.0,624.0,1.102564
GCZT~w,8,17,39.0,680.0,624.0,1.089744
GCZT~{,8,18,38.0,702.0,646.0,1.086687
GCZUj[,8,15,45.0,696.0,630.0,1.104762
GCZUlk,8,15,43.0,684.0,602.0,1.136213
GCZUlo,8,14,44.0,649.0,572.0,1.134615
GCZUlw,8,15,42.0,660.0,588.0,1.122449
GCZUl{,8,16,40.0,671.0,600.0,1.118333
GCZUmk,8,15,50.0,717.0,700.0,1.024286
GCZUm{,8,16,44.0,712.0,660.0,1.078788
GCZUn[,8,16,42.0,697.0,630.0,1.106349
GCZUnk,8,16,42.0,705.0,630.0,1.119048
GCZUno,8,15,43.0,672.0,602.0,1.116279
GCZUnw,8,16,41.0,684.0,615.0,1.112195
GCZUn{,8,17,39.0,692.0,624.0,1.108974
GCZUrW,8,14,44.0,642.0,572.0,1.122378
GCZUr[,8,15,43.0,666.0,602.0,1.106312
GCZUtg,8,14,42.0,627.0,546.0,1.148352
GCZUtk,8,15,41.0,647.0,574.0,1.127178
GCZUts,8,15,42.0,654.0,588.0,1.112245
GCZUtw,8,15,41.0,641.0,574.0,1.116725
GCZUt{,8,16,40.0,665.0,600.0,1.108333
GCZUug,8,14,46.0,658.0,598.0,1.100334
GCZUuk,8,15,45.0,686.0,630.0,1.088889
GCZUus,8,15,44.0,666.0,616.0,1.081169
GCZUuw,8,15,44.0,661.0,616.0,1.073052
GCZUu{,8,16,43.0,690.0,645.0,1.069767
GCZUvW,8,15,42.0,653.0,588.0,1.110544
GCZUv[,8,16,41.0,678.0,615.0,1.102439
GCZUvg,8,15,41.0,646.0,574.0,1.125436
GCZUvk,8,16,40.0,670.0,600.0,1.116667
GCZUvo,8,15,42.0,654.0,588.0,1.112245
GCZUvs,8,16,41.0,679.0,615.0,1.104065
GCZUvw,8,16,40.0,664.0,600.0,1.106667
GCZUv{,8,17,39.0,686.0,624.0,1.099359
GCZU|w,8,16,40.0,666.0,600.0,1.11
GCZU|{,8,17,39.0,688.0,624.0,1.102564
GCZU}w,8,16,43.0,690.0,645.0,1.069767
GCZU}{,8,17,42.0,717.0,672.0,1.066964
GCZU~w,8,17,39.0,688.0,624.0,1.102564
GCZU~{,8,18,38.0,708.0,646.0,1.095975
GCZVR[,8,15,43.0,673.0,602.0,1.11794
GCZVRo,8,14,43.0,633.0,559.0,1.132379
GCZVRs,8,15,42.0,658.0,588.0,1.119048
GCZVRw,8,15,41.0,643.0,574.0,1.120209
GCZVR{,8,16,40.0,667.0,600.0,1.111667
GCZVTg,8,14,43.0,635.0,559.0,1.135957
GCZVTk,8,15,42.0,656.0,588.0,1.115646
GCZVTo,8,14,43.0,630.0,559.0,1.127013
GCZVTs,8,15,42.0,654.0,588.0,1.112245
GCZVTw,8,15,41.0,642.0,574.0,1.118467
GCZVT{,8,16,40.0,665.0,600.0,1.108333
GCZVUg,8,14,46.0,673.0,598.0,1.125418
GCZVUk,8,15,44.0,684.0,616.0,1.11039
GCZVUs,8,15,43.0,667.0,602.0,1.107973
GCZVUw,8,15,43.0,669.0,602.0,1.111296
GCZVU{,8,16,42.0,692.0,630.0,1.098413
GCZVVS,8,15,44.0,685.0,616.0,1.112013
GCZVVW,8,15,43.0,667.0,602.0,1.107973
GCZVV[,8,16,42.0,694.0,630.0,1.101587
GCZVVg,8,15,42.0,657.0,588.0,1.117347
GCZVVk,8,16,41.0,680.0,615.0,1.105691
GCZVVo,8,15,42.0,655.0,588.0,1.113946
GCZVVs,8,16,41.0,679.0,615.0,1.104065
GCZVVw,8,16,40.0,665.0,600.0,1.108333
GCZVV{,8,17,39.0,686.0,624.0,1.099359
GCZVZw,8,16,40.0,664.0,600.0,1.106667
GCZVZ{,8,17,39.0,688.0,624.0,1.102564
GCZV\w,8,16,40.0,662.0,600.0,1.103333
GCZV\{,8,17,39.0,686.0,624.0,1.099359
GCZV]w,8,16,41.0,680.0,615.0,1.105691
GCZV]{,8,17,40.0,703.0,640.0,1.098437
GCZV^W,8,16,42.0,690.0,630.0,1.095238
GCZV^[,8,17,41.0,716.0,656.0,1.091463
GCZV^w,8,17,39.0,684.0,624.0,1.096154
GCZV^{,8,18,38.0,706.0,646.0,1.092879
GCZVbW,8,14,44.0,642.0,572.0,1.122378
GCZVb[,8,15,43.0,666.0,602.0,1.106312
GCZVdg,8,14,44.0,644.0,572.0,1.125874
GCZVdk,8,15,43.0,670.0,602.0,1.112957
GCZVdo,8,14,43.0,628.0,559.0,1.123435
GCZVds,8,15,42.0,654.0,588.0,1.112245
GCZVdw,8,15,41.0,640.0,574.0,1.114983
GCZVd{,8,16,40.0,665.0,600.0,1.108333
GCZVeg,8,14,46.0,674.0,598.0,1.12709
GCZVek,8,15,44.0,691.0,616.0,1.121753
GCZVes,8,15,42.0,658.0,588.0,1.119048
GCZVew,8,15,42.0,658.0,588.0,1.119048
GCZVe{,8,16,41.0,682.0,615.0,1.108943
GCZVfO,8,14,44.0,642.0,572.0,1.122378
GCZVfS,8,15,43.0,667.0,602.0,1.107973
GCZVfW,8,15,42.0,653.0,588.0,1.110544
GCZVf[,8,16,41.0,678.0,615.0,1.102439
GCZVfc,8,15,44.0,682.0,616.0,1.107143
GCZVfg,8,15,43.0,669.0,602.0,1.111296
GCZVfk,8,16,42.0,694.0,630.0,1.101587
GCZVfo,8,15,42.0,654.0,588.0,1.112245
GCZVfs,8,16,41.0,679.0,615.0,1.104065
GCZVfw,8,16,40.0,664.0,600.0,1.106667
GCZVf{,8,17,39.0,686.0,624.0,1.099359
GCZVlw,8,16,40.0,662.0,600.0,1.103333
GCZVl{,8,17,39.0,685.0,624.0,1.097756
GCZVmw,8,16,40.0,670.0,600.0,1.116667
GCZVm{,8,17,39.0,692.0,624.0,1.108974
GCZVnW,8,16,41.0,677.0,615.0,1.100813
GCZVn[,8,17,40.0,701.0,640.0,1.095312
GCZVng,8,16,42.0,694.0,630.0,1.101587
GCZVnk,8,17,41.0,718.0,656.0,1.094512
GCZVnw,8,17,39.0,685.0,624.0,1.097756
GCZVn{,8,18,38.0,706.0,646.0,1.092879
GCZVtw,8,16,40.0,659.0,600.0,1.098333
GCZVt{,8,17,39.0,683.0,624.0,1.094551
GCZVuw,8,16,41.0,678.0,615.0,1.102439
GCZVu{,8,17,40.0,701.0,640.0,1.095312
GCZVvW,8,16,40.0,662.0,600.0,1.103333
GCZVv[,8,17,39.0,686.0,624.0,1.099359
GCZVvg,8,16,40.0,665.0,600.0,1.108333
GCZVvk,8,17,39.0,688.0,624.0,1.102564
GCZVvo,8,16,41.0,675.0,615.0,1.097561
GCZVvs,8,17,40.0,700.0,640.0,1.09375
GCZVvw,8,17,39.0,682.0,624.0,1.092949
GCZVv{,8,18,38.0,704.0,646.0,1.089783
GCZV~w,8,18,38.0,702.0,646.0,1.086687
GCZV~{,8,19,37.0,722.0,666.0,1.084084
GCZ\uw,8,16,40.0,668.0,600.0,1.113333
GCZ\u{,8,17,39.0,688.0,624.0,1.102564
GCZ\vo,8,16,40.0,660.0,600.0,1.1
GCZ\vw,8,17,39.0,682.0,624.0,1.092949
GCZ\v{,8,18,38.0,702.0,646.0,1.086687
GCZ\~{,8,19,37.0,722.0,666.0,1.084084
GCZ]tw,8,16,40.0,664.0,600.0,1.106667
GCZ]t{,8,17,39.0,686.0,624.0,1.099359
GCZ]uw,8,16,42.0,676.0,630.0,1.073016
GCZ]u{,8,17,41.0,702.0,656.0,1.070122
GCZ]vo,8,16,40.0,664.0,600.0,1.106667
GCZ]vw,8,17,39.0,686.0,624.0,1.099359
GCZ]v{,8,18,38.0,706.0,646.0,1.092879
GCZ]|{,8,18,38.0,708.0,646.0,1.095975
GCZ]}{,8,18,40.0,726.0,680.0,1.067647
GCZ]~{,8,19,37.0,726.0,666.0,1.09009
GCZ^tw,8,17,39.0,680.0,624.0,1.089744
GCZ^t{,8,18,38.0,702.0,646.0,1.086687
GCZ^uw,8,17,39.0,688.0,624.0,1.102564
GCZ^u{,8,18,38.0,708.0,646.0,1.095975
GCZ^vo,8,17,39.0,682.0,624.0,1.092949
GCZ^vs,8,18,38.0,704.0,646.0,1.089783
GCZ^vw,8,18,38.0,702.0,646.0,1.086687
GCZ^v{,8,19,37.0,722.0,666.0,1.084084
GCZ^~w,8,19,37.0,722.0,666.0,1.084084
GCZ^~{,8,20,36.0,740.0,684.0,1.081871
GCZbR[,8,14,51.0,680.0,663.0,1.025641
GCZbRs,8,14,44.0,656.0,572.0,1.146853
GCZbRw,8,14,45.0,660.0,585.0,1.128205
GCZbR{,8,15,43.0,677.0,602.0,1.124585
GCZbUg,8,13,48.0,656.0,576.0,1.138889
GCZbUs,8,14,43.0,633.0,559.0,1.132379
GCZbUw,8,14,45.0,654.0,585.0,1.117949
GCZbU{,8,15,42.0,658.0,588.0,1.119048
GCZbV[,8,15,45.0,682.0,630.0,1.08254
GCZbVg,8,14,46.0,664.0,598.0,1.110368
GCZbVs,8,15,41.0,647.0,574.0,1.127178
GCZbVw,8,15,43.0,669.0,602.0,1.111296
GCZbV{,8,16,40.0,668.0,600.0,1.113333
GCZbZ[,8,15,48.0,692.0,672.0,1.029762
GCZbZw,8,15,43.0,677.0,602.0,1.124585
GCZbZ{,8,16,41.0,690.0,615.0,1.121951
GCZb]w,8,15,43.0,670.0,602.0,1.112957
GCZb]{,8,16,41.0,682.0,615.0,1.108943
GCZb^W,8,15,45.0,682.0,630.0,1.08254
GCZb^[,8,16,44.0,708.0,660.0,1.072727
GCZb^g,8,15,44.0,682.0,616.0,1.107143
GCZb^k,8,16,42.0,695.0,630.0,1.103175
GCZb^o,8,15,42.0,658.0,588.0,1.119048
GCZb^s,8,16,40.0,669.0,600.0,1.115
GCZb^w,8,16,41.0,682.0,615.0,1.108943
GCZb^{,8,17,39.0,690.0,624.0,1.105769
GCZbj[,8,15,43.0,677.0,602.0,1.124585
GCZbm{,8,16,40.0,665.0,600.0,1.108333
GCZbn[,8,16,41.0,680.0,615.0,1.105691
GCZbnk,8,16,42.0,690.0,630.0,1.095238
GCZbno,8,15,41.0,636.0,574.0,1.108014
GCZbnw,8,16,40.0,661.0,600.0,1.101667
GCZbn{,8,17,39.0,684.0,624.0,1.096154
GCZbrW,8,14,44.0,654.0,572.0,1.143357
GCZbr[,8,15,42.0,670.0,588.0,1.139456
GCZbrk,8,15,42.0,655.0,588.0,1.113946
GCZbro,8,14,43.0,634.0,559.0,1.134168
GCZbrs,8,15,42.0,661.0,588.0,1.12415
GCZbrw,8,15,42.0,655.0,588.0,1.113946
GCZbr{,8,16,41.0,680.0,615.0,1.105691
GCZbuw,8,15,41.0,640.0,574.0,1.114983
GCZbu{,8,16,40.0,663.0,600.0,1.105
GCZbvW,8,15,41.0,648.0,574.0,1.12892
GCZbv[,8,16,40.0,668.0,600.0,1.113333
GCZbvg,8,15,42.0,650.0,588.0,1.105442
GCZbvk,8,16,41.0,674.0,615.0,1.095935
GCZbvo,8,15,41.0,640.0,574.0,1.114983
GCZbvs,8,16,40.0,663.0,600.0,1.105
GCZbvw,8,16,40.0,661.0,600.0,1.101667
GCZbv{,8,17,39.0,682.0,624.0,1.092949
GCZbzw,8,16,41.0,680.0,615.0,1.105691
GCZbz{,8,17,40.0,703.0,640.0,1.098437
GCZb~w,8,17,39.0,683.0,624.0,1.094551
GCZb~{,8,18,38.0,704.0,646.0,1.089783
GCZebW,8,13,48.0,659.0,576.0,1.144097
GCZebw,8,14,44.0,641.0,572.0,1.120629
GCZeds,8,14,42.0,619.0,546.0,1.1337
GCZedw,8,14,43.0,629.0,559.0,1.125224
GCZeek,8,14,46.0,673.0,598.0,1.125418
GCZees,8,14,44.0,644.0,572.0,1.125874
GCZeew,8,14,44.0,641.0,572.0,1.120629
GCZefW,8,14,45.0,656.0,585.0,1.121368
GCZef[,8,15,43.0,668.0,602.0,1.109635
GCZefk,8,15,43.0,668.0,602.0,1.109635
GCZefs,8,15,41.0,643.0,574.0,1.120209
GCZefw,8,15,42.0,654.0,588.0,1.112245
GCZef{,8,16,40.0,664.0,600.0,1.106667
GCZejW,8,14,46.0,672.0,598.0,1.123746
GCZej[,8,15,44.0,682.0,616.0,1.107143
GCZejk,8,15,43.0,668.0,602.0,1.109635
GCZejo,8,14,43.0,630.0,559.0,1.127013
GCZejs,8,15,42.0,652.0,588.0,1.108844
GCZejw,8,15,42.0,656.0,588.0,1.115646
GCZej{,8,16,41.0,678.0,615.0,1.102439
GCZelg,8,14,44.0,644.0,572.0,1.125874
GCZelk,8,15,43.0,670.0,602.0,1.112957
GCZelw,8,15,41.0,643.0,574.0,1.120209
GCZel{,8,16,40.0,665.0,600.0,1.108333
GCZemk,8,15,44.0,691.0,616.0,1.121753
GCZemw,8,15,42.0,657.0,588.0,1.117347
GCZem{,8,16,41.0,682.0,615.0,1.108943
GCZenW,8,15,43.0,670.0,602.0,1.112957
GCZen[,8,16,42.0,692.0,630.0,1.098413
GCZeng,8,15,43.0,668.0,602.0,1.109635
GCZenk,8,16,42.0,694.0,630.0,1.101587
GCZeno,8,15,41.0,641.0,574.0,1.116725
GCZens,8,16,40.0,663.0,600.0,1.105
GCZenw,8,16,40.0,666.0,600.0,1.11
GCZen{,8,17,39.0,686.0,624.0,1.099359
GCZerW,8,14,44.0,645.0,572.0,1.127622
GCZer[,8,15,42.0,658.0,588.0,1.119048
GCZerg,8,14,42.0,615.0,546.0,1.126374
GCZerk,8,15,41.0,640.0,574.0,1.114983
GCZero,8,14,42.0,618.0,546.0,1.131868
GCZers,8,15,41.0,641.0,574.0,1.116725
GCZerw,8,15,41.0,640.0,574.0,1.114983
GCZer{,8,16,40.0,663.0,600.0,1.105
GCZetg,8,14,42.0,618.0,546.0,1.131868
GCZetk,8,15,41.0,640.0,574.0,1.114983
GCZeto,8,14,42.0,615.0,546.0,1.126374
GCZets,8,15,41.0,639.0,574.0,1.11324
GCZetw,8,15,41.0,637.0,574.0,1.109756
GCZet{,8,16,40.0,661.0,600.0,1.101667
GCZeug,8,14,43.0,630.0,559.0,1.127013
GCZeuk,8,15,42.0,657.0,588.0,1.117347
GCZeus,8,15,42.0,657.0,588.0,1.117347
GCZeuw,8,15,42.0,651.0,588.0,1.107143
GCZeu{,8,16,41.0,678.0,615.0,1.102439
GCZevW,8,15,42.0,655.0,588.0,1.113946
GCZev[,8,16,41.0,678.0,615.0,1.102439
GCZevg,8,15,41.0,639.0,574.0,1.11324
GCZevk,8,16,40.0,663.0,600.0,1.105
GCZevo,8,15,41.0,639.0,574.0,1.11324
GCZevs,8,16,40.0,663.0,600.0,1.105
GCZevw,8,16,40.0,660.0,600.0,1.1
GCZev{,8,17,39.0,682.0,624.0,1.092949
GCZezw,8,16,40.0,663.0,600.0,1.105
GCZez{,8,17,39.0,686.0,624.0,1.099359
GCZe|w,8,16,40.0,660.0,600.0,1.1
GCZe|{,8,17,39.0,684.0,624.0,1.096154
GCZe}w,8,16,41.0,676.0,615.0,1.099187
GCZe}{,8,17,40.0,701.0,640.0,1.095312
GCZe~w,8,17,39.0,682.0,624.0,1.092949
GCZe~{,8,18,38.0,704.0,646.0,1.089783
GCZfJ[,8,15,47.0,703.0,658.0,1.068389
GCZfJk,8,15,43.0,669.0,602.0,1.111296
GCZfJo,8,14,43.0,633.0,559.0,1.132379
GCZfJw,8,15,42.0,656.0,588.0,1.115646
GCZfJ{,8,16,41.0,681.0,615.0,1.107317
GCZfMk,8,15,44.0,684.0,616.0,1.11039
GCZfMo,8,14,43.0,629.0,559.0,1.125224
GCZfMw,8,15,42.0,654.0,588.0,1.112245
GCZfM{,8,16,41.0,679.0,615.0,1.104065
GCZfN[,8,16,43.0,694.0,645.0,1.075969
GCZfNk,8,16,42.0,695.0,630.0,1.103175
GCZfNo,8,15,41.0,642.0,574.0,1.118467
GCZfNw,8,16,40.0,666.0,600.0,1.11
GCZfN{,8,17,39.0,688.0,624.0,1.102564
GCZfR[,8,15,45.0,682.0,630.0,1.08254
GCZfRg,8,14,43.0,628.0,559.0,1.123435
GCZfRk,8,15,42.0,655.0,588.0,1.113946
GCZfRs,8,15,41.0,646.0,574.0,1.125436
GCZfRw,8,15,41.0,644.0,574.0,1.121951
GCZfR{,8,16,40.0,668.0,600.0,1.113333
GCZfUg,8,14,44.0,642.0,572.0,1.122378
GCZfUk,8,15,43.0,665.0,602.0,1.104651
GCZfUs,8,15,42.0,654.0,588.0,1.112245
GCZfUw,8,15,42.0,653.0,588.0,1.110544
GCZfU{,8,16,41.0,677.0,615.0,1.100813
GCZfV[,8,16,43.0,690.0,645.0,1.069767
GCZfVg,8,15,42.0,654.0,588.0,1.112245
GCZfVk,8,16,41.0,678.0,615.0,1.102439
GCZfVs,8,16,40.0,667.0,600.0,1.111667
GCZfVw,8,16,40.0,665.0,600.0,1.108333
GCZfV{,8,17,39.0,686.0,624.0,1.099359
GCZfZw,8,16,40.0,668.0,600.0,1.113333
GCZfZ{,8,17,39.0,690.0,624.0,1.105769
GCZf]w,8,16,41.0,678.0,615.0,1.102439
GCZf]{,8,17,40.0,701.0,640.0,1.095312
GCZf^W,8,16,43.0,690.0,645.0,1.069767
GCZf^[,8,17,42.0,717.0,672.0,1.066964
GCZf^w,8,17,39.0,688.0,624.0,1.102564
GCZf^{,8,18,38.0,708.0,646.0,1.095975
GCZfbW,8,14,45.0,656.0,585.0,1.121368
GCZfb[,8,15,43.0,670.0,602.0,1.112957
GCZfbk,8,15,43.0,663.0,602.0,1.101329
GCZfbs,8,15,42.0,652.0,588.0,1.108844
GCZfbw,8,15,42.0,651.0,588.0,1.107143
GCZfb{,8,16,41.0,675.0,615.0,1.097561
GCZfek,8,15,43.0,668.0,602.0,1.109635
GCZfes,8,15,41.0,643.0,574.0,1.120209
GCZfew,8,15,41.0,640.0,574.0,1.114983
GCZfe{,8,16,40.0,665.0,600.0,1.108333
GCZffW,8,15,42.0,657.0,588.0,1.117347
GCZff[,8,16,41.0,680.0,615.0,1.105691
GCZffk,8,16,42.0,690.0,630.0,1.095238
GCZffs,8,16,40.0,665.0,600.0,1.108333
GCZffw,8,16,40.0,662.0,600.0,1.103333
GCZff{,8,17,39.0,684.0,624.0,1.096154
GCZfjw,8,16,41.0,675.0,615.0,1.097561
GCZfj{,8,17,40.0,699.0,640.0,1.092188
GCZfmw,8,16,40.0,663.0,600.0,1.105
GCZfm{,8,17,39.0,687.0,624.0,1.100962
GCZfnW,8,16,41.0,680.0,615.0,1.105691
GCZfn[,8,17,40.0,703.0,640.0,1.098437
GCZfng,8,16,42.0,690.0,630.0,1.095238
GCZfnk,8,17,41.0,716.0,656.0,1.091463
GCZfnw,8,17,39.0,684.0,624.0,1.096154
GCZfn{,8,18,38.0,706.0,646.0,1.092879
GCZfrw,8,16,40.0,660.0,600.0,1.1
GCZfr{,8,17,39.0,683.0,624.0,1.094551
GCZfuw,8,16,40.0,659.0,600.0,1.098333
GCZfu{,8,17,39.0,683.0,624.0,1.094551
GCZfvW,8,16,40.0,666.0,600.0,1.11
GCZfv[,8,17,39.0,688.0,624.0,1.102564
GCZfvg,8,16,40.0,660.0,600.0,1.1
GCZfvk,8,17,39.0,684.0,624.0,1.096154
GCZfvo,8,16,40.0,661.0,600.0,1.101667
GCZfvs,8,17,39.0,685.0,624.0,1.097756
GCZfvw,8,17,39.0,680.0,624.0,1.089744
GCZfv{,8,18,38.0,702.0,646.0,1.086687
GCZf~w,8,18,38.0,702.0,646.0,1.086687
GCZf~{,8,19,37.0,722.0,666.0,1.084084
GCZju{,8,17,39.0,684.0,624.0,1.096154
GCZjvW,8,16,40.0,672.0,600.0,1.12
GCZjv[,8,17,39.0,690.0,624.0,1.105769
GCZjvo,8,16,40.0,662.0,600.0,1.103333
GCZjvw,8,17,39.0,683.0,624.0,1.094551
GCZjv{,8,18,38.0,702.0,646.0,1.086687
GCZj~{,8,19,37.0,722.0,666.0,1.084084
GCZmro,8,15,41.0,642.0,574.0,1.118467
GCZmrs,8,16,40.0,663.0,600.0,1.105
GCZmrw,8,16,40.0,664.0,600.0,1.106667
GCZmr{,8,17,39.0,685.0,624.0,1.097756
GCZmto,8,15,41.0,641.0,574.0,1.116725
GCZmts,8,16,40.0,663.0,600.0,1.105
GCZmtw,8,16,40.0,662.0,600.0,1.103333
GCZmt{,8,17,39.0,684.0,624.0,1.096154
GCZmus,8,16,41.0,681.0,615.0,1.107317
GCZmuw,8,16,41.0,676.0,615.0,1.099187
GCZmu{,8,17,40.0,701.0,640.0,1.095312
GCZmvW,8,16,41.0,682.0,615.0,1.108943
GCZmv[,8,17,40.0,703.0,640.0,1.098437
GCZmvo,8,16,40.0,663.0,600.0,1.105
GCZmvs,8,17,39.0,685.0,624.0,1.097756
GCZmvw,8,17,39.0,684.0,624.0,1.096154
GCZmv{,8,18,38.0,704.0,646.0,1.089783
GCZmz{,8,18,38.0,706.0,646.0,1.092879
GCZm|w,8,17,39.0,684.0,624.0,1.096154
GCZm|{,8,18,38.0,706.0,646.0,1.092879
GCZm}w,8,17,40.0,699.0,640.0,1.092188
GCZm}{,8,18,39.0,722.0,663.0,1.088989
GCZm~w,8,18,38.0,704.0,646.0,1.089783
GCZm~{,8,19,37.0,724.0,666.0,1.087087
GCZnRo,8,15,41.0,648.0,574.0,1.12892
GCZnRw,8,16,40.0,668.0,600.0,1.113333
GCZnR{,8,17,39.0,690.0,624.0,1.105769
GCZnUw,8,16,41.0,679.0,615.0,1.104065
GCZnU{,8,17,40.0,701.0,640.0,1.095312
GCZnVW,8,16,43.0,692.0,645.0,1.072868
GCZnV[,8,17,42.0,717.0,672.0,1.066964
GCZnVo,8,16,40.0,668.0,600.0,1.113333
GCZnVw,8,17,39.0,689.0,624.0,1.104167
GCZnV{,8,18,38.0,708.0,646.0,1.095975
GCZnZ{,8,18,38.0,710.0,646.0,1.099071
GCZn]{,8,18,39.0,724.0,663.0,1.092006
GCZn^[,8,18,41.0,742.0,697.0,1.064562
GCZn^{,8,19,37.0,728.0,666.0,1.093093
GCZnrw,8,17,39.0,682.0,624.0,1.092949
GCZnr{,8,18,38.0,703.0,646.0,1.088235
GCZnuw,8,17,39.0,682.0,624.0,1.092949
GCZnu{,8,18,38.0,704.0,646.0,1.089783
GCZnvW,8,17,39.0,690.0,624.0,1.105769
GCZnv[,8,18,38.0,710.0,646.0,1.099071
GCZnvo,8,17,39.0,683.0,624.0,1.094551
GCZnvs,8,18,38.0,705.0,646.0,1.091331
GCZnvw,8,18,38.0,702.0,646.0,1.086687
GCZnv{,8,19,37.0,722.0,666.0,1.084084
GCZn~w,8,19,37.0,722.0,666.0,1.084084
GCZn~{,8,20,36.0,740.0,684.0,1.081871
GCZuto,8,15,41.0,636.0,574.0,1.108014
GCZuts,8,16,40.0,658.0,600.0,1.096667
GCZutw,8,16,40.0,659.0,600.0,1.098333
GCZut{,8,17,39.0,681.0,624.0,1.091346
GCZuuo,8,15,41.0,641.0,574.0,1.116725
GCZuus,8,16,40.0,667.0,600.0,1.111667
GCZuuw,8,16,40.0,664.0,600.0,1.106667
GCZuu{,8,17,39.0,688.0,624.0,1.102564
GCZuvW,8,16,40.0,662.0,600.0,1.103333
GCZuv[,8,17,39.0,684.0,624.0,1.096154
GCZuvg,8,16,40.0,663.0,600.0,1.105
GCZuvk,8,17,39.0,685.0,624.0,1.097756
GCZuvo,8,16,40.0,660.0,600.0,1.1
GCZuvs,8,17,39.0,682.0,624.0,1.092949
GCZuvw,8,17,39.0,682.0,624.0,1.092949
GCZuv{,8,18,38.0,702.0,646.0,1.086687
GCZu|w,8,17,39.0,680.0,624.0,1.089744
GCZu|{,8,18,38.0,702.0,646.0,1.086687
GCZu}w,8,17,39.0,686.0,624.0,1.099359
GCZu}{,8,18,38.0,708.0,646.0,1.095975
GCZu~w,8,18,38.0,702.0,646.0,1.086687
GCZu~{,8,19,37.0,722.0,666.0,1.084084
GCZvRo,8,15,41.0,642.0,574.0,1.118467
GCZvRs,8,16,40.0,664.0,600.0,1.106667
GCZvRw,8,16,40.0,663.0,600.0,1.105
GCZvR{,8,17,39.0,685.0,624.0,1.097756
GCZvUo,8,15,41.0,641.0,574.0,1.116725
GCZvUs,8,16,40.0,662.0,600.0,1.103333
GCZvUw,8,16,40.0,664.0,600.0,1.106667
GCZvU{,8,17,39.0,685.0,624.0,1.097756
GCZvVO,8,15,42.0,657.0,588.0,1.117347
GCZvVS,8,16,41.0,682.0,615.0,1.108943
GCZvVW,8,16,41.0,679.0,615.0,1.104065
GCZvV[,8,17,40.0,703.0,640.0,1.098437
GCZvVg,8,16,41.0,677.0,615.0,1.100813
GCZvVk,8,17,40.0,699.0,640.0,1.092188
GCZvVo,8,16,40.0,663.0,600.0,1.105
GCZvVs,8,17,39.0,684.0,624.0,1.096154
GCZvVw,8,17,39.0,685.0,624.0,1.097756
GCZvV{,8,18,38.0,704.0,646.0,1.089783
GCZvZw,8,17,39.0,684.0,624.0,1.096154
GCZvZ{,8,18,38.0,706.0,646.0,1.092879
GCZv]w,8,17,39.0,684.0,624.0,1.096154
GCZv]{,8,18,38.0,706.0,646.0,1.092879
GCZv^W,8,17,40.0,701.0,640.0,1.095312
GCZv^[,8,18,39.0,724.0,663.0,1.092006
GCZv^w,8,18,38.0,704.0,646.0,1.089783
GCZv^{,8,19,37.0,724.0,666.0,1.087087
GCZveo,8,15,41.0,641.0,574.0,1.116725
GCZvew,8,16,40.0,664.0,600.0,1.106667
GCZve{,8,17,39.0,687.0,624.0,1.100962
GCZvfO,8,15,42.0,654.0,588.0,1.112245
GCZvfW,8,16,41.0,676.0,615.0,1.099187
GCZvf[,8,17,40.0,699.0,640.0,1.092188
GCZvfg,8,16,42.0,692.0,630.0,1.098413
GCZvfk,8,17,41.0,716.0,656.0,1.091463
GCZvfo,8,16,40.0,664.0,600.0,1.106667
GCZvfw,8,17,39.0,686.0,624.0,1.099359
GCZvf{,8,18,38.0,706.0,646.0,1.092879
GCZvm{,8,18,38.0,707.0,646.0,1.094427
GCZvn[,8,18,39.0,722.0,663.0,1.088989
GCZvnk,8,18,40.0,740.0,680.0,1.088235
GCZvn{,8,19,37.0,726.0,666.0,1.09009
GCZvuw,8,17,39.0,681.0,624.0,1.091346
GCZvu{,8,18,38.0,703.0,646.0,1.088235
GCZvvW,8,17,39.0,682.0,624.0,1.092949
GCZvv[,8,18,38.0,704.0,646.0,1.089783
GCZvvg,8,17,39.0,684.0,624.0,1.096154
GCZvvk,8,18,38.0,706.0,646.0,1.092879
GCZvvo,8,17,39.0,682.0,624.0,1.092949
GCZvvs,8,18,38.0,704.0,646.0,1.089783
GCZvvw,8,18,38.0,702.0,646.0,1.086687
GCZvv{,8,19,37.0,722.0,666.0,1.084084
GCZv~w,8,19,37.0,722.0,666.0,1.084084
GCZv~{,8,20,36.0,740.0,684.0,1.081871
GCZ~vo,8,18,38.0,702.0,646.0,1.086687
GCZ~vw,8,19,37.0,722.0,666.0,1.084084
GCZ~v{,8,20,36.0,740.0,684.0,1.081871
GCZ~~{,8,21,35.0,756.0,700.0,1.08
GCdbBK,8,11,15.0,176.0,150.0,1.173333
GCdbCo,8,10,14.0,154.0,126.0,1.222222
GCdbEo,8,11,58.0,636.0,580.0,1.096552
GCdbEw,8,12,50.0,649.0,550.0,1.18
GCdbFK,8,12,52.0,620.0,572.0,1.083916
GCdbFk,8,13,47.0,644.0,564.0,1.141844
GCdbFo,8,12,50.0,642.0,550.0,1.167273
GCdbFw,8,13,46.0,634.0,552.0,1.148551
GCdbF{,8,14,42.0,626.0,546.0,1.14652
GCdbJK,8,12,14.0,180.0,154.0,1.168831
GCdbK{,8,13,49.0,668.0,588.0,1.136054
GCdbMo,8,12,57.0,671.0,627.0,1.070175
GCdbMw,8,13,49.0,676.0,588.0,1.14966
GCdbM{,8,14,45.0,665.0,585.0,1.136752
GCdbNK,8,13,51.0,660.0,612.0,1.078431
GCdbN_,8,12,54.0,682.0,594.0,1.148148
GCdbNg,8,13,50.0,680.0,600.0,1.133333
GCdbNk,8,14,46.0,678.0,598.0,1.133779
GCdbNo,8,13,49.0,676.0,588.0,1.14966
GCdbNw,8,14,45.0,665.0,585.0,1.136752
GCdbN{,8,15,41.0,654.0,574.0,1.139373
GCdcrG,8,11,13.0,154.0,130.0,1.184615
GCdcss,8,12,14.0,172.0,154.0,1.116883
GCdcs{,8,13,51.0,614.0,612.0,1.003268
GCdcus,8,13,56.0,650.0,672.0,0.967262
GCdcu{,8,14,46.0,666.0,598.0,1.113712
GCdcvG,8,12,53.0,631.0,583.0,1.082333
GCdcvg,8,13,49.0,668.0,588.0,1.136054
GCdcvo,8,13,50.0,692.0,600.0,1.153333
GCdcvs,8,14,46.0,690.0,598.0,1.153846
GCdcvw,8,14,45.0,665.0,585.0,1.136752
GCdcv{,8,15,41.0,654.0,574.0,1.139373
GCdc{{,8,14,48.0,656.0,624.0,1.051282
GCdc}{,8,15,44.0,667.0,616.0,1.082792
GCdc~g,8,14,44.0,645.0,572.0,1.127622
GCdc~k,8,15,43.0,670.0,602.0,1.112957
GCdc~o,8,14,42.0,630.0,546.0,1.153846
GCdc~s,8,15,41.0,653.0,574.0,1.137631
GCdc~w,8,15,41.0,647.0,574.0,1.127178
GCdc~{,8,16,40.0,668.0,600.0,1.113333
GCdes{,8,14,46.0,665.0,598.0,1.11204
GCdeto,8,13,48.0,679.0,576.0,1.178819
GCdets,8,14,45.0,680.0,585.0,1.162393
GCdetw,8,14,43.0,645.0,559.0,1.153846
GCdet{,8,15,41.0,654.0,574.0,1.139373
GCdeuo,8,13,54.0,668.0,648.0,1.030864
GCdeus,8,14,53.0,703.0,689.0,1.020319
GCdeuw,8,14,46.0,659.0,598.0,1.102007
GCdeu{,8,15,45.0,686.0,630.0,1.088889
GCdevg,8,14,45.0,658.0,585.0,1.124786
GCdevk,8,15,43.0,673.0,602.0,1.11794
GCdevo,8,14,46.0,676.0,598.0,1.130435
GCdevs,8,15,44.0,691.0,616.0,1.121753
GCdevw,8,15,42.0,660.0,588.0,1.122449
GCdev{,8,16,40.0,670.0,600.0,1.116667
GCde|w,8,15,41.0,648.0,574.0,1.12892
GCde|{,8,16,40.0,670.0,600.0,1.116667
GCde}w,8,15,44.0,661.0,616.0,1.073052
GCde}{,8,16,43.0,690.0,645.0,1.069767
GCde~w,8,16,40.0,664.0,600.0,1.106667
GCde~{,8,17,39.0,686.0,624.0,1.099359
GCdfBK,8,12,55.0,650.0,605.0,1.07438
GCdfBk,8,13,47.0,644.0,564.0,1.141844
GCdfBs,8,13,46.0,629.0,552.0,1.139493
GCdfBw,8,13,44.0,609.0,528.0,1.153409
GCdfB{,8,14,43.0,633.0,559.0,1.132379
GCdfCs,8,12,54.0,686.0,594.0,1.154882
GCdfCw,8,12,48.0,620.0,528.0,1.174242
GCdfC{,8,13,47.0,641.0,564.0,1.136525
GCdfEo,8,12,50.0,646.0,550.0,1.174545
GCdfEs,8,13,48.0,659.0,576.0,1.144097
GCdfEw,8,13,45.0,620.0,540.0,1.148148
GCdfE{,8,14,44.0,644.0,572.0,1.125874
GCdfFK,8,13,49.0,670.0,588.0,1.139456
GCdfFk,8,14,45.0,655.0,585.0,1.119658
GCdfFo,8,13,46.0,632.0,552.0,1.144928
GCdfFs,8,14,45.0,656.0,585.0,1.121368
GCdfFw,8,14,42.0,623.0,546.0,1.141026
GCdfF{,8,15,41.0,644.0,574.0,1.121951
GCdfJg,8,13,46.0,637.0,552.0,1.153986
GCdfJk,8,14,45.0,662.0,585.0,1.131624
GCdfJw,8,14,42.0,626.0,546.0,1.14652
GCdfJ{,8,15,41.0,649.0,574.0,1.130662
GCdfKw,8,13,47.0,642.0,564.0,1.138298
GCdfK{,8,14,46.0,666.0,598.0,1.113712
GCdfMo,8,13,48.0,660.0,576.0,1.145833
GCdfMs,8,14,46.0,670.0,598.0,1.120401
GCdfMw,8,14,44.0,647.0,572.0,1.131119
GCdfM{,8,15,43.0,670.0,602.0,1.112957
GCdfNG,8,13,49.0,670.0,588.0,1.139456
GCdfNK,8,14,48.0,700.0,624.0,1.121795
GCdfNg,8,14,45.0,656.0,585.0,1.121368
GCdfNk,8,15,44.0,683.0,616.0,1.108766
GCdfNo,8,14,44.0,647.0,572.0,1.131119
GCdfNs,8,15,43.0,670.0,602.0,1.112957
GCdfNw,8,15,41.0,647.0,574.0,1.127178
GCdfN{,8,16,40.0,668.0,600.0,1.113333
GCdfbW,8,13,45.0,621.0,540.0,1.15
GCdfb[,8,14,44.0,646.0,572.0,1.129371
GCdfcw,8,13,45.0,623.0,540.0,1.153704
GCdfc{,8,14,44.0,650.0,572.0,1.136364
GCdfeo,8,13,48.0,658.0,576.0,1.142361
GCdfes,8,14,46.0,677.0,598.0,1.132107
GCdfew,8,14,43.0,633.0,559.0,1.132379
GCdfe{,8,15,42.0,659.0,588.0,1.120748
GCdffG,8,13,47.0,641.0,564.0,1.136525
GCdffK,8,14,46.0,669.0,598.0,1.118729
GCdffS,8,14,45.0,656.0,585.0,1.121368
GCdffW,8,14,43.0,630.0,559.0,1.127013
GCdff[,8,15,42.0,657.0,588.0,1.117347
GCdffc,8,14,48.0,688.0,624.0,1.102564
GCdffg,8,14,45.0,651.0,585.0,1.112821
GCdffk,8,15,44.0,680.0,616.0,1.103896
GCdffo,8,14,45.0,655.0,585.0,1.119658
GCdffs,8,15,44.0,682.0,616.0,1.107143
GCdffw,8,15,41.0,642.0,574.0,1.118467
GCdff{,8,16,40.0,666.0,600.0,1.11
GCdfmw,8,15,42.0,655.0,588.0,1.113946
GCdfm{,8,16,41.0,680.0,615.0,1.105691
GCdfnW,8,15,41.0,642.0,574.0,1.118467
GCdfn[,8,16,40.0,668.0,600.0,1.113333
GCdfng,8,15,44.0,675.0,616.0,1.095779
GCdfnk,8,16,43.0,704.0,645.0,1.091473
GCdfnw,8,16,40.0,662.0,600.0,1.103333
GCdfn{,8,17,39.0,686.0,624.0,1.099359
GCdfuw,8,15,41.0,647.0,574.0,1.127178
GCdfu{,8,16,40.0,670.0,600.0,1.116667
GCdfvg,8,15,42.0,655.0,588.0,1.113946
GCdfvk,8,16,41.0,680.0,615.0,1.105691
GCdfvo,8,15,44.0,681.0,616.0,1.105519
GCdfvs,8,16,43.0,706.0,645.0,1.094574
GCdfvw,8,16,40.0,664.0,600.0,1.106667
GCdfv{,8,17,39.0,686.0,624.0,1.099359
GCdf~w,8,17,39.0,680.0,624.0,1.089744
GCdf~{,8,18,38.0,702.0,646.0,1.086687
GCe[{{,8,15,15.0,240.0,210.0,1.142857
GCe[}{,8,16,26.0,425.0,390.0,1.089744
GCe[~w,8,16,42.0,666.0,630.0,1.057143
GCe[~{,8,17,39.0,662.0,624.0,1.060897
GCe]|w,8,16,44.0,694.0,660.0,1.051515
GCe]|{,8,17,40.0,678.0,640.0,1.059375
GCe]}w,8,16,26.0,434.0,390.0,1.112821
GCe]}{,8,17,25.0,442.0,400.0,1.105
GCe]~w,8,17,40.0,690.0,640.0,1.078125
GCe]~{,8,18,38.0,694.0,646.0,1.074303
GCe^uw,8,16,42.0,681.0,630.0,1.080952
GCe^u{,8,17,40.0,689.0,640.0,1.076563
GCe^vg,8,16,40.0,668.0,600.0,1.113333
GCe^vk,8,17,39.0,688.0,624.0,1.102564
GCe^vo,8,16,42.0,692.0,630.0,1.098413
GCe^vs,8,17,41.0,714.0,656.0,1.088415
GCe^vw,8,17,39.0,688.0,624.0,1.102564
GCe^v{,8,18,38.0,706.0,646.0,1.092879
GCe^~w,8,18,38.0,706.0,646.0,1.092879
GCe^~{,8,19,37.0,722.0,666.0,1.084084
GCf\uw,8,16,45.0,721.0,675.0,1.068148
GCf\u{,8,17,41.0,706.0,656.0,1.07622
GCf\vo,8,16,42.0,696.0,630.0,1.104762
GCf\vw,8,17,40.0,704.0,640.0,1.1
GCf\v{,8,18,38.0,708.0,646.0,1.095975
GCf\~{,8,19,37.0,724.0,666.0,1.087087
GCf]to,8,15,46.0,692.0,644.0,1.074534
GCf]tw,8,16,42.0,682.0,630.0,1.08254
GCf]t{,8,17,40.0,689.0,640.0,1.076563
GCf]uw,8,16,26.0,433.0,390.0,1.110256
GCf]u{,8,17,25.0,442.0,400.0,1.105
GCf]vo,8,16,42.0,680.0,630.0,1.079365
GCf]vw,8,17,40.0,688.0,640.0,1.075
GCf]v{,8,18,38.0,694.0,646.0,1.074303
GCf]|{,8,18,39.0,710.0,663.0,1.07089
GCf]}{,8,18,24.0,450.0,408.0,1.102941
GCf]~{,8,19,37.0,714.0,666.0,1.072072
GCf^tw,8,17,39.0,690.0,624.0,1.105769
GCf^t{,8,18,38.0,708.0,646.0,1.095975
GCf^uw,8,17,41.0,704.0,656.0,1.073171
GCf^u{,8,18,39.0,710.0,663.0,1.07089
GCf^vo,8,17,40.0,702.0,640.0,1.096875
GCf^vs,8,18,39.0,721.0,663.0,1.087481
GCf^vw,8,18,38.0,707.0,646.0,1.094427
GCf^v{,8,19,37.0,724.0,666.0,1.087087
GCf^~w,8,19,37.0,724.0,666.0,1.087087
GCf^~{,8,20,36.0,740.0,684.0,1.081871
GCfbbW,8,13,43.0,598.0,516.0,1.158915
GCfbb[,8,14,42.0,621.0,546.0,1.137363
GCfbc{,8,14,44.0,642.0,572.0,1.122378
GCfbeo,8,13,45.0,619.0,540.0,1.146296
GCfbew,8,14,43.0,632.0,559.0,1.13059
GCfbe{,8,15,42.0,653.0,588.0,1.110544
GCfbfG,8,13,45.0,619.0,540.0,1.146296
GCfbfK,8,14,44.0,643.0,572.0,1.124126
GCfbfS,8,14,42.0,618.0,546.0,1.131868
GCfbfW,8,14,42.0,620.0,546.0,1.135531
GCfbf[,8,15,41.0,641.0,574.0,1.116725
GCfbfg,8,14,44.0,640.0,572.0,1.118881
GCfbfk,8,15,43.0,664.0,602.0,1.10299
GCfbfo,8,14,42.0,622.0,546.0,1.139194
GCfbfw,8,15,41.0,641.0,574.0,1.116725
GCfbf{,8,16,40.0,660.0,600.0,1.1
GCfbj[,8,15,41.0,645.0,574.0,1.123693
GCfbm{,8,16,41.0,678.0,615.0,1.102439
GCfbn[,8,16,40.0,665.0,600.0,1.108333
GCfbnk,8,16,42.0,692.0,630.0,1.098413
GCfbno,8,15,41.0,642.0,574.0,1.118467
GCfbnw,8,16,40.0,663.0,600.0,1.105
GCfbn{,8,17,39.0,684.0,624.0,1.096154
GCfbrk,8,15,41.0,641.0,574.0,1.116725
GCfbro,8,14,42.0,618.0,546.0,1.131868
GCfbrs,8,15,41.0,642.0,574.0,1.118467
GCfbrw,8,15,41.0,637.0,574.0,1.109756
GCfbr{,8,16,40.0,661.0,600.0,1.101667
GCfbuw,8,15,41.0,641.0,574.0,1.116725
GCfbu{,8,16,40.0,664.0,600.0,1.106667
GCfbvg,8,15,41.0,638.0,574.0,1.111498
GCfbvk,8,16,40.0,662.0,600.0,1.103333
GCfbvo,8,15,41.0,641.0,574.0,1.116725
GCfbvs,8,16,40.0,663.0,600.0,1.105
GCfbvw,8,16,40.0,658.0,600.0,1.096667
GCfbv{,8,17,39.0,680.0,624.0,1.089744
GCfbzw,8,16,40.0,661.0,600.0,1.101667
GCfbz{,8,17,39.0,685.0,624.0,1.097756
GCfb~w,8,17,39.0,680.0,624.0,1.089744
GCfb~{,8,18,38.0,702.0,646.0,1.086687
GCfczo,8,14,42.0,622.0,546.0,1.139194
GCfczw,8,15,41.0,646.0,574.0,1.125436
GCfc{{,8,15,45.0,664.0,630.0,1.053968
GCfc}{,8,16,42.0,680.0,630.0,1.079365
GCfc~g,8,15,43.0,668.0,602.0,1.109635
GCfc~k,8,16,42.0,692.0,630.0,1.098413
GCfc~o,8,15,41.0,646.0,574.0,1.125436
GCfc~s,8,16,40.0,668.0,600.0,1.113333
GCfc~w,8,16,40.0,668.0,600.0,1.113333
GCfc~{,8,17,39.0,688.0,624.0,1.102564
GCferg,8,14,44.0,643.0,572.0,1.124126
GCferk,8,15,42.0,656.0,588.0,1.115646
GCfero,8,14,43.0,632.0,559.0,1.13059
GCfers,8,15,41.0,646.0,574.0,1.125436
GCferw,8,15,42.0,653.0,588.0,1.110544
GCfer{,8,16,40.0,665.0,600.0,1.108333
GCfes{,8,15,44.0,668.0,616.0,1.084416
GCfeto,8,14,44.0,651.0,572.0,1.138112
GCfets,8,15,41.0,653.0,574.0,1.137631
GCfetw,8,15,42.0,660.0,588.0,1.122449
GCfet{,8,16,40.0,670.0,600.0,1.116667
GCfeuo,8,14,46.0,656.0,598.0,1.09699
GCfeus,8,15,45.0,686.0,630.0,1.088889
GCfeuw,8,15,44.0,662.0,616.0,1.074675
GCfeu{,8,16,43.0,690.0,645.0,1.069767
GCfevg,8,15,43.0,667.0,602.0,1.107973
GCfevk,8,16,41.0,680.0,615.0,1.105691
GCfevo,8,15,42.0,659.0,588.0,1.120748
GCfevs,8,16,40.0,670.0,600.0,1.116667
GCfevw,8,16,41.0,677.0,615.0,1.100813
GCfev{,8,17,39.0,686.0,624.0,1.099359
GCfezw,8,16,40.0,664.0,600.0,1.106667
GCfez{,8,17,39.0,686.0,624.0,1.099359
GCfe|w,8,16,40.0,670.0,600.0,1.116667
GCfe|{,8,17,39.0,690.0,624.0,1.105769
GCfe}w,8,16,42.0,676.0,630.0,1.073016
GCfe}{,8,17,41.0,702.0,656.0,1.070122
GCfe~w,8,17,39.0,686.0,624.0,1.099359
GCfe~{,8,18,38.0,706.0,646.0,1.092879
GCffBk,8,14,44.0,643.0,572.0,1.124126
GCffBo,8,13,43.0,596.0,516.0,1.155039
GCffBw,8,14,42.0,618.0,546.0,1.131868
GCffB{,8,15,41.0,640.0,574.0,1.114983
GCffC{,8,14,46.0,662.0,598.0,1.107023
GCffEw,8,14,44.0,644.0,572.0,1.125874
GCffE{,8,15,43.0,666.0,602.0,1.106312
GCffFK,8,14,46.0,674.0,598.0,1.12709
GCffFk,8,15,43.0,668.0,602.0,1.109635
GCffFo,8,14,42.0,626.0,546.0,1.14652
GCffFw,8,15,41.0,645.0,574.0,1.123693
GCffF{,8,16,40.0,664.0,600.0,1.106667
GCffJk,8,15,43.0,671.0,602.0,1.114618
GCffJo,8,14,42.0,620.0,546.0,1.135531
GCffJw,8,15,41.0,642.0,574.0,1.118467
GCffJ{,8,16,40.0,664.0,600.0,1.106667
GCffK{,8,15,45.0,690.0,630.0,1.095238
GCffMo,8,14,45.0,659.0,585.0,1.126496
GCffMw,8,15,43.0,670.0,602.0,1.112957
GCffM{,8,16,42.0,692.0,630.0,1.098413
GCffNK,8,15,45.0,706.0,630.0,1.120635
GCffNk,8,16,42.0,696.0,630.0,1.104762
GCffNo,8,15,41.0,648.0,574.0,1.12892
GCffNw,8,16,40.0,668.0,600.0,1.113333
GCffN{,8,17,39.0,688.0,624.0,1.102564
GCffbW,8,14,42.0,618.0,546.0,1.131868
GCffb[,8,15,41.0,642.0,574.0,1.118467
GCffbg,8,14,44.0,638.0,572.0,1.115385
GCffbk,8,15,43.0,665.0,602.0,1.104651
GCffbo,8,14,42.0,617.0,546.0,1.130037
GCffbs,8,15,41.0,641.0,574.0,1.116725
GCffbw,8,15,41.0,637.0,574.0,1.109756
GCffb{,8,16,40.0,661.0,600.0,1.101667
GCffc{,8,15,43.0,668.0,602.0,1.109635
GCffeo,8,14,44.0,644.0,572.0,1.125874
GCffes,8,15,42.0,659.0,588.0,1.120748
GCffew,8,15,42.0,654.0,588.0,1.112245
GCffe{,8,16,41.0,678.0,615.0,1.102439
GCfffG,8,14,44.0,644.0,572.0,1.125874
GCfffK,8,15,43.0,670.0,602.0,1.112957
GCfffS,8,15,41.0,645.0,574.0,1.123693
GCfffW,8,15,41.0,642.0,574.0,1.118467
GCfff[,8,16,40.0,666.0,600.0,1.11
GCfffc,8,15,43.0,668.0,602.0,1.109635
GCfffg,8,15,43.0,664.0,602.0,1.10299
GCfffk,8,16,42.0,690.0,630.0,1.095238
GCfffo,8,15,41.0,645.0,574.0,1.123693
GCfffs,8,16,40.0,667.0,600.0,1.111667
GCfffw,8,16,40.0,662.0,600.0,1.103333
GCfff{,8,17,39.0,684.0,624.0,1.096154
GCffjw,8,16,40.0,660.0,600.0,1.1
GCffj{,8,17,39.0,684.0,624.0,1.096154
GCffmw,8,16,41.0,678.0,615.0,1.102439
GCffm{,8,17,40.0,701.0,640.0,1.095312
GCffnW,8,16,40.0,664.0,600.0,1.106667
GCffn[,8,17,39.0,688.0,624.0,1.102564
GCffng,8,16,42.0,690.0,630.0,1.095238
GCffnk,8,17,41.0,716.0,656.0,1.091463
GCffnw,8,17,39.0,684.0,624.0,1.096154
GCffn{,8,18,38.0,706.0,646.0,1.092879
GCffrw,8,16,40.0,659.0,600.0,1.098333
GCffr{,8,17,39.0,681.0,624.0,1.091346
GCffuw,8,16,40.0,665.0,600.0,1.108333
GCffu{,8,17,39.0,686.0,624.0,1.099359
GCffvg,8,16,40.0,664.0,600.0,1.106667
GCffvk,8,17,39.0,686.0,624.0,1.099359
GCffvo,8,16,40.0,667.0,600.0,1.111667
GCffvs,8,17,39.0,687.0,624.0,1.100962
GCffvw,8,17,39.0,682.0,624.0,1.092949
GCffv{,8,18,38.0,702.0,646.0,1.086687
GCff~w,8,18,38.0,702.0,646.0,1.086687
GCff~{,8,19,37.0,722.0,666.0,1.084084
GCfuto,8,15,43.0,672.0,602.0,1.116279
GCfuts,8,16,40.0,670.0,600.0,1.116667
GCfutw,8,16,41.0,683.0,615.0,1.110569
GCfut{,8,17,39.0,690.0,624.0,1.105769
GCfuuo,8,15,44.0,665.0,616.0,1.079545
GCfuus,8,16,43.0,692.0,645.0,1.072868
GCfuuw,8,16,42.0,677.0,630.0,1.074603
GCfuu{,8,17,41.0,702.0,656.0,1.070122
GCfuvW,8,16,41.0,677.0,615.0,1.100813
GCfuv[,8,17,39.0,686.0,624.0,1.099359
GCfuvg,8,16,42.0,691.0,630.0,1.096825
GCfuvk,8,17,40.0,701.0,640.0,1.095312
GCfuvo,8,16,41.0,679.0,615.0,1.104065
GCfuvs,8,17,39.0,687.0,624.0,1.100962
GCfuvw,8,17,40.0,700.0,640.0,1.09375
GCfuv{,8,18,38.0,706.0,646.0,1.092879
GCfu|w,8,17,39.0,690.0,624.0,1.105769
GCfu|{,8,18,38.0,708.0,646.0,1.095975
GCfu}w,8,17,40.0,687.0,640.0,1.073438
GCfu}{,8,18,39.0,710.0,663.0,1.07089
GCfu~w,8,18,38.0,706.0,646.0,1.092879
GCfu~{,8,19,37.0,724.0,666.0,1.087087
GCfvRo,8,15,41.0,636.0,574.0,1.108014
GCfvRw,8,16,40.0,658.0,600.0,1.096667
GCfvR{,8,17,39.0,680.0,624.0,1.089744
GCfvUo,8,15,42.0,654.0,588.0,1.112245
GCfvUw,8,16,40.0,665.0,600.0,1.108333
GCfvU{,8,17,39.0,686.0,624.0,1.099359
GCfvVg,8,16,40.0,662.0,600.0,1.103333
GCfvVk,8,17,39.0,684.0,624.0,1.096154
GCfvVo,8,16,40.0,662.0,600.0,1.103333
GCfvVw,8,17,39.0,682.0,624.0,1.092949
GCfvV{,8,18,38.0,702.0,646.0,1.086687
GCfvZ{,8,18,38.0,702.0,646.0,1.086687
GCfv]{,8,18,38.0,706.0,646.0,1.092879
GCfv^{,8,19,37.0,722.0,666.0,1.084084
GCfveo,8,15,43.0,667.0,602.0,1.107973
GCfvew,8,16,41.0,679.0,615.0,1.104065
GCfve{,8,17,40.0,701.0,640.0,1.095312
GCfvfO,8,15,41.0,640.0,574.0,1.114983
GCfvfW,8,16,40.0,662.0,600.0,1.103333
GCfvf[,8,17,39.0,684.0,624.0,1.096154
GCfvfg,8,16,42.0,690.0,630.0,1.095238
GCfvfk,8,17,41.0,714.0,656.0,1.088415
GCfvfo,8,16,40.0,666.0,600.0,1.11
GCfvfw,8,17,39.0,686.0,624.0,1.099359
GCfvf{,8,18,38.0,706.0,646.0,1.092879
GCfvm{,8,18,39.0,722.0,663.0,1.088989
GCfvn[,8,18,38.0,706.0,646.0,1.092879
GCfvnk,8,18,40.0,738.0,680.0,1.085294
GCfvn{,8,19,37.0,726.0,666.0,1.09009
GCfvuw,8,17,39.0,687.0,624.0,1.100962
GCfvu{,8,18,38.0,706.0,646.0,1.092879
GCfvvW,8,17,39.0,682.0,624.0,1.092949
GCfvv[,8,18,38.0,702.0,646.0,1.086687
GCfvvg,8,17,39.0,686.0,624.0,1.099359
GCfvvk,8,18,38.0,706.0,646.0,1.092879
GCfvvo,8,17,39.0,686.0,624.0,1.099359
GCfvvs,8,18,38.0,704.0,646.0,1.089783
GCfvvw,8,18,38.0,704.0,646.0,1.089783
GCfvv{,8,19,37.0,722.0,666.0,1.084084
GCfv~w,8,19,37.0,722.0,666.0,1.084084
GCfv~{,8,20,36.0,740.0,684.0,1.081871
GCf~vo,8,18,38.0,708.0,646.0,1.095975
GCf~vw,8,19,37.0,724.0,666.0,1.087087
GCf~v{,8,20,36.0,740.0,684.0,1.081871
GCf~~{,8,21,35.0,756.0,700.0,1.08
GCpUuW,8,13,29.0,391.0,348.0,1.123563
GCpUu[,8,14,28.0,407.0,364.0,1.118132
GCpUuk,8,14,28.0,408.0,364.0,1.120879
GCpUus,8,14,28.0,412.0,364.0,1.131868
GCpUuw,8,14,28.0,406.0,364.0,1.115385
GCpUu{,8,15,27.0,420.0,378.0,1.111111
GCpUvW,8,14,44.0,619.0,572.0,1.082168
GCpUv[,8,15,42.0,636.0,588.0,1.081633
GCpUvg,8,14,44.0,620.0,572.0,1.083916
GCpUvk,8,15,42.0,637.0,588.0,1.083333
GCpUvo,8,14,44.0,624.0,572.0,1.090909
GCpUvs,8,15,42.0,641.0,588.0,1.090136
GCpUvw,8,15,42.0,635.0,588.0,1.079932
GCpUv{,8,16,40.0,648.0,600.0,1.08
GCpU}w,8,15,27.0,420.0,378.0,1.111111
GCpU}{,8,16,26.0,432.0,390.0,1.107692
GCpU~w,8,16,41.0,662.0,615.0,1.076423
GCpU~{,8,17,39.0,672.0,624.0,1.076923
GCpVSw,8,13,46.0,608.0,552.0,1.101449
GCpVS{,8,14,44.0,621.0,572.0,1.085664
GCpVTg,8,13,43.0,598.0,516.0,1.158915
GCpVTk,8,14,42.0,617.0,546.0,1.130037
GCpVTo,8,13,44.0,609.0,528.0,1.153409
GCpVTs,8,14,43.0,634.0,559.0,1.134168
GCpVTw,8,14,42.0,617.0,546.0,1.130037
GCpVT{,8,15,41.0,639.0,574.0,1.11324
GCpVUg,8,13,46.0,609.0,552.0,1.103261
GCpVUk,8,14,44.0,622.0,572.0,1.087413
GCpVUs,8,14,44.0,628.0,572.0,1.097902
GCpVUw,8,14,45.0,638.0,585.0,1.090598
GCpVU{,8,15,43.0,648.0,602.0,1.076412
GCpVVO,8,13,45.0,624.0,540.0,1.155556
GCpVVS,8,14,44.0,654.0,572.0,1.143357
GCpVVg,8,14,42.0,618.0,546.0,1.131868
GCpVVk,8,15,41.0,640.0,574.0,1.114983
GCpVVo,8,14,43.0,630.0,559.0,1.127013
GCpVVs,8,15,42.0,655.0,588.0,1.113946
GCpVVw,8,15,41.0,640.0,574.0,1.114983
GCpVV{,8,16,40.0,660.0,600.0,1.1
GCpVbW,8,13,43.0,593.0,516.0,1.149225
GCpVb[,8,14,42.0,616.0,546.0,1.128205
GCpVcw,8,13,46.0,601.0,552.0,1.088768
GCpVc{,8,14,44.0,622.0,572.0,1.087413
GCpVdW,8,13,43.0,589.0,516.0,1.141473
GCpVd[,8,14,42.0,617.0,546.0,1.130037
GCpVdo,8,13,44.0,603.0,528.0,1.142045
GCpVds,8,14,43.0,630.0,559.0,1.127013
GCpVdw,8,14,42.0,613.0,546.0,1.122711
GCpVd{,8,15,41.0,639.0,574.0,1.11324
GCpVe[,8,14,44.0,621.0,572.0,1.085664
GCpVes,8,14,44.0,624.0,572.0,1.090909
GCpVew,8,14,45.0,632.0,585.0,1.080342
GCpVe{,8,15,43.0,648.0,602.0,1.076412
GCpVfG,8,13,44.0,600.0,528.0,1.136364
GCpVfK,8,14,43.0,627.0,559.0,1.121646
GCpVfS,8,14,43.0,630.0,559.0,1.127013
GCpVfW,8,14,42.0,614.0,546.0,1.124542
GCpVf[,8,15,41.0,639.0,574.0,1.11324
GCpVfc,8,14,44.0,640.0,572.0,1.118881
GCpVfo,8,14,43.0,627.0,559.0,1.121646
GCpVfs,8,15,42.0,653.0,588.0,1.110544
GCpVfw,8,15,41.0,637.0,574.0,1.109756
GCpVf{,8,16,40.0,660.0,600.0,1.1
GCpVuw,8,15,43.0,648.0,602.0,1.076412
GCpVu{,8,16,41.0,662.0,615.0,1.076423
GCpVvW,8,15,41.0,637.0,574.0,1.109756
GCpVv[,8,16,40.0,661.0,600.0,1.101667
GCpVvg,8,15,41.0,638.0,574.0,1.111498
GCpVvk,8,16,40.0,662.0,600.0,1.103333
GCpVvo,8,15,42.0,653.0,588.0,1.110544
GCpVvs,8,16,41.0,678.0,615.0,1.102439
GCpVvw,8,16,40.0,660.0,600.0,1.1
GCpVv{,8,17,39.0,682.0,624.0,1.092949
GCpV~w,8,17,39.0,682.0,624.0,1.092949
GCpV~{,8,18,38.0,702.0,646.0,1.086687
GCp`eg,8,11,49.0,588.0,490.0,1.2
GCp`eo,8,11,52.0,631.0,520.0,1.213462
GCp`fW,8,12,48.0,616.0,528.0,1.166667
GCp`fg,8,12,47.0,599.0,517.0,1.158607
GCp`fo,8,12,48.0,607.0,528.0,1.149621
GCp`fw,8,13,45.0,614.0,540.0,1.137037
GCp`f{,8,14,42.0,616.0,546.0,1.128205
GCpbPw,8,12,48.0,606.0,528.0,1.147727
GCpbQs,8,12,48.0,622.0,528.0,1.17803
GCpbR[,8,13,52.0,641.0,624.0,1.027244
GCpbRk,8,13,45.0,626.0,540.0,1.159259
GCpbRs,8,13,46.0,633.0,552.0,1.146739
GCpbRw,8,13,46.0,628.0,552.0,1.137681
GCpbR{,8,14,44.0,647.0,572.0,1.131119
GCpbTW,8,12,48.0,590.0,528.0,1.117424
GCpbTg,8,12,46.0,593.0,506.0,1.171937
GCpbTo,8,12,48.0,611.0,528.0,1.157197
GCpbTw,8,13,45.0,612.0,540.0,1.133333
GCpbUs,8,13,47.0,647.0,564.0,1.147163
GCpbUw,8,13,46.0,628.0,552.0,1.137681
GCpbVK,8,13,47.0,624.0,564.0,1.106383
GCpbVS,8,13,49.0,641.0,588.0,1.090136
GCpbVW,8,13,47.0,621.0,564.0,1.101064
GCpbV[,8,14,46.0,650.0,598.0,1.086957
GCpbVc,8,13,45.0,616.0,540.0,1.140741
GCpbVg,8,13,44.0,605.0,528.0,1.145833
GCpbVk,8,14,42.0,621.0,546.0,1.137363
GCpbVo,8,13,46.0,627.0,552.0,1.13587
GCpbVs,8,14,44.0,643.0,572.0,1.124126
GCpbVw,8,14,43.0,629.0,559.0,1.125224
GCpbV{,8,15,41.0,642.0,574.0,1.118467
GCpb`w,8,12,46.0,585.0,506.0,1.156126
GCpbas,8,12,48.0,613.0,528.0,1.160985
GCpbaw,8,12,47.0,598.0,517.0,1.156673
GCpbbk,8,13,46.0,636.0,552.0,1.152174
GCpbbs,8,13,46.0,626.0,552.0,1.134058
GCpbbw,8,13,45.0,614.0,540.0,1.137037
GCpbb{,8,14,44.0,640.0,572.0,1.118881
GCpbdg,8,12,45.0,582.0,495.0,1.175758
GCpbdo,8,12,46.0,590.0,506.0,1.166008
GCpbdw,8,13,43.0,593.0,516.0,1.149225
GCpbes,8,13,47.0,639.0,564.0,1.132979
GCpbew,8,13,45.0,614.0,540.0,1.137037
GCpbfK,8,13,45.0,617.0,540.0,1.142593
GCpbfS,8,13,45.0,615.0,540.0,1.138889
GCpbfW,8,13,44.0,609.0,528.0,1.153409
GCpbfc,8,13,46.0,625.0,552.0,1.132246
GCpbfg,8,13,44.0,604.0,528.0,1.143939
GCpbfk,8,14,43.0,630.0,559.0,1.127013
GCpbfo,8,13,45.0,614.0,540.0,1.137037
GCpbfs,8,14,44.0,638.0,572.0,1.115385
GCpbfw,8,14,42.0,617.0,546.0,1.130037
GCpbf{,8,15,41.0,638.0,574.0,1.111498
GCpbrs,8,14,45.0,655.0,585.0,1.119658
GCpbvW,8,14,43.0,629.0,559.0,1.125224
GCpbv[,8,15,42.0,655.0,588.0,1.113946
GCpbvg,8,14,42.0,615.0,546.0,1.126374
GCpbvk,8,15,41.0,641.0,574.0,1.116725
GCpbvo,8,14,44.0,639.0,572.0,1.117133
GCpbvs,8,15,43.0,666.0,602.0,1.106312
GCpbvw,8,15,41.0,638.0,574.0,1.111498
GCpbv{,8,16,40.0,662.0,600.0,1.103333
GCpcrG,8,11,62.0,660.0,620.0,1.064516
GCpcrO,8,11,55.0,649.0,550.0,1.18
GCpcrW,8,12,54.0,682.0,594.0,1.148148
GCpcr_,8,11,51.0,616.0,510.0,1.207843
GCpcrg,8,12,49.0,633.0,539.0,1.174397
GCpcro,8,12,49.0,627.0,539.0,1.163265
GCpcrw,8,13,47.0,641.0,564.0,1.136525
GCpcss,8,12,60.0,632.0,660.0,0.957576
GCpcs{,8,13,48.0,644.0,576.0,1.118056
GCpct[,8,13,46.0,632.0,552.0,1.144928
GCpctk,8,13,45.0,625.0,540.0,1.157407
GCpcto,8,12,49.0,640.0,539.0,1.187384
GCpcts,8,13,47.0,662.0,564.0,1.173759
GCpctw,8,13,46.0,631.0,552.0,1.143116
GCpct{,8,14,43.0,638.0,559.0,1.141324
GCpcu[,8,13,50.0,656.0,600.0,1.093333
GCpcuk,8,13,47.0,627.0,564.0,1.111702
GCpcuo,8,12,55.0,631.0,605.0,1.042975
GCpcus,8,13,54.0,668.0,648.0,1.030864
GCpcuw,8,13,49.0,645.0,588.0,1.096939
GCpcu{,8,14,46.0,656.0,598.0,1.09699
GCpcvG,8,12,50.0,638.0,550.0,1.16
GCpcvK,8,13,47.0,637.0,564.0,1.129433
GCpcvO,8,12,51.0,646.0,561.0,1.151515
GCpcvS,8,13,49.0,665.0,588.0,1.130952
GCpcvW,8,13,48.0,654.0,576.0,1.135417
GCpcv[,8,14,45.0,656.0,585.0,1.121368
GCpcv_,8,12,49.0,624.0,539.0,1.157699
GCpcvc,8,13,47.0,645.0,564.0,1.143617
GCpcvg,8,13,46.0,627.0,552.0,1.13587
GCpcvk,8,14,43.0,633.0,559.0,1.132379
GCpcvo,8,13,47.0,646.0,564.0,1.14539
GCpcvs,8,14,45.0,663.0,585.0,1.133333
GCpcvw,8,14,44.0,645.0,572.0,1.127622
GCpcv{,8,15,41.0,646.0,574.0,1.125436
GCpdQk,8,12,46.0,588.0,506.0,1.162055
GCpdQs,8,12,47.0,607.0,517.0,1.174081
GCpdQ{,8,13,45.0,616.0,540.0,1.140741
GCpdRS,8,12,50.0,609.0,550.0,1.107273
GCpdRW,8,12,50.0,612.0,550.0,1.112727
GCpdR[,8,13,49.0,641.0,588.0,1.090136
GCpdRg,8,12,45.0,589.0,495.0,1.189899
GCpdRo,8,12,46.0,587.0,506.0,1.160079
GCpdRs,8,13,45.0,615.0,540.0,1.138889
GCpdRw,8,13,44.0,605.0,528.0,1.145833
GCpdR{,8,14,43.0,629.0,559.0,1.125224
GCpdSs,8,12,50.0,646.0,550.0,1.174545
GCpdS{,8,13,45.0,618.0,540.0,1.144444
GCpdU[,8,13,46.0,611.0,552.0,1.106884
GCpdUg,8,12,45.0,583.0,495.0,1.177778
GCpdUk,8,13,44.0,604.0,528.0,1.143939
GCpdUs,8,13,46.0,638.0,552.0,1.155797
GCpdUw,8,13,44.0,609.0,528.0,1.153409
GCpdU{,8,14,43.0,630.0,559.0,1.127013
GCpdVS,8,13,48.0,628.0,576.0,1.090278
GCpdVW,8,13,46.0,606.0,552.0,1.097826
GCpdV[,8,14,45.0,634.0,585.0,1.083761
GCpdVg,8,13,43.0,594.0,516.0,1.151163
GCpdVo,8,13,45.0,615.0,540.0,1.138889
GCpdVs,8,14,44.0,641.0,572.0,1.120629
GCpdVw,8,14,42.0,617.0,546.0,1.130037
GCpdV{,8,15,41.0,638.0,574.0,1.111498
GCpdag,8,11,48.0,581.0,480.0,1.210417
GCpdao,8,11,50.0,600.0,500.0,1.2
GCpdbW,8,12,49.0,632.0,539.0,1.172542
GCpdbg,8,12,47.0,604.0,517.0,1.168279
GCpdbo,8,12,47.0,598.0,517.0,1.156673
GCpdbw,8,13,45.0,615.0,540.0,1.138889
GCpdcw,8,12,47.0,603.0,517.0,1.166344
GCpddS,8,12,48.0,620.0,528.0,1.174242
GCpddW,8,12,47.0,600.0,517.0,1.160542
GCpddc,8,12,50.0,656.0,550.0,1.192727
GCpddg,8,12,47.0,606.0,517.0,1.172147
GCpddo,8,12,48.0,617.0,528.0,1.168561
GCpdds,8,13,47.0,648.0,564.0,1.148936
GCpddw,8,13,45.0,615.0,540.0,1.138889
GCpdeW,8,12,48.0,615.0,528.0,1.164773
GCpdeg,8,12,46.0,594.0,506.0,1.173913
GCpdek,8,13,44.0,609.0,528.0,1.153409
GCpdeo,8,12,49.0,633.0,539.0,1.174397
GCpdes,8,13,46.0,638.0,552.0,1.155797
GCpdew,8,13,45.0,621.0,540.0,1.15
GCpdfK,8,13,46.0,626.0,552.0,1.134058
GCpdfS,8,13,46.0,628.0,552.0,1.137681
GCpdfW,8,13,46.0,627.0,552.0,1.13587
GCpdf[,8,14,44.0,640.0,572.0,1.118881
GCpdfc,8,13,46.0,630.0,552.0,1.141304
GCpdfg,8,13,45.0,616.0,540.0,1.140741
GCpdfk,8,14,43.0,632.0,559.0,1.13059
GCpdfo,8,13,46.0,627.0,552.0,1.13587
GCpdfs,8,14,44.0,642.0,572.0,1.122378
GCpdfw,8,14,43.0,629.0,559.0,1.125224
GCpdf{,8,15,41.0,640.0,574.0,1.114983
GCpdjo,8,13,43.0,594.0,516.0,1.151163
GCpdjs,8,14,42.0,618.0,546.0,1.131868
GCpdlg,8,13,45.0,622.0,540.0,1.151852
GCpdlk,8,14,44.0,654.0,572.0,1.143357
GCpdnW,8,14,43.0,630.0,559.0,1.127013
GCpdn[,8,15,42.0,653.0,588.0,1.110544
GCpdng,8,14,43.0,628.0,559.0,1.123435
GCpdnk,8,15,42.0,655.0,588.0,1.113946
GCpdno,8,14,42.0,618.0,546.0,1.131868
GCpdns,8,15,41.0,641.0,574.0,1.116725
GCpdnw,8,15,41.0,638.0,574.0,1.111498
GCpdn{,8,16,40.0,660.0,600.0,1.1
GCpdrg,8,13,44.0,609.0,528.0,1.153409
GCpdrk,8,14,43.0,629.0,559.0,1.125224
GCpdro,8,13,45.0,615.0,540.0,1.138889
GCpdrs,8,14,44.0,642.0,572.0,1.122378
GCpdrw,8,14,43.0,630.0,559.0,1.127013
GCpdr{,8,15,42.0,653.0,588.0,1.110544
GCpdtg,8,13,44.0,610.0,528.0,1.155303
GCpdtk,8,14,43.0,636.0,559.0,1.137746
GCpdto,8,13,46.0,636.0,552.0,1.152174
GCpdts,8,14,45.0,667.0,585.0,1.140171
GCpdtw,8,14,43.0,631.0,559.0,1.128801
GCpdt{,8,15,42.0,657.0,588.0,1.117347
GCpduw,8,14,42.0,626.0,546.0,1.14652
GCpdu{,8,15,41.0,646.0,574.0,1.125436
GCpdvW,8,14,44.0,641.0,572.0,1.120629
GCpdv[,8,15,43.0,664.0,602.0,1.10299
GCpdvg,8,14,42.0,618.0,546.0,1.131868
GCpdvk,8,15,41.0,641.0,574.0,1.116725
GCpdvo,8,14,44.0,642.0,572.0,1.122378
GCpdvs,8,15,43.0,668.0,602.0,1.109635
GCpdvw,8,15,41.0,641.0,574.0,1.116725
GCpdv{,8,16,40.0,662.0,600.0,1.103333
GCpeZo,8,13,45.0,616.0,540.0,1.140741
GCpeZs,8,14,44.0,644.0,572.0,1.125874
GCpe\g,8,13,45.0,616.0,540.0,1.140741
GCpe\k,8,14,44.0,640.0,572.0,1.118881
GCpe\o,8,13,45.0,621.0,540.0,1.15
GCpe\s,8,14,44.0,643.0,572.0,1.124126
GCpe][,8,14,48.0,656.0,624.0,1.051282
GCpe^W,8,14,45.0,638.0,585.0,1.090598
GCpe^[,8,15,44.0,667.0,616.0,1.082792
GCpe^g,8,14,43.0,630.0,559.0,1.127013
GCpe^k,8,15,42.0,655.0,588.0,1.113946
GCpe^o,8,14,43.0,633.0,559.0,1.132379
GCpe^s,8,15,42.0,658.0,588.0,1.119048
GCpe^w,8,15,41.0,644.0,574.0,1.121951
GCpe^{,8,16,40.0,666.0,600.0,1.11
GCpejg,8,13,45.0,616.0,540.0,1.140741
GCpejk,8,14,44.0,643.0,572.0,1.124126
GCpejo,8,13,44.0,601.0,528.0,1.138258
GCpejs,8,14,43.0,629.0,559.0,1.125224
GCpejw,8,14,43.0,626.0,559.0,1.119857
GCpej{,8,15,42.0,652.0,588.0,1.108844
GCpelW,8,13,44.0,602.0,528.0,1.140152
GCpel[,8,14,43.0,629.0,559.0,1.125224
GCpelk,8,14,43.0,632.0,559.0,1.13059
GCpelo,8,13,43.0,599.0,516.0,1.160853
GCpels,8,14,42.0,621.0,546.0,1.137363
GCpelw,8,14,42.0,615.0,546.0,1.126374
GCpel{,8,15,41.0,641.0,574.0,1.116725
GCpem[,8,14,45.0,638.0,585.0,1.090598
GCpemk,8,14,45.0,638.0,585.0,1.090598
GCpemw,8,14,45.0,630.0,585.0,1.076923
GCpem{,8,15,44.0,661.0,616.0,1.073052
GCpenW,8,14,43.0,630.0,559.0,1.127013
GCpen[,8,15,42.0,655.0,588.0,1.113946
GCpeng,8,14,43.0,628.0,559.0,1.123435
GCpenk,8,15,42.0,655.0,588.0,1.113946
GCpeno,8,14,42.0,618.0,546.0,1.131868
GCpens,8,15,41.0,644.0,574.0,1.121951
GCpenw,8,15,41.0,638.0,574.0,1.111498
GCpen{,8,16,40.0,662.0,600.0,1.103333
GCperW,8,13,50.0,677.0,600.0,1.128333
GCper[,8,14,46.0,671.0,598.0,1.122074
GCperg,8,13,47.0,642.0,564.0,1.138298
GCperk,8,14,45.0,653.0,585.0,1.116239
GCpero,8,13,47.0,641.0,564.0,1.136525
GCpers,8,14,45.0,660.0,585.0,1.128205
GCperw,8,14,45.0,655.0,585.0,1.119658
GCper{,8,15,43.0,669.0,602.0,1.111296
GCpetW,8,13,46.0,629.0,552.0,1.139493
GCpet[,8,14,44.0,644.0,572.0,1.125874
GCpetg,8,13,45.0,621.0,540.0,1.15
GCpetk,8,14,43.0,633.0,559.0,1.132379
GCpeto,8,13,46.0,638.0,552.0,1.155797
GCpets,8,14,44.0,656.0,572.0,1.146853
GCpetw,8,14,43.0,633.0,559.0,1.132379
GCpet{,8,15,41.0,647.0,574.0,1.127178
GCpeuW,8,13,49.0,645.0,588.0,1.096939
GCpeu[,8,14,48.0,675.0,624.0,1.081731
GCpeug,8,13,47.0,624.0,564.0,1.106383
GCpeuk,8,14,46.0,654.0,598.0,1.093645
GCpeuo,8,13,52.0,641.0,624.0,1.027244
GCpeus,8,14,51.0,680.0,663.0,1.025641
GCpeuw,8,14,46.0,654.0,598.0,1.093645
GCpeu{,8,15,45.0,682.0,630.0,1.08254
GCpevW,8,14,45.0,659.0,585.0,1.126496
GCpev[,8,15,43.0,671.0,602.0,1.114618
GCpevg,8,14,44.0,642.0,572.0,1.122378
GCpevk,8,15,42.0,657.0,588.0,1.117347
GCpevo,8,14,45.0,660.0,585.0,1.128205
GCpevs,8,15,43.0,677.0,602.0,1.124585
GCpevw,8,15,42.0,657.0,588.0,1.117347
GCpev{,8,16,40.0,668.0,600.0,1.113333
GCpfJW,8,13,47.0,626.0,564.0,1.109929
GCpfJ[,8,14,46.0,656.0,598.0,1.09699
GCpfJg,8,13,44.0,612.0,528.0,1.159091
GCpfJk,8,14,43.0,637.0,559.0,1.139535
GCpfJo,8,13,44.0,604.0,528.0,1.143939
GCpfJs,8,14,43.0,632.0,559.0,1.13059
GCpfJw,8,14,42.0,620.0,546.0,1.135531
GCpfJ{,8,15,41.0,646.0,574.0,1.125436
GCpfKw,8,13,46.0,622.0,552.0,1.126812
GCpfK{,8,14,45.0,649.0,585.0,1.109402
GCpfLW,8,13,46.0,602.0,552.0,1.09058
GCpfL[,8,14,45.0,633.0,585.0,1.082051
GCpfLk,8,14,44.0,643.0,572.0,1.124126
GCpfLo,8,13,45.0,615.0,540.0,1.138889
GCpfLs,8,14,44.0,639.0,572.0,1.117133
GCpfLw,8,14,43.0,626.0,559.0,1.119857
GCpfL{,8,15,42.0,652.0,588.0,1.108844
GCpfM[,8,14,46.0,648.0,598.0,1.083612
GCpfMk,8,14,44.0,642.0,572.0,1.122378
GCpfMo,8,13,47.0,641.0,564.0,1.136525
GCpfMs,8,14,45.0,655.0,585.0,1.119658
GCpfMw,8,14,44.0,641.0,572.0,1.120629
GCpfM{,8,15,43.0,666.0,602.0,1.106312
GCpfNK,8,14,46.0,649.0,598.0,1.085284
GCpfNW,8,14,45.0,634.0,585.0,1.083761
GCpfN[,8,15,44.0,663.0,616.0,1.076299
GCpfNg,8,14,43.0,631.0,559.0,1.128801
GCpfNk,8,15,42.0,657.0,588.0,1.117347
GCpfNo,8,14,43.0,630.0,559.0,1.127013
GCpfNs,8,15,42.0,655.0,588.0,1.113946
GCpfNw,8,15,41.0,641.0,574.0,1.116725
GCpfN{,8,16,40.0,664.0,600.0,1.106667
GCpfQw,8,13,45.0,616.0,540.0,1.140741
GCpfQ{,8,14,44.0,644.0,572.0,1.125874
GCpfRW,8,13,49.0,642.0,588.0,1.091837
GCpfR[,8,14,48.0,673.0,624.0,1.078526
GCpfRg,8,13,44.0,611.0,528.0,1.157197
GCpfRk,8,14,43.0,633.0,559.0,1.132379
GCpfRo,8,13,45.0,615.0,540.0,1.138889
GCpfRs,8,14,44.0,643.0,572.0,1.124126
GCpfRw,8,14,43.0,630.0,559.0,1.127013
GCpfR{,8,15,42.0,656.0,588.0,1.115646
GCpfSw,8,13,45.0,615.0,540.0,1.138889
GCpfS{,8,14,44.0,643.0,572.0,1.124126
GCpfTW,8,13,46.0,603.0,552.0,1.092391
GCpfT[,8,14,45.0,635.0,585.0,1.08547
GCpfTg,8,13,44.0,605.0,528.0,1.145833
GCpfTk,8,14,43.0,629.0,559.0,1.125224
GCpfTo,8,13,46.0,628.0,552.0,1.137681
GCpfTs,8,14,45.0,655.0,585.0,1.119658
GCpfTw,8,14,43.0,626.0,559.0,1.119857
GCpfT{,8,15,42.0,652.0,588.0,1.108844
GCpfUW,8,13,46.0,611.0,552.0,1.106884
GCpfU[,8,14,45.0,642.0,585.0,1.097436
GCpfUg,8,13,44.0,605.0,528.0,1.145833
GCpfUk,8,14,43.0,632.0,559.0,1.13059
GCpfUo,8,13,47.0,647.0,564.0,1.147163
GCpfUs,8,14,45.0,664.0,585.0,1.135043
GCpfUw,8,14,43.0,632.0,559.0,1.13059
GCpfU{,8,15,42.0,657.0,588.0,1.117347
GCpfVK,8,14,45.0,638.0,585.0,1.090598
GCpfVS,8,14,47.0,661.0,611.0,1.081833
GCpfVW,8,14,45.0,635.0,585.0,1.08547
GCpfV[,8,15,44.0,665.0,616.0,1.079545
GCpfVg,8,14,42.0,619.0,546.0,1.1337
GCpfVk,8,15,41.0,644.0,574.0,1.121951
GCpfVo,8,14,44.0,643.0,572.0,1.124126
GCpfVs,8,15,43.0,669.0,602.0,1.111296
GCpfVw,8,15,41.0,641.0,574.0,1.116725
GCpfV{,8,16,40.0,664.0,600.0,1.106667
GCpf]w,8,15,42.0,657.0,588.0,1.117347
GCpf]{,8,16,41.0,680.0,615.0,1.105691
GCpf^W,8,15,44.0,661.0,616.0,1.073052
GCpf^[,8,16,43.0,690.0,645.0,1.069767
GCpf^w,8,16,40.0,664.0,600.0,1.106667
GCpf^{,8,17,39.0,686.0,624.0,1.099359
GCpf`w,8,13,44.0,600.0,528.0,1.136364
GCpf`{,8,14,43.0,629.0,559.0,1.125224
GCpfaw,8,13,45.0,612.0,540.0,1.133333
GCpfa{,8,14,44.0,640.0,572.0,1.118881
GCpfbW,8,13,46.0,628.0,552.0,1.137681
GCpfb[,8,14,44.0,644.0,572.0,1.125874
GCpfbg,8,13,45.0,616.0,540.0,1.140741
GCpfbk,8,14,44.0,643.0,572.0,1.124126
GCpfbo,8,13,45.0,611.0,540.0,1.131481
GCpfbs,8,14,44.0,639.0,572.0,1.117133
GCpfbw,8,14,43.0,626.0,559.0,1.119857
GCpfb{,8,15,42.0,652.0,588.0,1.108844
GCpfcw,8,13,44.0,603.0,528.0,1.142045
GCpfc{,8,14,43.0,632.0,559.0,1.13059
GCpfdW,8,13,44.0,601.0,528.0,1.138258
GCpfd[,8,14,43.0,629.0,559.0,1.125224
GCpfdg,8,13,44.0,604.0,528.0,1.143939
GCpfdk,8,14,43.0,632.0,559.0,1.13059
GCpfdo,8,13,45.0,614.0,540.0,1.137037
GCpfds,8,14,44.0,642.0,572.0,1.122378
GCpfdw,8,14,42.0,614.0,546.0,1.124542
GCpfd{,8,15,41.0,641.0,574.0,1.116725
GCpfeW,8,13,45.0,616.0,540.0,1.140741
GCpfe[,8,14,44.0,643.0,572.0,1.124126
GCpfeg,8,13,44.0,604.0,528.0,1.143939
GCpfek,8,14,43.0,632.0,559.0,1.13059
GCpfeo,8,13,47.0,640.0,564.0,1.134752
GCpfes,8,14,45.0,660.0,585.0,1.128205
GCpfew,8,14,43.0,629.0,559.0,1.125224
GCpfe{,8,15,42.0,655.0,588.0,1.113946
GCpffK,8,14,44.0,642.0,572.0,1.122378
GCpffS,8,14,44.0,643.0,572.0,1.124126
GCpffW,8,14,43.0,630.0,559.0,1.127013
GCpff[,8,15,42.0,655.0,588.0,1.113946
GCpffc,8,14,45.0,654.0,585.0,1.117949
GCpffg,8,14,43.0,628.0,559.0,1.123435
GCpffk,8,15,42.0,655.0,588.0,1.113946
GCpffo,8,14,44.0,639.0,572.0,1.117133
GCpffs,8,15,43.0,666.0,602.0,1.106312
GCpffw,8,15,41.0,638.0,574.0,1.111498
GCpff{,8,16,40.0,662.0,600.0,1.103333
GCpflw,8,15,41.0,635.0,574.0,1.106272
GCpfl{,8,16,40.0,661.0,600.0,1.101667
GCpfmw,8,15,42.0,651.0,588.0,1.107143
GCpfm{,8,16,41.0,676.0,615.0,1.099187
GCpfnW,8,15,41.0,642.0,574.0,1.118467
GCpfn[,8,16,40.0,666.0,600.0,1.11
GCpfng,8,15,42.0,651.0,588.0,1.107143
GCpfnk,8,16,41.0,678.0,615.0,1.102439
GCpfnw,8,16,40.0,658.0,600.0,1.096667
GCpfn{,8,17,39.0,682.0,624.0,1.092949
GCpfrw,8,15,42.0,651.0,588.0,1.107143
GCpfr{,8,16,41.0,676.0,615.0,1.099187
GCpftw,8,15,41.0,638.0,574.0,1.111498
GCpft{,8,16,40.0,663.0,600.0,1.105
GCpfuw,8,15,41.0,644.0,574.0,1.121951
GCpfu{,8,16,40.0,668.0,600.0,1.113333
GCpfvW,8,15,42.0,654.0,588.0,1.112245
GCpfv[,8,16,41.0,678.0,615.0,1.102439
GCpfvg,8,15,41.0,639.0,574.0,1.11324
GCpfvk,8,16,40.0,664.0,600.0,1.106667
GCpfvo,8,15,43.0,666.0,602.0,1.106312
GCpfvs,8,16,42.0,692.0,630.0,1.098413
GCpfvw,8,16,40.0,661.0,600.0,1.101667
GCpfv{,8,17,39.0,684.0,624.0,1.096154
GCpf~w,8,17,39.0,680.0,624.0,1.089744
GCpf~{,8,18,38.0,702.0,646.0,1.086687
GCprbk,8,14,44.0,654.0,572.0,1.143357
GCpreo,8,13,46.0,627.0,552.0,1.13587
GCprew,8,14,44.0,640.0,572.0,1.118881
GCpre{,8,15,43.0,662.0,602.0,1.099668
GCprfO,8,13,43.0,597.0,516.0,1.156977
GCprfW,8,14,42.0,617.0,546.0,1.130037
GCprf[,8,15,41.0,639.0,574.0,1.11324
GCprfk,8,15,42.0,655.0,588.0,1.113946
GCprfo,8,14,42.0,621.0,546.0,1.137363
GCprfw,8,15,41.0,641.0,574.0,1.116725
GCprf{,8,16,40.0,660.0,600.0,1.1
GCprjk,8,15,43.0,684.0,602.0,1.136213
GCprm{,8,16,42.0,688.0,630.0,1.092063
GCprn[,8,16,40.0,663.0,600.0,1.105
GCprnk,8,16,41.0,682.0,615.0,1.108943
GCprno,8,15,41.0,643.0,574.0,1.120209
GCprnw,8,16,40.0,664.0,600.0,1.106667
GCprn{,8,17,39.0,684.0,624.0,1.096154
GCpurg,8,14,45.0,654.0,585.0,1.117949
GCpurk,8,15,43.0,666.0,602.0,1.106312
GCpuuo,8,14,46.0,654.0,598.0,1.093645
GCpuus,8,15,45.0,686.0,630.0,1.088889
GCpuuw,8,15,44.0,661.0,616.0,1.073052
GCpuu{,8,16,43.0,690.0,645.0,1.069767
GCpuvW,8,15,42.0,652.0,588.0,1.108844
GCpuv[,8,16,40.0,665.0,600.0,1.108333
GCpuvg,8,15,43.0,664.0,602.0,1.10299
GCpuvk,8,16,41.0,678.0,615.0,1.102439
GCpuvo,8,15,42.0,657.0,588.0,1.117347
GCpuvs,8,16,40.0,670.0,600.0,1.116667
GCpuvw,8,16,41.0,676.0,615.0,1.099187
GCpuv{,8,17,39.0,686.0,624.0,1.099359
GCpu}w,8,16,42.0,676.0,630.0,1.073016
GCpu}{,8,17,41.0,702.0,656.0,1.070122
GCpu~w,8,17,39.0,686.0,624.0,1.099359
GCpu~{,8,18,38.0,706.0,646.0,1.092879
GCpvRg,8,14,42.0,621.0,546.0,1.137363
GCpvRk,8,15,41.0,641.0,574.0,1.116725
GCpvRw,8,15,41.0,638.0,574.0,1.111498
GCpvR{,8,16,40.0,661.0,600.0,1.101667
GCpvTo,8,14,42.0,617.0,546.0,1.130037
GCpvTs,8,15,41.0,639.0,574.0,1.11324
GCpvTw,8,15,41.0,636.0,574.0,1.108014
GCpvT{,8,16,40.0,659.0,600.0,1.098333
GCpvUo,8,14,43.0,632.0,559.0,1.13059
GCpvUs,8,15,41.0,646.0,574.0,1.125436
GCpvUw,8,15,41.0,642.0,574.0,1.118467
GCpvU{,8,16,40.0,664.0,600.0,1.106667
GCpvVO,8,14,42.0,624.0,546.0,1.142857
GCpvVS,8,15,41.0,650.0,574.0,1.132404
GCpvVW,8,15,41.0,641.0,574.0,1.116725
GCpvV[,8,16,40.0,666.0,600.0,1.11
GCpvVg,8,15,41.0,639.0,574.0,1.11324
GCpvVk,8,16,40.0,662.0,600.0,1.103333
GCpvVo,8,15,41.0,641.0,574.0,1.116725
GCpvVs,8,16,40.0,663.0,600.0,1.105
GCpvVw,8,16,40.0,659.0,600.0,1.098333
GCpvV{,8,17,39.0,680.0,624.0,1.089744
GCpv\w,8,16,40.0,658.0,600.0,1.096667
GCpv\{,8,17,39.0,682.0,624.0,1.092949
GCpv]w,8,16,40.0,664.0,600.0,1.106667
GCpv]{,8,17,39.0,686.0,624.0,1.099359
GCpv^W,8,16,40.0,664.0,600.0,1.106667
GCpv^[,8,17,39.0,688.0,624.0,1.102564
GCpv^w,8,17,39.0,680.0,624.0,1.089744
GCpv^{,8,18,38.0,702.0,646.0,1.086687
GCpvbg,8,14,43.0,632.0,559.0,1.13059
GCpvbk,8,15,42.0,657.0,588.0,1.117347
GCpvbo,8,14,42.0,618.0,546.0,1.131868
GCpvbs,8,15,41.0,642.0,574.0,1.118467
GCpvbw,8,15,41.0,639.0,574.0,1.11324
GCpvb{,8,16,40.0,663.0,600.0,1.105
GCpvdo,8,14,42.0,617.0,546.0,1.130037
GCpvds,8,15,41.0,641.0,574.0,1.116725
GCpvdw,8,15,41.0,636.0,574.0,1.108014
GCpvd{,8,16,40.0,661.0,600.0,1.101667
GCpveo,8,14,44.0,641.0,572.0,1.120629
GCpves,8,15,42.0,657.0,588.0,1.117347
GCpvew,8,15,42.0,652.0,588.0,1.108844
GCpve{,8,16,41.0,676.0,615.0,1.099187
GCpvfO,8,14,42.0,618.0,546.0,1.131868
GCpvfS,8,15,41.0,641.0,574.0,1.116725
GCpvfW,8,15,41.0,637.0,574.0,1.109756
GCpvf[,8,16,40.0,661.0,600.0,1.101667
GCpvfc,8,15,42.0,656.0,588.0,1.115646
GCpvfg,8,15,42.0,653.0,588.0,1.110544
GCpvfk,8,16,41.0,678.0,615.0,1.102439
GCpvfo,8,15,41.0,642.0,574.0,1.118467
GCpvfs,8,16,40.0,665.0,600.0,1.108333
GCpvfw,8,16,40.0,660.0,600.0,1.1
GCpvf{,8,17,39.0,682.0,624.0,1.092949
GCpvjw,8,16,40.0,661.0,600.0,1.101667
GCpvj{,8,17,39.0,685.0,624.0,1.097756
GCpvlw,8,16,40.0,659.0,600.0,1.098333
GCpvl{,8,17,39.0,683.0,624.0,1.094551
GCpvmw,8,16,41.0,676.0,615.0,1.099187
GCpvm{,8,17,40.0,699.0,640.0,1.092188
GCpvnW,8,16,40.0,660.0,600.0,1.1
GCpvn[,8,17,39.0,684.0,624.0,1.096154
GCpvng,8,16,41.0,678.0,615.0,1.102439
GCpvnk,8,17,40.0,703.0,640.0,1.098437
GCpvnw,8,17,39.0,682.0,624.0,1.092949
GCpvn{,8,18,38.0,704.0,646.0,1.089783
GCpvuw,8,16,40.0,664.0,600.0,1.106667
GCpvu{,8,17,39.0,686.0,624.0,1.099359
GCpvvW,8,16,40.0,658.0,600.0,1.096667
GCpvv[,8,17,39.0,681.0,624.0,1.091346
GCpvvg,8,16,40.0,661.0,600.0,1.101667
GCpvvk,8,17,39.0,684.0,624.0,1.096154
GCpvvo,8,16,40.0,665.0,600.0,1.108333
GCpvvs,8,17,39.0,687.0,624.0,1.100962
GCpvvw,8,17,39.0,681.0,624.0,1.091346
GCpvv{,8,18,38.0,702.0,646.0,1.086687
GCpv~w,8,18,38.0,702.0,646.0,1.086687
GCpv~{,8,19,37.0,722.0,666.0,1.084084
GCqjb_,8,12,44.0,576.0,484.0,1.190083
GCqjbc,8,13,43.0,602.0,516.0,1.166667
GCqjfW,8,14,42.0,624.0,546.0,1.142857
GCqjf[,8,15,41.0,640.0,574.0,1.114983
GCqjf_,8,13,43.0,593.0,516.0,1.149225
GCqjfc,8,14,42.0,616.0,546.0,1.128205
GCqjfo,8,14,42.0,617.0,546.0,1.130037
GCqjfs,8,15,41.0,637.0,574.0,1.109756
GCqjfw,8,15,41.0,639.0,574.0,1.11324
GCqjf{,8,16,40.0,656.0,600.0,1.093333
GCqn]w,8,16,41.0,680.0,615.0,1.105691
GCqn]{,8,17,40.0,701.0,640.0,1.095312
GCqn^W,8,16,42.0,676.0,630.0,1.073016
GCqn^[,8,17,41.0,702.0,656.0,1.070122
GCqn^w,8,17,39.0,686.0,624.0,1.099359
GCqn^{,8,18,38.0,706.0,646.0,1.092879
GCqnbo,8,14,42.0,611.0,546.0,1.119048
GCqnbs,8,15,41.0,635.0,574.0,1.106272
GCqnbw,8,15,41.0,633.0,574.0,1.102787
GCqnb{,8,16,40.0,656.0,600.0,1.093333
GCqnew,8,15,41.0,641.0,574.0,1.116725
GCqne{,8,16,40.0,664.0,600.0,1.106667
GCqnfW,8,15,41.0,642.0,574.0,1.118467
GCqnf[,8,16,40.0,664.0,600.0,1.106667
GCqnf_,8,14,42.0,616.0,546.0,1.128205
GCqnfc,8,15,41.0,640.0,574.0,1.114983
GCqnfo,8,15,41.0,638.0,574.0,1.111498
GCqnfs,8,16,40.0,661.0,600.0,1.101667
GCqnfw,8,16,40.0,658.0,600.0,1.096667
GCqnf{,8,17,39.0,680.0,624.0,1.089744
GCqnuw,8,16,40.0,664.0,600.0,1.106667
GCqnu{,8,17,39.0,686.0,624.0,1.099359
GCqnvW,8,16,40.0,665.0,600.0,1.108333
GCqnv[,8,17,39.0,686.0,624.0,1.099359
GCqnvg,8,16,40.0,658.0,600.0,1.096667
GCqnvk,8,17,39.0,680.0,624.0,1.089744
GCqnvo,8,16,40.0,663.0,600.0,1.105
GCqnvs,8,17,39.0,685.0,624.0,1.097756
GCqnvw,8,17,39.0,681.0,624.0,1.091346
GCqnv{,8,18,38.0,702.0,646.0,1.086687
GCqn~w,8,18,38.0,702.0,646.0,1.086687
GCqn~{,8,19,37.0,722.0,666.0,1.084084
GCqrRk,8,14,42.0,622.0,546.0,1.139194
GCqrT[,8,14,45.0,655.0,585.0,1.119658
GCqrTg,8,13,47.0,652.0,564.0,1.156028
GCqrTk,8,14,44.0,645.0,572.0,1.127622
GCqrUo,8,13,46.0,633.0,552.0,1.146739
GCqrUw,8,14,43.0,639.0,559.0,1.143113
GCqrU{,8,15,41.0,646.0,574.0,1.125436
GCqrVO,8,13,46.0,627.0,552.0,1.13587
GCqrVS,8,14,45.0,656.0,585.0,1.121368
GCqrVW,8,14,44.0,641.0,572.0,1.120629
GCqrV[,8,15,43.0,666.0,602.0,1.106312
GCqrV_,8,13,45.0,615.0,540.0,1.138889
GCqrVc,8,14,43.0,630.0,559.0,1.127013
GCqrVg,8,14,43.0,633.0,559.0,1.132379
GCqrVk,8,15,41.0,643.0,574.0,1.120209
GCqrVo,8,14,44.0,641.0,572.0,1.120629
GCqrVw,8,15,42.0,654.0,588.0,1.112245
GCqrV{,8,16,40.0,662.0,600.0,1.103333
GCqr]{,8,16,40.0,666.0,600.0,1.11
GCqr^[,8,16,41.0,678.0,615.0,1.102439
GCqr^k,8,16,40.0,663.0,600.0,1.105
GCqr^o,8,15,41.0,637.0,574.0,1.109756
GCqr^w,8,16,40.0,660.0,600.0,1.1
GCqr^{,8,17,39.0,682.0,624.0,1.092949
GCqrbO,8,12,46.0,591.0,506.0,1.167984
GCqrbS,8,13,44.0,609.0,528.0,1.153409
GCqrbW,8,13,43.0,594.0,516.0,1.151163
GCqrb[,8,14,42.0,618.0,546.0,1.131868
GCqrbc,8,13,45.0,620.0,540.0,1.148148
GCqrbk,8,14,43.0,636.0,559.0,1.137746
GCqrbo,8,13,44.0,604.0,528.0,1.143939
GCqrbs,8,14,43.0,628.0,559.0,1.123435
GCqrbw,8,14,42.0,618.0,546.0,1.131868
GCqrb{,8,15,41.0,641.0,574.0,1.116725
GCqrdW,8,13,44.0,609.0,528.0,1.153409
GCqrd[,8,14,43.0,629.0,559.0,1.125224
GCqrdg,8,13,46.0,639.0,552.0,1.157609
GCqrdk,8,14,44.0,654.0,572.0,1.143357
GCqrdo,8,13,44.0,609.0,528.0,1.153409
GCqrds,8,14,43.0,629.0,559.0,1.125224
GCqrdw,8,14,43.0,636.0,559.0,1.137746
GCqrd{,8,15,42.0,655.0,588.0,1.113946
GCqreo,8,13,46.0,627.0,552.0,1.13587
GCqres,8,14,44.0,641.0,572.0,1.120629
GCqrew,8,14,43.0,632.0,559.0,1.13059
GCqre{,8,15,42.0,653.0,588.0,1.110544
GCqrfO,8,13,44.0,604.0,528.0,1.143939
GCqrfS,8,14,43.0,626.0,559.0,1.119857
GCqrfW,8,14,42.0,617.0,546.0,1.130037
GCqrf[,8,15,41.0,639.0,574.0,1.11324
GCqrfc,8,14,44.0,640.0,572.0,1.118881
GCqrfg,8,14,43.0,632.0,559.0,1.13059
GCqrfk,8,15,42.0,655.0,588.0,1.113946
GCqrfo,8,14,43.0,629.0,559.0,1.125224
GCqrfs,8,15,42.0,650.0,588.0,1.105442
GCqrfw,8,15,41.0,641.0,574.0,1.116725
GCqrf{,8,16,40.0,660.0,600.0,1.1
GCqrj[,8,15,41.0,641.0,574.0,1.116725
GCqrjg,8,14,43.0,634.0,559.0,1.134168
GCqrjk,8,15,42.0,661.0,588.0,1.12415
GCqrjw,8,15,41.0,640.0,574.0,1.114983
GCqrj{,8,16,40.0,663.0,600.0,1.105
GCqrlw,8,15,41.0,648.0,574.0,1.12892
GCqrl{,8,16,40.0,668.0,600.0,1.113333
GCqrmw,8,15,42.0,654.0,588.0,1.112245
GCqrm{,8,16,41.0,676.0,615.0,1.099187
GCqrnW,8,15,41.0,639.0,574.0,1.11324
GCqrn[,8,16,40.0,662.0,600.0,1.103333
GCqrng,8,15,42.0,655.0,588.0,1.113946
GCqrnk,8,16,41.0,680.0,615.0,1.105691
GCqrno,8,15,41.0,640.0,574.0,1.114983
GCqrns,8,16,40.0,662.0,600.0,1.103333
GCqrnw,8,16,40.0,661.0,600.0,1.101667
GCqrn{,8,17,39.0,682.0,624.0,1.092949
GCqrr[,8,15,41.0,640.0,574.0,1.114983
GCqrrg,8,14,42.0,618.0,546.0,1.131868
GCqrrk,8,15,41.0,641.0,574.0,1.116725
GCqrro,8,14,43.0,628.0,559.0,1.123435
GCqrrs,8,15,42.0,653.0,588.0,1.110544
GCqrrw,8,15,41.0,639.0,574.0,1.11324
GCqrr{,8,16,40.0,663.0,600.0,1.105
GCqrtw,8,15,42.0,655.0,588.0,1.113946
GCqrt{,8,16,41.0,678.0,615.0,1.102439
GCqruw,8,15,41.0,643.0,574.0,1.120209
GCqru{,8,16,40.0,666.0,600.0,1.11
GCqrvW,8,15,41.0,636.0,574.0,1.108014
GCqrv[,8,16,40.0,661.0,600.0,1.101667
GCqrvg,8,15,41.0,640.0,574.0,1.114983
GCqrvk,8,16,40.0,663.0,600.0,1.105
GCqrvo,8,15,42.0,651.0,588.0,1.107143
GCqrvs,8,16,41.0,675.0,615.0,1.097561
GCqrvw,8,16,40.0,660.0,600.0,1.1
GCqrv{,8,17,39.0,682.0,624.0,1.092949
GCqrzw,8,16,40.0,661.0,600.0,1.101667
GCqrz{,8,17,39.0,685.0,624.0,1.097756
GCqr~w,8,17,39.0,680.0,624.0,1.089744
GCqr~{,8,18,38.0,702.0,646.0,1.086687
GCqtZg,8,14,42.0,622.0,546.0,1.139194
GCqtZo,8,14,43.0,626.0,559.0,1.119857
GCqtZw,8,15,41.0,640.0,574.0,1.114983
GCqt\{,8,16,43.0,690.0,645.0,1.069767
GCqt]w,8,15,42.0,657.0,588.0,1.117347
GCqt^[,8,16,41.0,680.0,615.0,1.105691
GCqt^g,8,15,41.0,644.0,574.0,1.121951
GCqt^k,8,16,40.0,668.0,600.0,1.113333
GCqt^o,8,15,42.0,652.0,588.0,1.108844
GCqt^s,8,16,41.0,676.0,615.0,1.099187
GCqt^w,8,16,40.0,664.0,600.0,1.106667
GCqt^{,8,17,39.0,686.0,624.0,1.099359
GCqtbO,8,12,48.0,618.0,528.0,1.170455
GCqtbW,8,13,45.0,616.0,540.0,1.140741
GCqtb[,8,14,43.0,629.0,559.0,1.125224
GCqtbg,8,13,45.0,623.0,540.0,1.153704
GCqtbk,8,14,43.0,641.0,559.0,1.146691
GCqtbo,8,13,45.0,616.0,540.0,1.140741
GCqtbw,8,14,43.0,630.0,559.0,1.127013
GCqtb{,8,15,41.0,643.0,574.0,1.120209
GCqtd[,8,14,46.0,650.0,598.0,1.086957
GCqtdk,8,14,49.0,657.0,637.0,1.031397
GCqtdw,8,14,46.0,651.0,598.0,1.088629
GCqtd{,8,15,45.0,678.0,630.0,1.07619
GCqteo,8,13,49.0,659.0,588.0,1.120748
GCqtew,8,14,45.0,657.0,585.0,1.123077
GCqte{,8,15,43.0,669.0,602.0,1.111296
GCqtfO,8,13,46.0,628.0,552.0,1.137681
GCqtfW,8,14,44.0,641.0,572.0,1.120629
GCqtf[,8,15,42.0,655.0,588.0,1.113946
GCqtfg,8,14,44.0,648.0,572.0,1.132867
GCqtfk,8,15,42.0,663.0,588.0,1.127551
GCqtfo,8,14,44.0,644.0,572.0,1.125874
GCqtfw,8,15,42.0,656.0,588.0,1.115646
GCqtf{,8,16,40.0,666.0,600.0,1.11
GCqtj[,8,15,42.0,658.0,588.0,1.119048
GCqtjk,8,15,42.0,670.0,588.0,1.139456
GCqtjo,8,14,44.0,646.0,572.0,1.129371
GCqtjw,8,15,42.0,658.0,588.0,1.119048
GCqtj{,8,16,40.0,669.0,600.0,1.115
GCqtl[,8,15,45.0,682.0,630.0,1.08254
GCqtlk,8,15,48.0,692.0,672.0,1.029762
GCqtl{,8,16,44.0,708.0,660.0,1.072727
GCqtm{,8,16,42.0,695.0,630.0,1.103175
GCqtn[,8,16,41.0,682.0,615.0,1.108943
GCqtnk,8,16,41.0,690.0,615.0,1.121951
GCqtno,8,15,43.0,672.0,602.0,1.116279
GCqtnw,8,16,41.0,682.0,615.0,1.108943
GCqtn{,8,17,39.0,690.0,624.0,1.105769
GCqtr[,8,15,42.0,651.0,588.0,1.107143
GCqtrg,8,14,42.0,623.0,546.0,1.141026
GCqtrk,8,15,41.0,644.0,574.0,1.121951
GCqtro,8,14,43.0,630.0,559.0,1.127013
GCqtrs,8,15,42.0,654.0,588.0,1.112245
GCqtrw,8,15,41.0,641.0,574.0,1.116725
GCqtr{,8,16,40.0,664.0,600.0,1.106667
GCqtt[,8,15,44.0,661.0,616.0,1.073052
GCqttg,8,14,46.0,655.0,598.0,1.095318
GCqttk,8,15,45.0,682.0,630.0,1.08254
GCqtts,8,15,44.0,666.0,616.0,1.081169
GCqttw,8,15,44.0,662.0,616.0,1.074675
GCqtt{,8,16,43.0,690.0,645.0,1.069767
GCqtuw,8,15,42.0,657.0,588.0,1.117347
GCqtu{,8,16,41.0,680.0,615.0,1.105691
GCqtvW,8,15,42.0,652.0,588.0,1.108844
GCqtv[,8,16,41.0,676.0,615.0,1.099187
GCqtvg,8,15,41.0,645.0,574.0,1.123693
GCqtvk,8,16,40.0,668.0,600.0,1.113333
GCqtvo,8,15,42.0,656.0,588.0,1.115646
GCqtvs,8,16,41.0,679.0,615.0,1.104065
GCqtvw,8,16,40.0,665.0,600.0,1.108333
GCqtv{,8,17,39.0,686.0,624.0,1.099359
GCqtzw,8,16,40.0,666.0,600.0,1.11
GCqtz{,8,17,39.0,688.0,624.0,1.102564
GCqt|w,8,16,43.0,690.0,645.0,1.069767
GCqt|{,8,17,42.0,717.0,672.0,1.066964
GCqt~w,8,17,39.0,688.0,624.0,1.102564
GCqt~{,8,18,38.0,708.0,646.0,1.095975
GCqurW,8,14,43.0,630.0,559.0,1.127013
GCqur[,8,15,41.0,644.0,574.0,1.121951
GCqurg,8,14,44.0,642.0,572.0,1.122378
GCqurk,8,15,42.0,655.0,588.0,1.113946
GCquro,8,14,44.0,642.0,572.0,1.122378
GCqurs,8,15,42.0,658.0,588.0,1.119048
GCqurw,8,15,42.0,653.0,588.0,1.110544
GCqur{,8,16,40.0,666.0,600.0,1.11
GCqutg,8,14,48.0,693.0,624.0,1.110577
GCqutk,8,15,44.0,686.0,616.0,1.113636
GCquto,8,14,45.0,657.0,585.0,1.123077
GCquts,8,15,43.0,671.0,602.0,1.114618
GCqutw,8,15,44.0,684.0,616.0,1.11039
GCqut{,8,16,42.0,695.0,630.0,1.103175
GCquuo,8,14,48.0,673.0,624.0,1.078526
GCquus,8,15,47.0,707.0,658.0,1.074468
GCquuw,8,15,44.0,665.0,616.0,1.079545
GCquu{,8,16,43.0,694.0,645.0,1.075969
GCquvW,8,15,42.0,655.0,588.0,1.113946
GCquv[,8,16,40.0,668.0,600.0,1.113333
GCquvg,8,15,43.0,668.0,602.0,1.109635
GCquvk,8,16,41.0,680.0,615.0,1.105691
GCquvo,8,15,43.0,669.0,602.0,1.111296
GCquvs,8,16,41.0,683.0,615.0,1.110569
GCquvw,8,16,41.0,678.0,615.0,1.102439
GCquv{,8,17,39.0,688.0,624.0,1.102564
GCquzw,8,16,40.0,664.0,600.0,1.106667
GCquz{,8,17,39.0,686.0,624.0,1.099359
GCqu|w,8,16,41.0,682.0,615.0,1.108943
GCqu|{,8,17,40.0,703.0,640.0,1.098437
GCqu}w,8,16,42.0,676.0,630.0,1.073016
GCqu}{,8,17,41.0,702.0,656.0,1.070122
GCqu~w,8,17,39.0,686.0,624.0,1.099359
GCqu~{,8,18,38.0,706.0,646.0,1.092879
GCqvRW,8,14,43.0,627.0,559.0,1.121646
GCqvR[,8,15,42.0,655.0,588.0,1.113946
GCqvRg,8,14,42.0,618.0,546.0,1.131868
GCqvRk,8,15,41.0,640.0,574.0,1.114983
GCqvRo,8,14,43.0,626.0,559.0,1.119857
GCqvRs,8,15,42.0,651.0,588.0,1.107143
GCqvRw,8,15,41.0,637.0,574.0,1.109756
GCqvR{,8,16,40.0,660.0,600.0,1.1
GCqvT[,8,15,43.0,669.0,602.0,1.111296
GCqvTg,8,14,45.0,659.0,585.0,1.126496
GCqvTk,8,15,43.0,670.0,602.0,1.112957
GCqvTo,8,14,44.0,641.0,572.0,1.120629
GCqvTs,8,15,43.0,665.0,602.0,1.104651
GCqvTw,8,15,43.0,667.0,602.0,1.107973
GCqvT{,8,16,42.0,690.0,630.0,1.095238
GCqvUo,8,14,44.0,645.0,572.0,1.127622
GCqvUs,8,15,42.0,660.0,588.0,1.122449
GCqvUw,8,15,41.0,646.0,574.0,1.125436
GCqvU{,8,16,40.0,668.0,600.0,1.113333
GCqvVO,8,14,44.0,644.0,572.0,1.125874
GCqvVS,8,15,43.0,672.0,602.0,1.116279
GCqvVW,8,15,42.0,654.0,588.0,1.112245
GCqvV[,8,16,41.0,680.0,615.0,1.105691
GCqvVg,8,15,41.0,644.0,574.0,1.121951
GCqvVk,8,16,40.0,666.0,600.0,1.11
GCqvVo,8,15,42.0,654.0,588.0,1.112245
GCqvVs,8,16,41.0,677.0,615.0,1.100813
GCqvVw,8,16,40.0,663.0,600.0,1.105
GCqvV{,8,17,39.0,684.0,624.0,1.096154
GCqvZw,8,16,40.0,658.0,600.0,1.096667
GCqvZ{,8,17,39.0,682.0,624.0,1.092949
GCqv\w,8,16,41.0,678.0,615.0,1.102439
GCqv\{,8,17,40.0,701.0,640.0,1.095312
GCqv]w,8,16,40.0,666.0,600.0,1.11
GCqv]{,8,17,39.0,688.0,624.0,1.102564
GCqv^W,8,16,41.0,676.0,615.0,1.099187
GCqv^[,8,17,40.0,701.0,640.0,1.095312
GCqv^w,8,17,39.0,682.0,624.0,1.092949
GCqv^{,8,18,38.0,704.0,646.0,1.089783
GCqvbW,8,14,42.0,615.0,546.0,1.126374
GCqvb[,8,15,41.0,639.0,574.0,1.11324
GCqvbg,8,14,43.0,629.0,559.0,1.125224
GCqvbk,8,15,42.0,655.0,588.0,1.113946
GCqvbo,8,14,43.0,626.0,559.0,1.119857
GCqvbs,8,15,42.0,651.0,588.0,1.107143
GCqvbw,8,15,41.0,637.0,574.0,1.109756
GCqvb{,8,16,40.0,661.0,600.0,1.101667
GCqvd[,8,15,42.0,655.0,588.0,1.113946
GCqvdg,8,14,45.0,662.0,585.0,1.131624
GCqvdk,8,15,43.0,677.0,602.0,1.124585
GCqvdo,8,14,43.0,631.0,559.0,1.128801
GCqvds,8,15,42.0,656.0,588.0,1.115646
GCqvdw,8,15,42.0,656.0,588.0,1.115646
GCqvd{,8,16,41.0,680.0,615.0,1.105691
GCqveo,8,14,45.0,653.0,585.0,1.116239
GCqves,8,15,43.0,669.0,602.0,1.111296
GCqvew,8,15,42.0,654.0,588.0,1.112245
GCqve{,8,16,41.0,678.0,615.0,1.102439
GCqvfO,8,14,43.0,630.0,559.0,1.127013
GCqvfS,8,15,42.0,654.0,588.0,1.112245
GCqvfW,8,15,41.0,640.0,574.0,1.114983
GCqvf[,8,16,40.0,664.0,600.0,1.106667
GCqvfc,8,15,43.0,668.0,602.0,1.109635
GCqvfg,8,15,42.0,656.0,588.0,1.115646
GCqvfk,8,16,41.0,680.0,615.0,1.105691
GCqvfo,8,15,42.0,653.0,588.0,1.110544
GCqvfs,8,16,41.0,677.0,615.0,1.100813
GCqvfw,8,16,40.0,662.0,600.0,1.103333
GCqvf{,8,17,39.0,684.0,624.0,1.096154
GCqvjw,8,16,40.0,660.0,600.0,1.1
GCqvj{,8,17,39.0,683.0,624.0,1.094551
GCqvlw,8,16,40.0,668.0,600.0,1.113333
GCqvl{,8,17,39.0,690.0,624.0,1.105769
GCqvmw,8,16,41.0,677.0,615.0,1.100813
GCqvm{,8,17,40.0,699.0,640.0,1.092188
GCqvnW,8,16,40.0,663.0,600.0,1.105
GCqvn[,8,17,39.0,686.0,624.0,1.099359
GCqvng,8,16,41.0,680.0,615.0,1.105691
GCqvnk,8,17,40.0,703.0,640.0,1.098437
GCqvnw,8,17,39.0,683.0,624.0,1.094551
GCqvn{,8,18,38.0,704.0,646.0,1.089783
GCqvrw,8,16,40.0,659.0,600.0,1.098333
GCqvr{,8,17,39.0,682.0,624.0,1.092949
GCqvtw,8,16,41.0,679.0,615.0,1.104065
GCqvt{,8,17,40.0,701.0,640.0,1.095312
GCqvuw,8,16,40.0,666.0,600.0,1.11
GCqvu{,8,17,39.0,688.0,624.0,1.102564
GCqvvW,8,16,40.0,661.0,600.0,1.101667
GCqvv[,8,17,39.0,684.0,624.0,1.096154
GCqvvg,8,16,40.0,664.0,600.0,1.106667
GCqvvk,8,17,39.0,686.0,624.0,1.099359
GCqvvo,8,16,41.0,677.0,615.0,1.100813
GCqvvs,8,17,40.0,700.0,640.0,1.09375
GCqvvw,8,17,39.0,683.0,624.0,1.094551
GCqvv{,8,18,38.0,704.0,646.0,1.089783
GCqv~w,8,18,38.0,702.0,646.0,1.086687
GCqv~{,8,19,37.0,722.0,666.0,1.084084
GCrJZW,8,14,48.0,671.0,624.0,1.075321
GCrJZ[,8,15,47.0,703.0,658.0,1.068389
GCrJZw,8,15,43.0,670.0,602.0,1.112957
GCrJZ{,8,16,41.0,681.0,615.0,1.107317
GCrJ\w,8,15,43.0,669.0,602.0,1.111296
GCrJ\{,8,16,41.0,680.0,615.0,1.105691
GCrJ]w,8,15,46.0,692.0,644.0,1.074534
GCrJ]{,8,16,42.0,682.0,630.0,1.08254
GCrJ^W,8,15,44.0,667.0,616.0,1.082792
GCrJ^[,8,16,43.0,694.0,645.0,1.075969
GCrJ^o,8,15,42.0,658.0,588.0,1.119048
GCrJ^s,8,16,40.0,668.0,600.0,1.113333
GCrJ^w,8,16,41.0,681.0,615.0,1.107317
GCrJ^{,8,17,39.0,688.0,624.0,1.102564
GCrJbW,8,13,45.0,625.0,540.0,1.157407
GCrJb[,8,14,43.0,637.0,559.0,1.139535
GCrJb_,8,12,47.0,603.0,517.0,1.166344
GCrJbc,8,13,46.0,632.0,552.0,1.144928
GCrJbo,8,13,45.0,614.0,540.0,1.137037
GCrJbs,8,14,44.0,639.0,572.0,1.117133
GCrJbw,8,14,43.0,632.0,559.0,1.13059
GCrJb{,8,15,42.0,652.0,588.0,1.108844
GCrJcw,8,13,47.0,634.0,564.0,1.124113
GCrJc{,8,14,45.0,634.0,585.0,1.083761
GCrJdW,8,13,43.0,608.0,516.0,1.178295
GCrJd[,8,14,42.0,621.0,546.0,1.137363
GCrJdo,8,13,44.0,608.0,528.0,1.151515
GCrJds,8,14,43.0,629.0,559.0,1.125224
GCrJdw,8,14,42.0,623.0,546.0,1.141026
GCrJd{,8,15,41.0,641.0,574.0,1.116725
GCrJeW,8,13,47.0,642.0,564.0,1.138298
GCrJe[,8,14,45.0,639.0,585.0,1.092308
GCrJew,8,14,46.0,658.0,598.0,1.100334
GCrJe{,8,15,44.0,661.0,616.0,1.073052
GCrJfW,8,14,42.0,631.0,546.0,1.155678
GCrJf[,8,15,41.0,646.0,574.0,1.125436
GCrJf_,8,13,45.0,615.0,540.0,1.138889
GCrJfc,8,14,44.0,640.0,572.0,1.118881
GCrJfo,8,14,43.0,632.0,559.0,1.13059
GCrJfs,8,15,42.0,653.0,588.0,1.110544
GCrJfw,8,15,41.0,646.0,574.0,1.125436
GCrJf{,8,16,40.0,662.0,600.0,1.103333
GCrJrW,8,14,44.0,644.0,572.0,1.125874
GCrJr[,8,15,42.0,658.0,588.0,1.119048
GCrJrg,8,14,43.0,625.0,559.0,1.118068
GCrJrk,8,15,42.0,650.0,588.0,1.105442
GCrJro,8,14,44.0,637.0,572.0,1.113636
GCrJrs,8,15,43.0,663.0,602.0,1.101329
GCrJrw,8,15,42.0,652.0,588.0,1.108844
GCrJr{,8,16,41.0,675.0,615.0,1.097561
GCrJtw,8,15,41.0,641.0,574.0,1.116725
GCrJt{,8,16,40.0,664.0,600.0,1.106667
GCrJuw,8,15,44.0,663.0,616.0,1.076299
GCrJu{,8,16,42.0,676.0,630.0,1.073016
GCrJvW,8,15,41.0,646.0,574.0,1.125436
GCrJv[,8,16,40.0,668.0,600.0,1.113333
GCrJvg,8,15,41.0,639.0,574.0,1.11324
GCrJvk,8,16,40.0,662.0,600.0,1.103333
GCrJvo,8,15,42.0,652.0,588.0,1.108844
GCrJvs,8,16,41.0,676.0,615.0,1.099187
GCrJvw,8,16,40.0,663.0,600.0,1.105
GCrJv{,8,17,39.0,684.0,624.0,1.096154
GCrJzw,8,16,41.0,677.0,615.0,1.100813
GCrJz{,8,17,40.0,698.0,640.0,1.090625
GCrJ~w,8,17,39.0,685.0,624.0,1.097756
GCrJ~{,8,18,38.0,704.0,646.0,1.089783
GCrK}{,8,16,26.0,434.0,390.0,1.112821
GCrK~[,8,16,42.0,678.0,630.0,1.07619
GCrK~o,8,15,43.0,650.0,602.0,1.079734
GCrK~w,8,16,41.0,664.0,615.0,1.079675
GCrK~{,8,17,39.0,674.0,624.0,1.080128
GCrLZo,8,14,42.0,620.0,546.0,1.135531
GCrLZw,8,15,41.0,644.0,574.0,1.121951
GCrL\[,8,15,44.0,663.0,616.0,1.076299
GCrL\{,8,16,42.0,690.0,630.0,1.095238
GCrL]w,8,15,44.0,667.0,616.0,1.082792
GCrL^[,8,16,42.0,678.0,630.0,1.07619
GCrL^o,8,15,41.0,644.0,574.0,1.121951
GCrL^s,8,16,40.0,666.0,600.0,1.11
GCrL^w,8,16,40.0,666.0,600.0,1.11
GCrL^{,8,17,39.0,686.0,624.0,1.099359
GCrLbW,8,13,46.0,638.0,552.0,1.155797
GCrLb[,8,14,43.0,634.0,559.0,1.134168
GCrLb_,8,12,47.0,603.0,517.0,1.166344
GCrLbc,8,13,45.0,621.0,540.0,1.15
GCrLbo,8,13,45.0,616.0,540.0,1.140741
GCrLbs,8,14,43.0,630.0,559.0,1.127013
GCrLbw,8,14,43.0,634.0,559.0,1.134168
GCrLb{,8,15,41.0,642.0,574.0,1.118467
GCrLc{,8,14,48.0,671.0,624.0,1.075321
GCrLd[,8,14,45.0,656.0,585.0,1.121368
GCrLd_,8,12,51.0,643.0,561.0,1.146168
GCrLdc,8,13,50.0,680.0,600.0,1.133333
GCrLdo,8,13,47.0,640.0,564.0,1.134752
GCrLds,8,14,46.0,669.0,598.0,1.118729
GCrLdw,8,14,45.0,656.0,585.0,1.121368
GCrLd{,8,15,44.0,680.0,616.0,1.103896
GCrLeW,8,13,50.0,667.0,600.0,1.111667
GCrLe[,8,14,46.0,652.0,598.0,1.090301
GCrLew,8,14,48.0,679.0,624.0,1.088141
GCrLe{,8,15,44.0,667.0,616.0,1.082792
GCrLfW,8,14,44.0,652.0,572.0,1.13986
GCrLf[,8,15,42.0,659.0,588.0,1.120748
GCrLf_,8,13,46.0,628.0,552.0,1.137681
GCrLfc,8,14,44.0,646.0,572.0,1.129371
GCrLfo,8,14,44.0,645.0,572.0,1.127622
GCrLfs,8,15,42.0,657.0,588.0,1.117347
GCrLfw,8,15,42.0,660.0,588.0,1.122449
GCrLf{,8,16,40.0,666.0,600.0,1.11
GCrLrW,8,14,44.0,645.0,572.0,1.127622
GCrLr[,8,15,42.0,657.0,588.0,1.117347
GCrLrg,8,14,42.0,617.0,546.0,1.130037
GCrLrk,8,15,41.0,640.0,574.0,1.114983
GCrLro,8,14,43.0,629.0,559.0,1.125224
GCrLrs,8,15,42.0,653.0,588.0,1.110544
GCrLrw,8,15,41.0,643.0,574.0,1.120209
GCrLr{,8,16,40.0,664.0,600.0,1.106667
GCrLs{,8,15,44.0,667.0,616.0,1.082792
GCrLt[,8,15,43.0,668.0,602.0,1.109635
GCrLtg,8,14,44.0,640.0,572.0,1.118881
GCrLtk,8,15,43.0,668.0,602.0,1.109635
GCrLto,8,14,45.0,653.0,585.0,1.116239
GCrLts,8,15,44.0,682.0,616.0,1.107143
GCrLtw,8,15,43.0,666.0,602.0,1.106312
GCrLt{,8,16,42.0,692.0,630.0,1.098413
GCrLuw,8,15,44.0,667.0,616.0,1.082792
GCrLu{,8,16,42.0,678.0,630.0,1.07619
GCrLvW,8,15,42.0,659.0,588.0,1.120748
GCrLv[,8,16,41.0,680.0,615.0,1.105691
GCrLvg,8,15,41.0,642.0,574.0,1.118467
GCrLvk,8,16,40.0,664.0,600.0,1.106667
GCrLvo,8,15,42.0,655.0,588.0,1.113946
GCrLvs,8,16,41.0,678.0,615.0,1.102439
GCrLvw,8,16,40.0,666.0,600.0,1.11
GCrLv{,8,17,39.0,686.0,624.0,1.099359
GCrLzw,8,16,40.0,665.0,600.0,1.108333
GCrLz{,8,17,39.0,686.0,624.0,1.099359
GCrL|w,8,16,42.0,690.0,630.0,1.095238
GCrL|{,8,17,41.0,714.0,656.0,1.088415
GCrL~w,8,17,39.0,686.0,624.0,1.099359
GCrL~{,8,18,38.0,706.0,646.0,1.092879
GCrMZ[,8,15,46.0,677.0,644.0,1.051242
GCrMZw,8,15,43.0,655.0,602.0,1.08804
GCrMZ{,8,16,41.0,667.0,615.0,1.084553
GCrM[{,8,15,28.0,435.0,392.0,1.109694
GCrM\[,8,15,44.0,652.0,616.0,1.058442
GCrM\w,8,15,44.0,665.0,616.0,1.079545
GCrM\{,8,16,42.0,678.0,630.0,1.07619
GCrM][,8,15,28.0,426.0,392.0,1.086735
GCrM]{,8,16,26.0,434.0,390.0,1.112821
GCrM^[,8,16,42.0,667.0,630.0,1.05873
GCrM^w,8,16,41.0,666.0,615.0,1.082927
GCrM^{,8,17,39.0,674.0,624.0,1.080128
GCrMzw,8,16,42.0,678.0,630.0,1.07619
GCrMz{,8,17,40.0,687.0,640.0,1.073438
GCrM|w,8,16,42.0,678.0,630.0,1.07619
GCrM|{,8,17,40.0,689.0,640.0,1.076563
GCrM}w,8,16,26.0,432.0,390.0,1.107692
GCrM}{,8,17,25.0,442.0,400.0,1.105
GCrM~w,8,17,40.0,687.0,640.0,1.073438
GCrM~{,8,18,38.0,694.0,646.0,1.074303
GCrNZw,8,16,40.0,668.0,600.0,1.113333
GCrNZ{,8,17,39.0,688.0,624.0,1.102564
GCrN\w,8,16,41.0,680.0,615.0,1.105691
GCrN\{,8,17,40.0,701.0,640.0,1.095312
GCrN]w,8,16,42.0,682.0,630.0,1.08254
GCrN]{,8,17,40.0,689.0,640.0,1.076563
GCrN^W,8,16,42.0,678.0,630.0,1.07619
GCrN^[,8,17,41.0,702.0,656.0,1.070122
GCrN^w,8,17,39.0,688.0,624.0,1.102564
GCrN^{,8,18,38.0,706.0,646.0,1.092879
GCrNbW,8,14,43.0,634.0,559.0,1.134168
GCrNb[,8,15,41.0,646.0,574.0,1.125436
GCrNbo,8,14,43.0,626.0,559.0,1.119857
GCrNbs,8,15,42.0,651.0,588.0,1.107143
GCrNbw,8,15,41.0,640.0,574.0,1.114983
GCrNb{,8,16,40.0,662.0,600.0,1.103333
GCrNc{,8,15,43.0,652.0,602.0,1.083056
GCrNd[,8,15,41.0,645.0,574.0,1.123693
GCrNdo,8,14,43.0,629.0,559.0,1.125224
GCrNds,8,15,42.0,654.0,588.0,1.112245
GCrNdw,8,15,41.0,641.0,574.0,1.116725
GCrNd{,8,16,40.0,665.0,600.0,1.108333
GCrNeW,8,14,45.0,640.0,585.0,1.094017
GCrNe[,8,15,43.0,654.0,602.0,1.086379
GCrNew,8,15,44.0,663.0,616.0,1.076299
GCrNe{,8,16,42.0,676.0,630.0,1.073016
GCrNfW,8,15,41.0,647.0,574.0,1.127178
GCrNf[,8,16,40.0,668.0,600.0,1.113333
GCrNf_,8,14,44.0,638.0,572.0,1.115385
GCrNfc,8,15,43.0,664.0,602.0,1.10299
GCrNfo,8,15,42.0,652.0,588.0,1.108844
GCrNfs,8,16,41.0,676.0,615.0,1.099187
GCrNfw,8,16,40.0,663.0,600.0,1.105
GCrNf{,8,17,39.0,684.0,624.0,1.096154
GCrNrw,8,16,40.0,663.0,600.0,1.105
GCrNr{,8,17,39.0,684.0,624.0,1.096154
GCrNtw,8,16,40.0,664.0,600.0,1.106667
GCrNt{,8,17,39.0,686.0,624.0,1.099359
GCrNuw,8,16,42.0,676.0,630.0,1.073016
GCrNu{,8,17,40.0,687.0,640.0,1.073438
GCrNvW,8,16,40.0,668.0,600.0,1.113333
GCrNv[,8,17,39.0,688.0,624.0,1.102564
GCrNvg,8,16,40.0,662.0,600.0,1.103333
GCrNvk,8,17,39.0,684.0,624.0,1.096154
GCrNvo,8,16,41.0,676.0,615.0,1.099187
GCrNvs,8,17,40.0,699.0,640.0,1.092188
GCrNvw,8,17,39.0,684.0,624.0,1.096154
GCrNv{,8,18,38.0,704.0,646.0,1.089783
GCrN~w,8,18,38.0,704.0,646.0,1.089783
GCrN~{,8,19,37.0,722.0,666.0,1.084084
GCrQuw,8,14,28.0,407.0,364.0,1.118132
GCrQu{,8,15,27.0,420.0,378.0,1.111111
GCrQvW,8,14,44.0,619.0,572.0,1.082168
GCrQvg,8,14,44.0,620.0,572.0,1.083916
GCrQvw,8,15,42.0,636.0,588.0,1.081633
GCrQv{,8,16,40.0,648.0,600.0,1.08
GCrRQs,8,13,46.0,612.0,552.0,1.108696
GCrRRO,8,12,50.0,630.0,550.0,1.145455
GCrRRS,8,13,49.0,666.0,588.0,1.132653
GCrRRo,8,13,46.0,624.0,552.0,1.130435
GCrRRs,8,14,44.0,642.0,572.0,1.122378
GCrRTg,8,13,44.0,616.0,528.0,1.166667
GCrRTk,8,14,42.0,620.0,546.0,1.135531
GCrRTo,8,13,45.0,616.0,540.0,1.140741
GCrRTs,8,14,43.0,629.0,559.0,1.125224
GCrRU[,8,14,47.0,661.0,611.0,1.081833
GCrRUg,8,13,49.0,648.0,588.0,1.102041
GCrRUk,8,14,45.0,637.0,585.0,1.088889
GCrRUs,8,14,45.0,639.0,585.0,1.092308
GCrRUw,8,14,48.0,677.0,624.0,1.084936
GCrRU{,8,15,44.0,665.0,616.0,1.079545
GCrRVO,8,13,46.0,629.0,552.0,1.139493
GCrRVS,8,14,45.0,658.0,585.0,1.124786
GCrRVW,8,14,44.0,645.0,572.0,1.127622
GCrRV[,8,15,43.0,669.0,602.0,1.111296
GCrRVg,8,14,43.0,634.0,559.0,1.134168
GCrRVk,8,15,41.0,643.0,574.0,1.120209
GCrRVo,8,14,44.0,642.0,572.0,1.122378
GCrRVs,8,15,42.0,654.0,588.0,1.112245
GCrRVw,8,15,42.0,658.0,588.0,1.119048
GCrRV{,8,16,40.0,664.0,600.0,1.106667
GCrRro,8,14,44.0,636.0,572.0,1.111888
GCrRrs,8,15,43.0,662.0,602.0,1.099668
GCrRuw,8,15,44.0,663.0,616.0,1.076299
GCrRu{,8,16,42.0,676.0,630.0,1.073016
GCrRvW,8,15,41.0,639.0,574.0,1.11324
GCrRv[,8,16,40.0,663.0,600.0,1.105
GCrRvg,8,15,41.0,640.0,574.0,1.114983
GCrRvk,8,16,40.0,663.0,600.0,1.105
GCrRvo,8,15,42.0,651.0,588.0,1.107143
GCrRvs,8,16,41.0,675.0,615.0,1.097561
GCrRvw,8,16,40.0,663.0,600.0,1.105
GCrRv{,8,17,39.0,684.0,624.0,1.096154
GCrTjo,8,14,42.0,619.0,546.0,1.1337
GCrTjs,8,15,41.0,640.0,574.0,1.114983
GCrTlg,8,14,44.0,649.0,572.0,1.134615
GCrTlk,8,15,43.0,677.0,602.0,1.124585
GCrTmw,8,15,44.0,669.0,616.0,1.086039
GCrTm{,8,16,42.0,676.0,630.0,1.073016
GCrTnW,8,15,41.0,646.0,574.0,1.125436
GCrTn[,8,16,40.0,666.0,600.0,1.11
GCrTng,8,15,42.0,657.0,588.0,1.117347
GCrTnk,8,16,41.0,680.0,615.0,1.105691
GCrTno,8,15,41.0,643.0,574.0,1.120209
GCrTns,8,16,40.0,663.0,600.0,1.105
GCrTnw,8,16,40.0,666.0,600.0,1.11
GCrTn{,8,17,39.0,684.0,624.0,1.096154
GCrTrg,8,14,42.0,617.0,546.0,1.130037
GCrTrk,8,15,41.0,639.0,574.0,1.11324
GCrTro,8,14,43.0,626.0,559.0,1.119857
GCrTrs,8,15,42.0,650.0,588.0,1.105442
GCrTrw,8,15,41.0,640.0,574.0,1.114983
GCrTr{,8,16,40.0,662.0,600.0,1.103333
GCrTtg,8,14,43.0,632.0,559.0,1.13059
GCrTtk,8,15,42.0,657.0,588.0,1.117347
GCrTto,8,14,44.0,641.0,572.0,1.120629
GCrTts,8,15,43.0,669.0,602.0,1.111296
GCrTtw,8,15,42.0,655.0,588.0,1.113946
GCrTt{,8,16,41.0,680.0,615.0,1.105691
GCrTuw,8,15,44.0,665.0,616.0,1.079545
GCrTu{,8,16,42.0,676.0,630.0,1.073016
GCrTvW,8,15,41.0,642.0,574.0,1.118467
GCrTv[,8,16,40.0,664.0,600.0,1.106667
GCrTvg,8,15,41.0,641.0,574.0,1.116725
GCrTvk,8,16,40.0,663.0,600.0,1.105
GCrTvo,8,15,42.0,652.0,588.0,1.108844
GCrTvs,8,16,41.0,675.0,615.0,1.097561
GCrTvw,8,16,40.0,664.0,600.0,1.106667
GCrTv{,8,17,39.0,684.0,624.0,1.096154
GCrUZo,8,14,45.0,632.0,585.0,1.080342
GCrUZs,8,15,43.0,650.0,602.0,1.079734
GCrU\g,8,14,45.0,642.0,585.0,1.097436
GCrU\k,8,15,43.0,652.0,602.0,1.083056
GCrU\o,8,14,45.0,636.0,585.0,1.087179
GCrU\s,8,15,43.0,650.0,602.0,1.079734
GCrU][,8,15,27.0,424.0,378.0,1.121693
GCrU]w,8,15,27.0,420.0,378.0,1.111111
GCrU]{,8,16,26.0,432.0,390.0,1.107692
GCrU^[,8,16,41.0,666.0,615.0,1.082927
GCrU^g,8,15,43.0,650.0,602.0,1.079734
GCrU^k,8,16,41.0,664.0,615.0,1.079675
GCrU^o,8,15,43.0,648.0,602.0,1.076412
GCrU^s,8,16,41.0,662.0,615.0,1.076423
GCrU^w,8,16,41.0,662.0,615.0,1.076423
GCrU^{,8,17,39.0,672.0,624.0,1.076923
GCrUjk,8,15,43.0,656.0,602.0,1.089701
GCrUjo,8,14,45.0,633.0,585.0,1.082051
GCrUjw,8,15,43.0,649.0,602.0,1.078073
GCrUj{,8,16,41.0,663.0,615.0,1.078049
GCrUk{,8,15,27.0,421.0,378.0,1.113757
GCrUlk,8,15,43.0,656.0,602.0,1.089701
GCrUlo,8,14,45.0,635.0,585.0,1.08547
GCrUlw,8,15,43.0,649.0,602.0,1.078073
GCrUl{,8,16,41.0,663.0,615.0,1.078049
GCrUm[,8,15,27.0,422.0,378.0,1.116402
GCrUmk,8,15,27.0,424.0,378.0,1.121693
GCrUm{,8,16,26.0,432.0,390.0,1.107692
GCrUn[,8,16,41.0,664.0,615.0,1.079675
GCrUnk,8,16,41.0,666.0,615.0,1.082927
GCrUno,8,15,43.0,648.0,602.0,1.076412
GCrUnw,8,16,41.0,662.0,615.0,1.076423
GCrUn{,8,17,39.0,672.0,624.0,1.076923
GCrUqw,8,14,28.0,406.0,364.0,1.115385
GCrUrw,8,15,43.0,648.0,602.0,1.076412
GCrUts,8,15,43.0,649.0,602.0,1.078073
GCrUtw,8,15,43.0,649.0,602.0,1.078073
GCrUuk,8,15,27.0,420.0,378.0,1.111111
GCrUus,8,15,27.0,421.0,378.0,1.113757
GCrUuw,8,15,27.0,420.0,378.0,1.111111
GCrUu{,8,16,26.0,432.0,390.0,1.107692
GCrUvW,8,15,43.0,648.0,602.0,1.076412
GCrUvk,8,16,41.0,662.0,615.0,1.076423
GCrUvs,8,16,41.0,663.0,615.0,1.078049
GCrUvw,8,16,41.0,662.0,615.0,1.076423
GCrUv{,8,17,39.0,672.0,624.0,1.076923
GCrU}w,8,16,26.0,432.0,390.0,1.107692
GCrU}{,8,17,25.0,442.0,400.0,1.105
GCrU~w,8,17,40.0,687.0,640.0,1.073438
GCrU~{,8,18,38.0,694.0,646.0,1.074303
GCrVQw,8,14,45.0,634.0,585.0,1.083761
GCrVQ{,8,15,43.0,648.0,602.0,1.076412
GCrVRW,8,14,43.0,630.0,559.0,1.127013
GCrVR[,8,15,42.0,657.0,588.0,1.117347
GCrVRg,8,14,42.0,618.0,546.0,1.131868
GCrVRk,8,15,41.0,640.0,574.0,1.114983
GCrVRo,8,14,43.0,626.0,559.0,1.119857
GCrVRs,8,15,42.0,651.0,588.0,1.107143
GCrVRw,8,15,41.0,640.0,574.0,1.114983
GCrVR{,8,16,40.0,662.0,600.0,1.103333
GCrVS{,8,15,43.0,651.0,602.0,1.081395
GCrVTg,8,14,42.0,623.0,546.0,1.141026
GCrVTk,8,15,41.0,643.0,574.0,1.120209
GCrVTo,8,14,43.0,629.0,559.0,1.125224
GCrVTs,8,15,42.0,652.0,588.0,1.108844
GCrVTw,8,15,41.0,643.0,574.0,1.120209
GCrVT{,8,16,40.0,665.0,600.0,1.108333
GCrVU[,8,15,43.0,656.0,602.0,1.089701
GCrVUg,8,14,45.0,636.0,585.0,1.087179
GCrVUk,8,15,43.0,650.0,602.0,1.079734
GCrVUs,8,15,43.0,649.0,602.0,1.078073
GCrVUw,8,15,44.0,665.0,616.0,1.079545
GCrVU{,8,16,42.0,676.0,630.0,1.073016
GCrVVO,8,14,44.0,642.0,572.0,1.122378
GCrVVS,8,15,43.0,670.0,602.0,1.112957
GCrVVW,8,15,42.0,655.0,588.0,1.113946
GCrVV[,8,16,41.0,680.0,615.0,1.105691
GCrVVg,8,15,41.0,642.0,574.0,1.118467
GCrVVk,8,16,40.0,664.0,600.0,1.106667
GCrVVo,8,15,42.0,652.0,588.0,1.108844
GCrVVs,8,16,41.0,675.0,615.0,1.097561
GCrVVw,8,16,40.0,664.0,600.0,1.106667
GCrVV{,8,17,39.0,684.0,624.0,1.096154
GCrV]w,8,16,42.0,676.0,630.0,1.073016
GCrV]{,8,17,40.0,687.0,640.0,1.073438
GCrV^W,8,16,41.0,678.0,615.0,1.102439
GCrV^[,8,17,40.0,701.0,640.0,1.095312
GCrV^w,8,17,39.0,684.0,624.0,1.096154
GCrV^{,8,18,38.0,704.0,646.0,1.089783
GCrVlw,8,16,40.0,663.0,600.0,1.105
GCrVl{,8,17,39.0,685.0,624.0,1.097756
GCrVmw,8,16,42.0,676.0,630.0,1.073016
GCrVm{,8,17,40.0,687.0,640.0,1.073438
GCrVnW,8,16,40.0,664.0,600.0,1.106667
GCrVn[,8,17,39.0,686.0,624.0,1.099359
GCrVng,8,16,41.0,678.0,615.0,1.102439
GCrVnk,8,17,40.0,701.0,640.0,1.095312
GCrVnw,8,17,39.0,684.0,624.0,1.096154
GCrVn{,8,18,38.0,704.0,646.0,1.089783
GCrVrw,8,16,40.0,662.0,600.0,1.103333
GCrVr{,8,17,39.0,684.0,624.0,1.096154
GCrVtw,8,16,40.0,663.0,600.0,1.105
GCrVt{,8,17,39.0,685.0,624.0,1.097756
GCrVuw,8,16,42.0,676.0,630.0,1.073016
GCrVu{,8,17,40.0,687.0,640.0,1.073438
GCrVvW,8,16,40.0,662.0,600.0,1.103333
GCrVv[,8,17,39.0,684.0,624.0,1.096154
GCrVvg,8,16,40.0,662.0,600.0,1.103333
GCrVvk,8,17,39.0,684.0,624.0,1.096154
GCrVvo,8,16,41.0,675.0,615.0,1.097561
GCrVvs,8,17,40.0,698.0,640.0,1.090625
GCrVvw,8,17,39.0,684.0,624.0,1.096154
GCrVv{,8,18,38.0,704.0,646.0,1.089783
GCrV~w,8,18,38.0,704.0,646.0,1.089783
GCrV~{,8,19,37.0,722.0,666.0,1.084084
GCr]uw,8,16,26.0,432.0,390.0,1.107692
GCr]u{,8,17,25.0,442.0,400.0,1.105
GCr]vo,8,16,42.0,676.0,630.0,1.073016
GCr]vw,8,17,40.0,687.0,640.0,1.073438
GCr]v{,8,18,38.0,694.0,646.0,1.074303
GCr]}{,8,18,24.0,450.0,408.0,1.102941
GCr]~{,8,19,37.0,714.0,666.0,1.072072
GCr^uw,8,17,41.0,702.0,656.0,1.070122
GCr^u{,8,18,39.0,710.0,663.0,1.07089
GCr^vo,8,17,40.0,699.0,640.0,1.092188
GCr^vs,8,18,39.0,720.0,663.0,1.085973
GCr^vw,8,18,38.0,706.0,646.0,1.092879
GCr^v{,8,19,37.0,724.0,666.0,1.087087
GCr^~w,8,19,37.0,724.0,666.0,1.087087
GCr^~{,8,20,36.0,740.0,684.0,1.081871
GCrbP{,8,14,43.0,629.0,559.0,1.125224
GCrbQs,8,13,44.0,608.0,528.0,1.151515
GCrbQ{,8,14,43.0,632.0,559.0,1.13059
GCrbRS,8,13,47.0,626.0,564.0,1.109929
GCrbRW,8,13,47.0,621.0,564.0,1.101064
GCrbR[,8,14,46.0,654.0,598.0,1.093645
GCrbRg,8,13,44.0,604.0,528.0,1.143939
GCrbRk,8,14,42.0,620.0,546.0,1.135531
GCrbRs,8,14,42.0,620.0,546.0,1.135531
GCrbRw,8,14,43.0,629.0,559.0,1.125224
GCrbR{,8,15,41.0,644.0,574.0,1.121951
GCrbSw,8,13,46.0,626.0,552.0,1.134058
GCrbS{,8,14,44.0,639.0,572.0,1.117133
GCrbT[,8,14,45.0,631.0,585.0,1.078632
GCrbTg,8,13,45.0,616.0,540.0,1.140741
GCrbTk,8,14,43.0,626.0,559.0,1.119857
GCrbTo,8,13,45.0,611.0,540.0,1.131481
GCrbTs,8,14,43.0,625.0,559.0,1.118068
GCrbTw,8,14,44.0,636.0,572.0,1.111888
GCrbT{,8,15,42.0,650.0,588.0,1.105442
GCrbU[,8,14,45.0,638.0,585.0,1.090598
GCrbUk,8,14,43.0,629.0,559.0,1.125224
GCrbUs,8,14,43.0,632.0,559.0,1.13059
GCrbUw,8,14,44.0,643.0,572.0,1.124126
GCrbU{,8,15,42.0,655.0,588.0,1.113946
GCrbVK,8,14,45.0,634.0,585.0,1.083761
GCrbVS,8,14,45.0,634.0,585.0,1.083761
GCrbVW,8,14,45.0,635.0,585.0,1.08547
GCrbV[,8,15,44.0,661.0,616.0,1.073052
GCrbVc,8,14,42.0,618.0,546.0,1.131868
GCrbVg,8,14,43.0,628.0,559.0,1.123435
GCrbVk,8,15,41.0,641.0,574.0,1.116725
GCrbVo,8,14,43.0,629.0,559.0,1.125224
GCrbVs,8,15,41.0,641.0,574.0,1.116725
GCrbVw,8,15,42.0,652.0,588.0,1.108844
GCrbV{,8,16,40.0,662.0,600.0,1.103333
GCrb`o,8,12,44.0,568.0,484.0,1.173554
GCrbbW,8,13,44.0,609.0,528.0,1.153409
GCrbbg,8,13,44.0,603.0,528.0,1.142045
GCrbbo,8,13,43.0,592.0,516.0,1.147287
GCrbbw,8,14,42.0,617.0,546.0,1.130037
GCrbcw,8,13,44.0,606.0,528.0,1.147727
GCrbdW,8,13,43.0,598.0,516.0,1.158915
GCrbdg,8,13,44.0,603.0,528.0,1.142045
GCrbdo,8,13,43.0,592.0,516.0,1.147287
GCrbds,8,14,42.0,613.0,546.0,1.122711
GCrbdw,8,14,42.0,615.0,546.0,1.126374
GCrbek,8,14,43.0,628.0,559.0,1.123435
GCrbes,8,14,43.0,628.0,559.0,1.123435
GCrbew,8,14,43.0,630.0,559.0,1.127013
GCrbfK,8,14,43.0,630.0,559.0,1.127013
GCrbfS,8,14,42.0,617.0,546.0,1.130037
GCrbfW,8,14,42.0,624.0,546.0,1.142857
GCrbf[,8,15,41.0,642.0,574.0,1.118467
GCrbfc,8,14,43.0,627.0,559.0,1.121646
GCrbfg,8,14,43.0,627.0,559.0,1.121646
GCrbfk,8,15,42.0,651.0,588.0,1.107143
GCrbfo,8,14,42.0,617.0,546.0,1.130037
GCrbfs,8,15,41.0,637.0,574.0,1.109756
GCrbfw,8,15,41.0,639.0,574.0,1.11324
GCrbf{,8,16,40.0,658.0,600.0,1.096667
GCrbro,8,14,42.0,615.0,546.0,1.126374
GCrbrs,8,15,41.0,639.0,574.0,1.11324
GCrbvW,8,15,41.0,641.0,574.0,1.116725
GCrbv[,8,16,40.0,664.0,600.0,1.106667
GCrbvg,8,15,41.0,635.0,574.0,1.106272
GCrbvk,8,16,40.0,659.0,600.0,1.098333
GCrbvo,8,15,41.0,638.0,574.0,1.111498
GCrbvs,8,16,40.0,661.0,600.0,1.101667
GCrbvw,8,16,40.0,658.0,600.0,1.096667
GCrbv{,8,17,39.0,680.0,624.0,1.089744
GCrdjo,8,14,42.0,614.0,546.0,1.124542
GCrdjs,8,15,41.0,636.0,574.0,1.108014
GCrdlg,8,14,44.0,647.0,572.0,1.131119
GCrdlk,8,15,43.0,677.0,602.0,1.124585
GCrdnW,8,15,42.0,657.0,588.0,1.117347
GCrdn[,8,16,41.0,678.0,615.0,1.102439
GCrdng,8,15,42.0,655.0,588.0,1.113946
GCrdnk,8,16,41.0,680.0,615.0,1.105691
GCrdno,8,15,41.0,640.0,574.0,1.114983
GCrdns,8,16,40.0,661.0,600.0,1.101667
GCrdnw,8,16,40.0,664.0,600.0,1.106667
GCrdn{,8,17,39.0,684.0,624.0,1.096154
GCrdrg,8,14,42.0,614.0,546.0,1.124542
GCrdrk,8,15,41.0,636.0,574.0,1.108014
GCrdro,8,14,42.0,614.0,546.0,1.124542
GCrdrs,8,15,41.0,637.0,574.0,1.109756
GCrdrw,8,15,41.0,637.0,574.0,1.109756
GCrdr{,8,16,40.0,659.0,600.0,1.098333
GCrdtg,8,14,43.0,629.0,559.0,1.125224
GCrdtk,8,15,42.0,655.0,588.0,1.113946
GCrdto,8,14,43.0,630.0,559.0,1.127013
GCrdts,8,15,42.0,657.0,588.0,1.117347
GCrdtw,8,15,42.0,652.0,588.0,1.108844
GCrdt{,8,16,41.0,678.0,615.0,1.102439
GCrduw,8,15,41.0,644.0,574.0,1.121951
GCrdu{,8,16,40.0,666.0,600.0,1.11
GCrdvW,8,15,42.0,654.0,588.0,1.112245
GCrdv[,8,16,41.0,676.0,615.0,1.099187
GCrdvg,8,15,41.0,638.0,574.0,1.111498
GCrdvk,8,16,40.0,661.0,600.0,1.101667
GCrdvo,8,15,41.0,641.0,574.0,1.116725
GCrdvs,8,16,40.0,663.0,600.0,1.105
GCrdvw,8,16,40.0,661.0,600.0,1.101667
GCrdv{,8,17,39.0,682.0,624.0,1.092949
GCreZo,8,14,42.0,620.0,546.0,1.135531
GCreZs,8,15,41.0,644.0,574.0,1.121951
GCre\g,8,14,44.0,644.0,572.0,1.125874
GCre\k,8,15,43.0,666.0,602.0,1.106312
GCre\o,8,14,43.0,632.0,559.0,1.13059
GCre\s,8,15,42.0,655.0,588.0,1.113946
GCre][,8,15,44.0,652.0,616.0,1.058442
GCre^W,8,15,43.0,652.0,602.0,1.083056
GCre^[,8,16,42.0,678.0,630.0,1.07619
GCre^g,8,15,42.0,655.0,588.0,1.113946
GCre^k,8,16,41.0,678.0,615.0,1.102439
GCre^o,8,15,41.0,644.0,574.0,1.121951
GCre^s,8,16,40.0,666.0,600.0,1.11
GCre^w,8,16,40.0,666.0,600.0,1.11
GCre^{,8,17,39.0,686.0,624.0,1.099359
GCrejk,8,15,42.0,655.0,588.0,1.113946
GCrejo,8,14,42.0,614.0,546.0,1.124542
GCrejs,8,15,41.0,639.0,574.0,1.11324
GCrejw,8,15,41.0,640.0,574.0,1.114983
GCrej{,8,16,40.0,663.0,600.0,1.105
GCrel[,8,15,42.0,654.0,588.0,1.112245
GCrelk,8,15,42.0,657.0,588.0,1.117347
GCrelo,8,14,42.0,617.0,546.0,1.130037
GCrels,8,15,41.0,641.0,574.0,1.116725
GCrelw,8,15,41.0,641.0,574.0,1.116725
GCrel{,8,16,40.0,665.0,600.0,1.108333
GCrem[,8,15,43.0,652.0,602.0,1.083056
GCremk,8,15,43.0,652.0,602.0,1.083056
GCremw,8,15,43.0,648.0,602.0,1.076412
GCrem{,8,16,42.0,676.0,630.0,1.073016
GCrenW,8,15,42.0,655.0,588.0,1.113946
GCren[,8,16,41.0,678.0,615.0,1.102439
GCrenk,8,16,41.0,678.0,615.0,1.102439
GCreno,8,15,41.0,638.0,574.0,1.111498
GCrens,8,16,40.0,662.0,600.0,1.103333
GCrenw,8,16,40.0,662.0,600.0,1.103333
GCren{,8,17,39.0,684.0,624.0,1.096154
GCrerW,8,14,45.0,656.0,585.0,1.121368
GCrer[,8,15,42.0,658.0,588.0,1.119048
GCrerg,8,14,44.0,638.0,572.0,1.115385
GCrerk,8,15,42.0,652.0,588.0,1.108844
GCrero,8,14,43.0,629.0,559.0,1.125224
GCrers,8,15,41.0,644.0,574.0,1.121951
GCrerw,8,15,42.0,653.0,588.0,1.110544
GCrer{,8,16,40.0,665.0,600.0,1.108333
GCretW,8,14,44.0,642.0,572.0,1.122378
GCret[,8,15,42.0,656.0,588.0,1.115646
GCretg,8,14,44.0,642.0,572.0,1.122378
GCretk,8,15,42.0,654.0,588.0,1.112245
GCreto,8,14,43.0,632.0,559.0,1.13059
GCrets,8,15,41.0,646.0,574.0,1.125436
GCretw,8,15,42.0,654.0,588.0,1.112245
GCret{,8,16,40.0,667.0,600.0,1.111667
GCreu[,8,15,44.0,667.0,616.0,1.082792
GCreuk,8,15,44.0,661.0,616.0,1.073052
GCreuo,8,14,46.0,650.0,598.0,1.086957
GCreus,8,15,45.0,682.0,630.0,1.08254
GCreuw,8,15,44.0,661.0,616.0,1.073052
GCreu{,8,16,43.0,690.0,645.0,1.069767
GCrevW,8,15,43.0,669.0,602.0,1.111296
GCrev[,8,16,41.0,680.0,615.0,1.105691
GCrevg,8,15,43.0,662.0,602.0,1.099668
GCrevk,8,16,41.0,676.0,615.0,1.099187
GCrevo,8,15,42.0,655.0,588.0,1.113946
GCrevs,8,16,40.0,668.0,600.0,1.113333
GCrevw,8,16,41.0,676.0,615.0,1.099187
GCrev{,8,17,39.0,686.0,624.0,1.099359
GCrfJ[,8,15,44.0,665.0,616.0,1.079545
GCrfJk,8,15,42.0,657.0,588.0,1.117347
GCrfJo,8,14,42.0,616.0,546.0,1.128205
GCrfJw,8,15,41.0,641.0,574.0,1.116725
GCrfJ{,8,16,40.0,665.0,600.0,1.108333
GCrfK{,8,15,44.0,676.0,616.0,1.097403
GCrfL[,8,15,43.0,651.0,602.0,1.081395
GCrfLk,8,15,43.0,669.0,602.0,1.111296
GCrfLo,8,14,43.0,628.0,559.0,1.123435
GCrfLw,8,15,42.0,652.0,588.0,1.108844
GCrfL{,8,16,41.0,677.0,615.0,1.100813
GCrfM[,8,15,44.0,663.0,616.0,1.076299
GCrfMk,8,15,43.0,666.0,602.0,1.106312
GCrfMo,8,14,45.0,651.0,585.0,1.112821
GCrfMw,8,15,43.0,666.0,602.0,1.106312
GCrfM{,8,16,42.0,690.0,630.0,1.095238
GCrfNK,8,15,44.0,666.0,616.0,1.081169
GCrfN[,8,16,42.0,678.0,630.0,1.07619
GCrfNk,8,16,41.0,680.0,615.0,1.105691
GCrfNo,8,15,41.0,641.0,574.0,1.116725
GCrfNw,8,16,40.0,664.0,600.0,1.106667
GCrfN{,8,17,39.0,686.0,624.0,1.099359
GCrfQw,8,14,43.0,629.0,559.0,1.125224
GCrfQ{,8,15,42.0,654.0,588.0,1.112245
GCrfRW,8,14,45.0,633.0,585.0,1.082051
GCrfR[,8,15,44.0,663.0,616.0,1.076299
GCrfRg,8,14,42.0,618.0,546.0,1.131868
GCrfRk,8,15,41.0,641.0,574.0,1.116725
GCrfRo,8,14,42.0,617.0,546.0,1.130037
GCrfRs,8,15,41.0,641.0,574.0,1.116725
GCrfRw,8,15,41.0,640.0,574.0,1.114983
GCrfR{,8,16,40.0,663.0,600.0,1.105
GCrfS{,8,15,43.0,665.0,602.0,1.104651
GCrfTW,8,14,44.0,620.0,572.0,1.083916
GCrfT[,8,15,43.0,649.0,602.0,1.078073
GCrfTg,8,14,43.0,630.0,559.0,1.127013
GCrfTk,8,15,42.0,652.0,588.0,1.108844
GCrfTs,8,15,42.0,652.0,588.0,1.108844
GCrfTw,8,15,42.0,651.0,588.0,1.107143
GCrfT{,8,16,41.0,675.0,615.0,1.097561
GCrfU[,8,15,43.0,652.0,602.0,1.083056
GCrfUk,8,15,42.0,653.0,588.0,1.110544
GCrfUs,8,15,42.0,657.0,588.0,1.117347
GCrfUw,8,15,42.0,655.0,588.0,1.113946
GCrfU{,8,16,41.0,678.0,615.0,1.102439
GCrfVK,8,15,43.0,650.0,602.0,1.079734
GCrfVS,8,15,43.0,652.0,602.0,1.083056
GCrfVW,8,15,43.0,649.0,602.0,1.078073
GCrfV[,8,16,42.0,676.0,630.0,1.073016
GCrfVg,8,15,41.0,641.0,574.0,1.116725
GCrfVk,8,16,40.0,664.0,600.0,1.106667
GCrfVo,8,15,41.0,643.0,574.0,1.120209
GCrfVs,8,16,40.0,665.0,600.0,1.108333
GCrfVw,8,16,40.0,663.0,600.0,1.105
GCrfV{,8,17,39.0,684.0,624.0,1.096154
GCrf]w,8,16,41.0,680.0,615.0,1.105691
GCrf]{,8,17,40.0,701.0,640.0,1.095312
GCrf^W,8,16,42.0,676.0,630.0,1.073016
GCrf^[,8,17,41.0,702.0,656.0,1.070122
GCrf^w,8,17,39.0,686.0,624.0,1.099359
GCrf^{,8,18,38.0,706.0,646.0,1.092879
GCrfbW,8,14,43.0,630.0,559.0,1.127013
GCrfbg,8,14,43.0,626.0,559.0,1.119857
GCrfbo,8,14,42.0,614.0,546.0,1.124542
GCrfbw,8,15,41.0,637.0,574.0,1.109756
GCrfds,8,15,41.0,641.0,574.0,1.116725
GCrfdw,8,15,41.0,638.0,574.0,1.111498
GCrfek,8,15,42.0,653.0,588.0,1.110544
GCrfes,8,15,42.0,655.0,588.0,1.113946
GCrfew,8,15,42.0,652.0,588.0,1.108844
GCrffK,8,15,42.0,655.0,588.0,1.113946
GCrffS,8,15,41.0,643.0,574.0,1.120209
GCrffW,8,15,41.0,644.0,574.0,1.121951
GCrff[,8,16,40.0,666.0,600.0,1.11
GCrffc,8,15,42.0,654.0,588.0,1.112245
GCrffg,8,15,42.0,651.0,588.0,1.107143
GCrffk,8,16,41.0,676.0,615.0,1.099187
GCrffo,8,15,41.0,640.0,574.0,1.114983
GCrffs,8,16,40.0,663.0,600.0,1.105
GCrffw,8,16,40.0,660.0,600.0,1.1
GCrff{,8,17,39.0,682.0,624.0,1.092949
GCrflw,8,16,40.0,661.0,600.0,1.101667
GCrfl{,8,17,39.0,685.0,624.0,1.097756
GCrfmw,8,16,41.0,676.0,615.0,1.099187
GCrfm{,8,17,40.0,699.0,640.0,1.092188
GCrfnW,8,16,40.0,666.0,600.0,1.11
GCrfn[,8,17,39.0,688.0,624.0,1.102564
GCrfng,8,16,41.0,676.0,615.0,1.099187
GCrfnk,8,17,40.0,701.0,640.0,1.095312
GCrfnw,8,17,39.0,682.0,624.0,1.092949
GCrfn{,8,18,38.0,704.0,646.0,1.089783
GCrfrw,8,16,40.0,659.0,600.0,1.098333
GCrfr{,8,17,39.0,681.0,624.0,1.091346
GCrftw,8,16,40.0,660.0,600.0,1.1
GCrft{,8,17,39.0,683.0,624.0,1.094551
GCrfuw,8,16,40.0,664.0,600.0,1.106667
GCrfu{,8,17,39.0,686.0,624.0,1.099359
GCrfvW,8,16,40.0,665.0,600.0,1.108333
GCrfv[,8,17,39.0,686.0,624.0,1.099359
GCrfvg,8,16,40.0,659.0,600.0,1.098333
GCrfvk,8,17,39.0,682.0,624.0,1.092949
GCrfvo,8,16,40.0,663.0,600.0,1.105
GCrfvs,8,17,39.0,685.0,624.0,1.097756
GCrfvw,8,17,39.0,681.0,624.0,1.091346
GCrfv{,8,18,38.0,702.0,646.0,1.086687
GCrf~w,8,18,38.0,702.0,646.0,1.086687
GCrf~{,8,19,37.0,722.0,666.0,1.084084
GCrlu{,8,17,39.0,688.0,624.0,1.102564
GCrlvW,8,16,41.0,681.0,615.0,1.107317
GCrlv[,8,17,40.0,701.0,640.0,1.095312
GCrlvo,8,16,40.0,665.0,600.0,1.108333
GCrlvw,8,17,39.0,685.0,624.0,1.097756
GCrlv{,8,18,38.0,704.0,646.0,1.089783
GCrl~{,8,19,37.0,724.0,666.0,1.087087
GCrmto,8,15,42.0,657.0,588.0,1.117347
GCrmts,8,16,40.0,668.0,600.0,1.113333
GCrmtw,8,16,41.0,678.0,615.0,1.102439
GCrmt{,8,17,39.0,688.0,624.0,1.102564
GCrmuo,8,15,44.0,665.0,616.0,1.079545
GCrmus,8,16,43.0,694.0,645.0,1.075969
GCrmuw,8,16,42.0,676.0,630.0,1.073016
GCrmu{,8,17,41.0,702.0,656.0,1.070122
GCrmvW,8,16,42.0,695.0,630.0,1.103175
GCrmv[,8,17,40.0,703.0,640.0,1.098437
GCrmvo,8,16,41.0,678.0,615.0,1.102439
GCrmvs,8,17,39.0,688.0,624.0,1.102564
GCrmvw,8,17,40.0,699.0,640.0,1.092188
GCrmv{,8,18,38.0,706.0,646.0,1.092879
GCrm|{,8,18,38.0,708.0,646.0,1.095975
GCrm}w,8,17,40.0,687.0,640.0,1.073438
GCrm}{,8,18,39.0,710.0,663.0,1.07089
GCrm~w,8,18,38.0,706.0,646.0,1.092879
GCrm~{,8,19,37.0,724.0,666.0,1.087087
GCrnTo,8,15,42.0,656.0,588.0,1.115646
GCrnTw,8,16,41.0,677.0,615.0,1.100813
GCrnT{,8,17,40.0,699.0,640.0,1.092188
GCrnUo,8,15,43.0,669.0,602.0,1.111296
GCrnUw,8,16,41.0,680.0,615.0,1.105691
GCrnU{,8,17,40.0,701.0,640.0,1.095312
GCrnVW,8,16,42.0,677.0,630.0,1.074603
GCrnV[,8,17,41.0,702.0,656.0,1.070122
GCrnVo,8,16,40.0,667.0,600.0,1.111667
GCrnVw,8,17,39.0,687.0,624.0,1.100962
GCrnV{,8,18,38.0,706.0,646.0,1.092879
GCrn\{,8,18,39.0,722.0,663.0,1.088989
GCrn]{,8,18,39.0,722.0,663.0,1.088989
GCrn^[,8,18,40.0,726.0,680.0,1.067647
GCrn^{,8,19,37.0,726.0,666.0,1.09009
GCrntw,8,17,39.0,683.0,624.0,1.094551
GCrnt{,8,18,38.0,704.0,646.0,1.089783
GCrnuw,8,17,39.0,686.0,624.0,1.099359
GCrnu{,8,18,38.0,706.0,646.0,1.092879
GCrnvW,8,17,39.0,689.0,624.0,1.104167
GCrnv[,8,18,38.0,708.0,646.0,1.095975
GCrnvo,8,17,39.0,685.0,624.0,1.097756
GCrnvs,8,18,38.0,705.0,646.0,1.091331
GCrnvw,8,18,38.0,703.0,646.0,1.088235
GCrnv{,8,19,37.0,722.0,666.0,1.084084
GCrn~w,8,19,37.0,722.0,666.0,1.084084
GCrn~{,8,20,36.0,740.0,684.0,1.081871
GCrru{,8,17,39.0,686.0,624.0,1.099359
GCrrv[,8,17,39.0,681.0,624.0,1.091346
GCrrvg,8,16,40.0,661.0,600.0,1.101667
GCrrvk,8,17,39.0,683.0,624.0,1.094551
GCrrvo,8,16,40.0,661.0,600.0,1.101667
GCrrvw,8,17,39.0,682.0,624.0,1.092949
GCrrv{,8,18,38.0,702.0,646.0,1.086687
GCrr~{,8,19,37.0,722.0,666.0,1.084084
GCrtrs,8,16,40.0,658.0,600.0,1.096667
GCrtr{,8,17,39.0,680.0,624.0,1.089744
GCrtto,8,15,41.0,643.0,574.0,1.120209
GCrtts,8,16,40.0,667.0,600.0,1.111667
GCrttw,8,16,40.0,665.0,600.0,1.108333
GCrtt{,8,17,39.0,688.0,624.0,1.102564
GCrtuw,8,16,40.0,666.0,600.0,1.11
GCrtu{,8,17,39.0,686.0,624.0,1.099359
GCrtvW,8,16,40.0,661.0,600.0,1.101667
GCrtv[,8,17,39.0,682.0,624.0,1.092949
GCrtvg,8,16,40.0,662.0,600.0,1.103333
GCrtvk,8,17,39.0,683.0,624.0,1.094551
GCrtvo,8,16,40.0,662.0,600.0,1.103333
GCrtvs,8,17,39.0,682.0,624.0,1.092949
GCrtvw,8,17,39.0,683.0,624.0,1.094551
GCrtv{,8,18,38.0,702.0,646.0,1.086687
GCrt|w,8,17,39.0,686.0,624.0,1.099359
GCrt|{,8,18,38.0,708.0,646.0,1.095975
GCrt~w,8,18,38.0,702.0,646.0,1.086687
GCrt~{,8,19,37.0,722.0,666.0,1.084084
GCruro,8,15,42.0,653.0,588.0,1.110544
GCrurs,8,16,40.0,665.0,600.0,1.108333
GCrurw,8,16,41.0,676.0,615.0,1.099187
GCrur{,8,17,39.0,686.0,624.0,1.099359
GCruto,8,15,42.0,654.0,588.0,1.112245
GCruts,8,16,40.0,665.0,600.0,1.108333
GCrutw,8,16,41.0,677.0,615.0,1.100813
GCrut{,8,17,39.0,687.0,624.0,1.100962
GCruuo,8,15,44.0,663.0,616.0,1.076299
GCruus,8,16,43.0,692.0,645.0,1.072868
GCruuw,8,16,42.0,676.0,630.0,1.073016
GCruu{,8,17,41.0,702.0,656.0,1.070122
GCruvW,8,16,41.0,676.0,615.0,1.099187
GCruv[,8,17,39.0,686.0,624.0,1.099359
GCruvg,8,16,42.0,688.0,630.0,1.092063
GCruvk,8,17,40.0,699.0,640.0,1.092188
GCruvo,8,16,41.0,677.0,615.0,1.100813
GCruvs,8,17,39.0,687.0,624.0,1.100962
GCruvw,8,17,40.0,699.0,640.0,1.092188
GCruv{,8,18,38.0,706.0,646.0,1.092879
GCruz{,8,18,38.0,706.0,646.0,1.092879
GCru|w,8,17,39.0,686.0,624.0,1.099359
GCru|{,8,18,38.0,706.0,646.0,1.092879
GCru}w,8,17,40.0,687.0,640.0,1.073438
GCru}{,8,18,39.0,710.0,663.0,1.07089
GCru~w,8,18,38.0,706.0,646.0,1.092879
GCru~{,8,19,37.0,724.0,666.0,1.087087
GCrvRo,8,15,41.0,637.0,574.0,1.109756
GCrvRs,8,16,40.0,659.0,600.0,1.098333
GCrvRw,8,16,40.0,659.0,600.0,1.098333
GCrvR{,8,17,39.0,680.0,624.0,1.089744
GCrvTo,8,15,41.0,640.0,574.0,1.114983
GCrvTs,8,16,40.0,660.0,600.0,1.1
GCrvTw,8,16,40.0,662.0,600.0,1.103333
GCrvT{,8,17,39.0,683.0,624.0,1.094551
GCrvUo,8,15,42.0,654.0,588.0,1.112245
GCrvUs,8,16,40.0,665.0,600.0,1.108333
GCrvUw,8,16,40.0,666.0,600.0,1.11
GCrvU{,8,17,39.0,686.0,624.0,1.099359
GCrvVO,8,15,41.0,644.0,574.0,1.121951
GCrvVS,8,16,40.0,668.0,600.0,1.113333
GCrvVW,8,16,40.0,665.0,600.0,1.108333
GCrvV[,8,17,39.0,688.0,624.0,1.102564
GCrvVg,8,16,40.0,663.0,600.0,1.105
GCrvVk,8,17,39.0,684.0,624.0,1.096154
GCrvVo,8,16,40.0,662.0,600.0,1.103333
GCrvVs,8,17,39.0,682.0,624.0,1.092949
GCrvVw,8,17,39.0,683.0,624.0,1.094551
GCrvV{,8,18,38.0,702.0,646.0,1.086687
GCrvZ{,8,18,38.0,702.0,646.0,1.086687
GCrv\w,8,17,39.0,682.0,624.0,1.092949
GCrv\{,8,18,38.0,704.0,646.0,1.089783
GCrv]w,8,17,39.0,686.0,624.0,1.099359
GCrv]{,8,18,38.0,706.0,646.0,1.092879
GCrv^W,8,17,39.0,686.0,624.0,1.099359
GCrv^[,8,18,38.0,708.0,646.0,1.095975
GCrv^w,8,18,38.0,702.0,646.0,1.086687
GCrv^{,8,19,37.0,722.0,666.0,1.084084
GCrvbo,8,15,41.0,639.0,574.0,1.11324
GCrvbw,8,16,40.0,661.0,600.0,1.101667
GCrvb{,8,17,39.0,683.0,624.0,1.094551
GCrvdo,8,15,41.0,640.0,574.0,1.114983
GCrvdw,8,16,40.0,662.0,600.0,1.103333
GCrvd{,8,17,39.0,685.0,624.0,1.097756
GCrveo,8,15,43.0,664.0,602.0,1.10299
GCrvew,8,16,41.0,677.0,615.0,1.100813
GCrve{,8,17,40.0,699.0,640.0,1.092188
GCrvfO,8,15,41.0,641.0,574.0,1.116725
GCrvfW,8,16,40.0,662.0,600.0,1.103333
GCrvf[,8,17,39.0,684.0,624.0,1.096154
GCrvfg,8,16,41.0,678.0,615.0,1.102439
GCrvfk,8,17,40.0,701.0,640.0,1.095312
GCrvfo,8,16,40.0,663.0,600.0,1.105
GCrvfw,8,17,39.0,684.0,624.0,1.096154
GCrvf{,8,18,38.0,704.0,646.0,1.089783
GCrvj{,8,18,38.0,705.0,646.0,1.091331
GCrvl{,8,18,38.0,705.0,646.0,1.091331
GCrvm{,8,18,39.0,720.0,663.0,1.085973
GCrvn[,8,18,38.0,706.0,646.0,1.092879
GCrvnk,8,18,39.0,724.0,663.0,1.092006
GCrvn{,8,19,37.0,724.0,666.0,1.087087
GCrvrw,8,17,39.0,681.0,624.0,1.091346
GCrvr{,8,18,38.0,702.0,646.0,1.086687
GCrvtw,8,17,39.0,682.0,624.0,1.092949
GCrvt{,8,18,38.0,703.0,646.0,1.088235
GCrvuw,8,17,39.0,686.0,624.0,1.099359
GCrvu{,8,18,38.0,706.0,646.0,1.092879
GCrvvW,8,17,39.0,681.0,624.0,1.091346
GCrvv[,8,18,38.0,702.0,646.0,1.086687
GCrvvg,8,17,39.0,683.0,624.0,1.094551
GCrvvk,8,18,38.0,704.0,646.0,1.089783
GCrvvo,8,17,39.0,684.0,624.0,1.096154
GCrvvs,8,18,38.0,704.0,646.0,1.089783
GCrvvw,8,18,38.0,703.0,646.0,1.088235
GCrvv{,8,19,37.0,722.0,666.0,1.084084
GCrv~w,8,19,37.0,722.0,666.0,1.084084
GCrv~{,8,20,36.0,740.0,684.0,1.081871
GCr~vo,8,18,38.0,705.0,646.0,1.091331
GCr~vw,8,19,37.0,723.0,666.0,1.085586
GCr~v{,8,20,36.0,740.0,684.0,1.081871
GCr~~{,8,21,35.0,756.0,700.0,1.08
GCuutg,8,15,47.0,720.0,658.0,1.094225
GCuutw,8,16,43.0,711.0,645.0,1.102326
GCuut{,8,17,41.0,719.0,656.0,1.096037
GCuuus,8,16,46.0,735.0,690.0,1.065217
GCuuu{,8,17,42.0,721.0,672.0,1.072917
GCuuvg,8,16,42.0,694.0,630.0,1.101587
GCuuvs,8,17,40.0,706.0,640.0,1.103125
GCuuvw,8,17,40.0,703.0,640.0,1.098437
GCuuv{,8,18,38.0,710.0,646.0,1.099071
GCuu|w,8,17,40.0,705.0,640.0,1.101562
GCuu|{,8,18,39.0,724.0,663.0,1.092006
GCuu}{,8,18,40.0,726.0,680.0,1.067647
GCuu~w,8,18,38.0,708.0,646.0,1.095975
GCuu~{,8,19,37.0,726.0,666.0,1.09009
GCuves,8,16,42.0,695.0,630.0,1.103175
GCuvew,8,16,41.0,681.0,615.0,1.107317
GCuve{,8,17,40.0,703.0,640.0,1.098437
GCuvfc,8,16,42.0,690.0,630.0,1.095238
GCuvfs,8,17,40.0,700.0,640.0,1.09375
GCuvfw,8,17,39.0,686.0,624.0,1.099359
GCuvf{,8,18,38.0,706.0,646.0,1.092879
GCuvtw,8,17,40.0,702.0,640.0,1.096875
GCuvt{,8,18,39.0,722.0,663.0,1.088989
GCuvuw,8,17,39.0,690.0,624.0,1.105769
GCuvu{,8,18,38.0,710.0,646.0,1.099071
GCuvvg,8,17,39.0,686.0,624.0,1.099359
GCuvvk,8,18,38.0,706.0,646.0,1.092879
GCuvvo,8,17,40.0,700.0,640.0,1.09375
GCuvvs,8,18,39.0,721.0,663.0,1.087481
GCuvvw,8,18,38.0,705.0,646.0,1.091331
GCuvv{,8,19,37.0,724.0,666.0,1.087087
GCuv~w,8,19,37.0,722.0,666.0,1.084084
GCuv~{,8,20,36.0,740.0,684.0,1.081871
GCu~~w,8,20,36.0,740.0,684.0,1.081871
GCu~~{,8,21,35.0,756.0,700.0,1.08
GCvTtg,8,15,42.0,657.0,588.0,1.117347
GCvTtk,8,16,41.0,682.0,615.0,1.108943
GCvTts,8,16,42.0,695.0,630.0,1.103175
GCvTtw,8,16,41.0,680.0,615.0,1.105691
GCvTt{,8,17,40.0,703.0,640.0,1.098437
GCvTuw,8,16,43.0,694.0,645.0,1.075969
GCvTu{,8,17,41.0,702.0,656.0,1.070122
GCvTvg,8,16,40.0,667.0,600.0,1.111667
GCvTvk,8,17,39.0,687.0,624.0,1.100962
GCvTvo,8,16,41.0,679.0,615.0,1.104065
GCvTvs,8,17,40.0,700.0,640.0,1.09375
GCvTvw,8,17,39.0,688.0,624.0,1.102564
GCvTv{,8,18,38.0,706.0,646.0,1.092879
GCvT|w,8,17,40.0,701.0,640.0,1.095312
GCvT|{,8,18,39.0,722.0,663.0,1.088989
GCvT~w,8,18,38.0,706.0,646.0,1.092879
GCvT~{,8,19,37.0,724.0,666.0,1.087087
GCvUts,8,16,42.0,677.0,630.0,1.074603
GCvUu{,8,17,25.0,442.0,400.0,1.105
GCvUvs,8,17,40.0,688.0,640.0,1.075
GCvUv{,8,18,38.0,694.0,646.0,1.074303
GCvU|w,8,17,41.0,702.0,656.0,1.070122
GCvU|{,8,18,39.0,710.0,663.0,1.07089
GCvU}w,8,17,25.0,442.0,400.0,1.105
GCvU}{,8,18,24.0,450.0,408.0,1.102941
GCvU~w,8,18,39.0,710.0,663.0,1.07089
GCvU~{,8,19,37.0,714.0,666.0,1.072072
GCvVtw,8,17,39.0,687.0,624.0,1.100962
GCvVt{,8,18,38.0,707.0,646.0,1.094427
GCvVuw,8,17,41.0,702.0,656.0,1.070122
GCvVu{,8,18,39.0,710.0,663.0,1.07089
GCvVvg,8,17,39.0,686.0,624.0,1.099359
GCvVvk,8,18,38.0,706.0,646.0,1.092879
GCvVvo,8,17,40.0,700.0,640.0,1.09375
GCvVvs,8,18,39.0,721.0,663.0,1.087481
GCvVvw,8,18,38.0,706.0,646.0,1.092879
GCvVv{,8,19,37.0,724.0,666.0,1.087087
GCvV~w,8,19,37.0,724.0,666.0,1.087087
GCvV~{,8,20,36.0,740.0,684.0,1.081871
GCv\|{,8,19,38.0,741.0,684.0,1.083333
GCv\~{,8,20,36.0,742.0,684.0,1.084795
GCv]|{,8,19,38.0,731.0,684.0,1.068713
GCv]}{,8,19,23.0,456.0,414.0,1.101449
GCv]~{,8,20,36.0,732.0,684.0,1.070175
GCv^~w,8,20,36.0,742.0,684.0,1.084795
GCv^~{,8,21,35.0,756.0,700.0,1.08
GCvtu{,8,18,38.0,708.0,646.0,1.095975
GCvtvg,8,17,39.0,686.0,624.0,1.099359
GCvtvs,8,18,38.0,704.0,646.0,1.089783
GCvtvw,8,18,38.0,705.0,646.0,1.091331
GCvtv{,8,19,37.0,722.0,666.0,1.084084
GCvt|{,8,19,37.0,726.0,666.0,1.09009
GCvt~w,8,19,37.0,722.0,666.0,1.084084
GCvt~{,8,20,36.0,740.0,684.0,1.081871
GCvuts,8,17,39.0,689.0,624.0,1.104167
GCvut{,8,18,38.0,709.0,646.0,1.097523
GCvuus,8,17,42.0,719.0,672.0,1.06994
GCvuu{,8,18,40.0,726.0,680.0,1.067647
GCvuvg,8,17,41.0,714.0,656.0,1.088415
GCvuvs,8,18,38.0,709.0,646.0,1.097523
GCvuvw,8,18,39.0,722.0,663.0,1.088989
GCvuv{,8,19,37.0,726.0,666.0,1.09009
GCvu|{,8,19,37.0,726.0,666.0,1.09009
GCvu}{,8,19,38.0,731.0,684.0,1.068713
GCvu~w,8,19,37.0,726.0,666.0,1.09009
GCvu~{,8,20,36.0,742.0,684.0,1.084795
GCvvdw,8,17,39.0,686.0,624.0,1.099359
GCvvd{,8,18,38.0,707.0,646.0,1.094427
GCvvew,8,17,40.0,702.0,640.0,1.096875
GCvve{,8,18,39.0,722.0,663.0,1.088989
GCvvfg,8,17,40.0,700.0,640.0,1.09375
GCvvfk,8,18,39.0,721.0,663.0,1.087481
GCvvfw,8,18,38.0,706.0,646.0,1.092879
GCvvf{,8,19,37.0,724.0,666.0,1.087087
GCvvl{,8,19,37.0,725.0,666.0,1.088589
GCvvm{,8,19,38.0,741.0,684.0,1.083333
GCvvnk,8,19,38.0,742.0,684.0,1.084795
GCvvn{,8,20,36.0,742.0,684.0,1.084795
GCvvtw,8,18,38.0,704.0,646.0,1.089783
GCvvt{,8,19,37.0,723.0,666.0,1.085586
GCvvuw,8,18,38.0,708.0,646.0,1.095975
GCvvu{,8,19,37.0,726.0,666.0,1.09009
GCvvvg,8,18,38.0,705.0,646.0,1.091331
GCvvvk,8,19,37.0,724.0,666.0,1.087087
GCvvvo,8,18,38.0,706.0,646.0,1.092879
GCvvvs,8,19,37.0,724.0,666.0,1.087087
GCvvvw,8,19,37.0,723.0,666.0,1.085586
GCvvv{,8,20,36.0,740.0,684.0,1.081871
GCvv~w,8,20,36.0,740.0,684.0,1.081871
GCvv~{,8,21,35.0,756.0,700.0,1.08
GCv~vo,8,19,37.0,725.0,666.0,1.088589
GCv~vw,8,20,36.0,741.0,684.0,1.083333
GCv~v{,8,21,35.0,756.0,700.0,1.08
GCv~~{,8,22,34.0,770.0,714.0,1.078431
GCxu|w,8,17,39.0,680.0,624.0,1.089744
GCxu|{,8,18,38.0,702.0,646.0,1.086687
GCxu}w,8,17,39.0,686.0,624.0,1.099359
GCxu}{,8,18,38.0,708.0,646.0,1.095975
GCxu~w,8,18,38.0,702.0,646.0,1.086687
GCxu~{,8,19,37.0,722.0,666.0,1.084084
GCxvRg,8,15,41.0,640.0,574.0,1.114983
GCxvRw,8,16,40.0,661.0,600.0,1.101667
GCxvR{,8,17,39.0,683.0,624.0,1.094551
GCxvU{,8,17,39.0,683.0,624.0,1.094551
GCxvVS,8,16,40.0,674.0,600.0,1.123333
GCxvV[,8,17,39.0,690.0,624.0,1.105769
GCxvVg,8,16,40.0,660.0,600.0,1.1
GCxvVs,8,17,39.0,685.0,624.0,1.097756
GCxvVw,8,17,39.0,682.0,624.0,1.092949
GCxvV{,8,18,38.0,702.0,646.0,1.086687
GCxvZw,8,17,39.0,681.0,624.0,1.091346
GCxvZ{,8,18,38.0,703.0,646.0,1.088235
GCxv]{,8,18,38.0,704.0,646.0,1.089783
GCxv^[,8,18,38.0,710.0,646.0,1.099071
GCxv^w,8,18,38.0,702.0,646.0,1.086687
GCxv^{,8,19,37.0,722.0,666.0,1.084084
GCxvew,8,16,40.0,660.0,600.0,1.1
GCxve{,8,17,39.0,683.0,624.0,1.094551
GCxvfS,8,16,40.0,663.0,600.0,1.105
GCxvfW,8,16,40.0,661.0,600.0,1.101667
GCxvf[,8,17,39.0,683.0,624.0,1.094551
GCxvfc,8,16,40.0,666.0,600.0,1.11
GCxvfo,8,16,40.0,663.0,600.0,1.105
GCxvfs,8,17,39.0,685.0,624.0,1.097756
GCxvfw,8,17,39.0,682.0,624.0,1.092949
GCxvf{,8,18,38.0,702.0,646.0,1.086687
GCxvrw,8,17,39.0,682.0,624.0,1.092949
GCxvr{,8,18,38.0,704.0,646.0,1.089783
GCxvuw,8,17,39.0,681.0,624.0,1.091346
GCxvu{,8,18,38.0,703.0,646.0,1.088235
GCxvvW,8,17,39.0,681.0,624.0,1.091346
GCxvv[,8,18,38.0,703.0,646.0,1.088235
GCxvvg,8,17,39.0,680.0,624.0,1.089744
GCxvvk,8,18,38.0,702.0,646.0,1.086687
GCxvvo,8,17,39.0,685.0,624.0,1.097756
GCxvvs,8,18,38.0,707.0,646.0,1.094427
GCxvvw,8,18,38.0,702.0,646.0,1.086687
GCxvv{,8,19,37.0,722.0,666.0,1.084084
GCxv~w,8,19,37.0,722.0,666.0,1.084084
GCxv~{,8,20,36.0,740.0,684.0,1.081871
GCx~~w,8,20,36.0,740.0,684.0,1.081871
GCx~~{,8,21,35.0,756.0,700.0,1.08
GCzRdg,8,14,42.0,618.0,546.0,1.131868
GCzRds,8,15,42.0,648.0,588.0,1.102041
GCzRdw,8,15,41.0,639.0,574.0,1.11324
GCzRd{,8,16,40.0,661.0,600.0,1.101667
GCzRes,8,15,42.0,652.0,588.0,1.108844
GCzRew,8,15,42.0,657.0,588.0,1.117347
GCzRe{,8,16,41.0,678.0,615.0,1.102439
GCzRfS,8,15,42.0,651.0,588.0,1.107143
GCzRfW,8,15,41.0,641.0,574.0,1.116725
GCzRf[,8,16,40.0,663.0,600.0,1.105
GCzRfg,8,15,41.0,643.0,574.0,1.120209
GCzRfo,8,15,42.0,651.0,588.0,1.107143
GCzRfs,8,16,41.0,673.0,615.0,1.094309
GCzRfw,8,16,40.0,663.0,600.0,1.105
GCzRf{,8,17,39.0,682.0,624.0,1.092949
GCzRjk,8,16,40.0,663.0,600.0,1.105
GCzRj{,8,17,39.0,683.0,624.0,1.094551
GCzRlw,8,16,40.0,658.0,600.0,1.096667
GCzRl{,8,17,39.0,681.0,624.0,1.091346
GCzRmw,8,16,40.0,666.0,600.0,1.11
GCzRm{,8,17,39.0,688.0,624.0,1.102564
GCzRnW,8,16,40.0,661.0,600.0,1.101667
GCzRn[,8,17,39.0,684.0,624.0,1.096154
GCzRng,8,16,40.0,663.0,600.0,1.105
GCzRnk,8,17,39.0,685.0,624.0,1.097756
GCzRno,8,16,40.0,659.0,600.0,1.098333
GCzRns,8,17,39.0,682.0,624.0,1.092949
GCzRnw,8,17,39.0,681.0,624.0,1.091346
GCzRn{,8,18,38.0,702.0,646.0,1.086687
GCzRt{,8,17,39.0,683.0,624.0,1.094551
GCzRu{,8,17,40.0,701.0,640.0,1.095312
GCzRvW,8,16,40.0,661.0,600.0,1.101667
GCzRv[,8,17,39.0,685.0,624.0,1.097756
GCzRvg,8,16,40.0,661.0,600.0,1.101667
GCzRvs,8,17,40.0,698.0,640.0,1.090625
GCzRvw,8,17,39.0,683.0,624.0,1.094551
GCzRv{,8,18,38.0,704.0,646.0,1.089783
GCzRz{,8,18,38.0,705.0,646.0,1.091331
GCzR~w,8,18,38.0,702.0,646.0,1.086687
GCzR~{,8,19,37.0,722.0,666.0,1.084084
GCzTbg,8,14,43.0,625.0,559.0,1.118068
GCzTbk,8,15,41.0,639.0,574.0,1.11324
GCzTbo,8,14,44.0,634.0,572.0,1.108392
GCzTbw,8,15,42.0,649.0,588.0,1.103741
GCzTb{,8,16,40.0,661.0,600.0,1.101667
GCzTek,8,15,42.0,659.0,588.0,1.120748
GCzTes,8,15,42.0,654.0,588.0,1.112245
GCzTew,8,15,43.0,669.0,602.0,1.111296
GCzTe{,8,16,41.0,680.0,615.0,1.105691
GCzTfW,8,15,42.0,654.0,588.0,1.112245
GCzTf[,8,16,40.0,666.0,600.0,1.11
GCzTfg,8,15,42.0,654.0,588.0,1.112245
GCzTfk,8,16,40.0,665.0,600.0,1.108333
GCzTfo,8,15,43.0,662.0,602.0,1.099668
GCzTfw,8,16,41.0,675.0,615.0,1.097561
GCzTf{,8,17,39.0,684.0,624.0,1.096154
GCzTjk,8,16,40.0,661.0,600.0,1.101667
GCzTjo,8,15,41.0,638.0,574.0,1.111498
GCzTjw,8,16,40.0,660.0,600.0,1.1
GCzTj{,8,17,39.0,681.0,624.0,1.091346
GCzTm{,8,17,39.0,688.0,624.0,1.102564
GCzTn[,8,17,39.0,686.0,624.0,1.099359
GCzTnk,8,17,39.0,685.0,624.0,1.097756
GCzTno,8,16,40.0,662.0,600.0,1.103333
GCzTnw,8,17,39.0,683.0,624.0,1.094551
GCzTn{,8,18,38.0,702.0,646.0,1.086687
GCzTrg,8,15,41.0,636.0,574.0,1.108014
GCzTrk,8,16,40.0,659.0,600.0,1.098333
GCzTrs,8,16,41.0,673.0,615.0,1.094309
GCzTrw,8,16,40.0,660.0,600.0,1.1
GCzTr{,8,17,39.0,682.0,624.0,1.092949
GCzTtk,8,16,40.0,668.0,600.0,1.113333
GCzTts,8,16,41.0,683.0,615.0,1.110569
GCzTtw,8,16,40.0,666.0,600.0,1.11
GCzTt{,8,17,39.0,690.0,624.0,1.105769
GCzTuw,8,16,41.0,680.0,615.0,1.105691
GCzTu{,8,17,40.0,701.0,640.0,1.095312
GCzTvW,8,16,40.0,664.0,600.0,1.106667
GCzTv[,8,17,39.0,686.0,624.0,1.099359
GCzTvg,8,16,40.0,662.0,600.0,1.103333
GCzTvk,8,17,39.0,683.0,624.0,1.094551
GCzTvo,8,16,41.0,675.0,615.0,1.097561
GCzTvs,8,17,40.0,698.0,640.0,1.090625
GCzTvw,8,17,39.0,684.0,624.0,1.096154
GCzTv{,8,18,38.0,704.0,646.0,1.089783
GCzTzw,8,17,39.0,680.0,624.0,1.089744
GCzTz{,8,18,38.0,702.0,646.0,1.086687
GCzT|w,8,17,39.0,686.0,624.0,1.099359
GCzT|{,8,18,38.0,708.0,646.0,1.095975
GCzT~w,8,18,38.0,702.0,646.0,1.086687
GCzT~{,8,19,37.0,722.0,666.0,1.084084
GCzUjk,8,16,40.0,670.0,600.0,1.116667
GCzUjo,8,15,43.0,666.0,602.0,1.106312
GCzUjw,8,16,41.0,679.0,615.0,1.104065
GCzUj{,8,17,39.0,689.0,624.0,1.104167
GCzUlk,8,16,40.0,670.0,600.0,1.116667
GCzUlo,8,15,43.0,668.0,602.0,1.109635
GCzUlw,8,16,41.0,679.0,615.0,1.104065
GCzUl{,8,17,39.0,689.0,624.0,1.104167
GCzUmk,8,16,44.0,712.0,660.0,1.078788
GCzUm{,8,17,42.0,717.0,672.0,1.066964
GCzUn[,8,17,40.0,703.0,640.0,1.098437
GCzUnk,8,17,39.0,692.0,624.0,1.108974
GCzUno,8,16,42.0,690.0,630.0,1.095238
GCzUnw,8,17,40.0,701.0,640.0,1.095312
GCzUn{,8,18,38.0,708.0,646.0,1.095975
GCzUrg,8,15,41.0,640.0,574.0,1.114983
GCzUrk,8,16,40.0,664.0,600.0,1.106667
GCzUrs,8,16,41.0,677.0,615.0,1.100813
GCzUrw,8,16,40.0,664.0,600.0,1.106667
GCzUr{,8,17,39.0,686.0,624.0,1.099359
GCzUtg,8,15,41.0,643.0,574.0,1.120209
GCzUtk,8,16,40.0,665.0,600.0,1.108333
GCzUts,8,16,41.0,677.0,615.0,1.100813
GCzUtw,8,16,40.0,665.0,600.0,1.108333
GCzUt{,8,17,39.0,687.0,624.0,1.100962
GCzUuk,8,16,43.0,690.0,645.0,1.069767
GCzUus,8,16,42.0,677.0,630.0,1.074603
GCzUuw,8,16,42.0,676.0,630.0,1.073016
GCzUu{,8,17,41.0,702.0,656.0,1.070122
GCzUvW,8,16,41.0,676.0,615.0,1.099187
GCzUv[,8,17,40.0,699.0,640.0,1.092188
GCzUvg,8,16,40.0,664.0,600.0,1.106667
GCzUvk,8,17,39.0,686.0,624.0,1.099359
GCzUvs,8,17,40.0,700.0,640.0,1.09375
GCzUvw,8,17,39.0,686.0,624.0,1.099359
GCzUv{,8,18,38.0,706.0,646.0,1.092879
GCzUzw,8,17,39.0,688.0,624.0,1.102564
GCzUz{,8,18,38.0,708.0,646.0,1.095975
GCzU|w,8,17,39.0,688.0,624.0,1.102564
GCzU|{,8,18,38.0,708.0,646.0,1.095975
GCzU}w,8,17,41.0,702.0,656.0,1.070122
GCzU}{,8,18,40.0,726.0,680.0,1.067647
GCzU~w,8,18,38.0,708.0,646.0,1.095975
GCzU~{,8,19,37.0,726.0,666.0,1.09009
GCzVRg,8,15,41.0,639.0,574.0,1.11324
GCzVRs,8,16,41.0,676.0,615.0,1.099187
GCzVRw,8,16,40.0,662.0,600.0,1.103333
GCzVR{,8,17,39.0,684.0,624.0,1.096154
GCzVTg,8,15,41.0,644.0,574.0,1.121951
GCzVTs,8,16,41.0,677.0,615.0,1.100813
GCzVTw,8,16,40.0,665.0,600.0,1.108333
GCzVT{,8,17,39.0,687.0,624.0,1.100962
GCzVUg,8,15,44.0,680.0,616.0,1.103896
GCzVUs,8,16,42.0,689.0,630.0,1.093651
GCzVUw,8,16,42.0,692.0,630.0,1.098413
GCzVU{,8,17,41.0,714.0,656.0,1.088415
GCzVVS,8,16,42.0,698.0,630.0,1.107937
GCzVV[,8,17,40.0,705.0,640.0,1.101562
GCzVVg,8,16,40.0,665.0,600.0,1.108333
GCzVVs,8,17,40.0,700.0,640.0,1.09375
GCzVVw,8,17,39.0,686.0,624.0,1.099359
GCzVV{,8,18,38.0,706.0,646.0,1.092879
GCzVZw,8,17,39.0,682.0,624.0,1.092949
GCzVZ{,8,18,38.0,704.0,646.0,1.089783
GCzV\w,8,17,39.0,684.0,624.0,1.096154
GCzV\{,8,18,38.0,706.0,646.0,1.092879
GCzV]w,8,17,40.0,701.0,640.0,1.095312
GCzV]{,8,18,39.0,722.0,663.0,1.088989
GCzV^[,8,18,39.0,724.0,663.0,1.092006
GCzV^w,8,18,38.0,704.0,646.0,1.089783
GCzV^{,8,19,37.0,724.0,666.0,1.087087
GCzVbg,8,15,41.0,640.0,574.0,1.114983
GCzVbk,8,16,40.0,663.0,600.0,1.105
GCzVbo,8,15,42.0,650.0,588.0,1.105442
GCzVbs,8,16,41.0,674.0,615.0,1.095935
GCzVbw,8,16,40.0,661.0,600.0,1.101667
GCzVb{,8,17,39.0,683.0,624.0,1.094551
GCzVdk,8,16,40.0,665.0,600.0,1.108333
GCzVds,8,16,41.0,675.0,615.0,1.097561
GCzVdw,8,16,40.0,662.0,600.0,1.103333
GCzVd{,8,17,39.0,685.0,624.0,1.097756
GCzVek,8,16,41.0,682.0,615.0,1.108943
GCzVes,8,16,41.0,677.0,615.0,1.100813
GCzVew,8,16,41.0,679.0,615.0,1.104065
GCzVe{,8,17,40.0,701.0,640.0,1.095312
GCzVfS,8,16,41.0,677.0,615.0,1.100813
GCzVfW,8,16,40.0,664.0,600.0,1.106667
GCzVf[,8,17,39.0,686.0,624.0,1.099359
GCzVfc,8,16,41.0,678.0,615.0,1.102439
GCzVfg,8,16,40.0,666.0,600.0,1.11
GCzVfk,8,17,39.0,687.0,624.0,1.100962
GCzVfo,8,16,41.0,675.0,615.0,1.097561
GCzVfs,8,17,40.0,698.0,640.0,1.090625
GCzVfw,8,17,39.0,684.0,624.0,1.096154
GCzVf{,8,18,38.0,704.0,646.0,1.089783
GCzVjw,8,17,39.0,682.0,624.0,1.092949
GCzVj{,8,18,38.0,703.0,646.0,1.088235
GCzVlw,8,17,39.0,682.0,624.0,1.092949
GCzVl{,8,18,38.0,703.0,646.0,1.088235
GCzVmw,8,17,39.0,688.0,624.0,1.102564
GCzVm{,8,18,38.0,708.0,646.0,1.095975
GCzVnW,8,17,39.0,685.0,624.0,1.097756
GCzVn[,8,18,38.0,706.0,646.0,1.092879
GCzVng,8,17,39.0,687.0,624.0,1.100962
GCzVnk,8,18,38.0,707.0,646.0,1.094427
GCzVnw,8,18,38.0,703.0,646.0,1.088235
GCzVn{,8,19,37.0,722.0,666.0,1.084084
GCzVrw,8,17,39.0,682.0,624.0,1.092949
GCzVr{,8,18,38.0,704.0,646.0,1.089783
GCzVtw,8,17,39.0,683.0,624.0,1.094551
GCzVt{,8,18,38.0,705.0,646.0,1.091331
GCzVuw,8,17,40.0,701.0,640.0,1.095312
GCzVu{,8,18,39.0,722.0,663.0,1.088989
GCzVvW,8,17,39.0,684.0,624.0,1.096154
GCzVv[,8,18,38.0,706.0,646.0,1.092879
GCzVvg,8,17,39.0,683.0,624.0,1.094551
GCzVvk,8,18,38.0,704.0,646.0,1.089783
GCzVvo,8,17,40.0,698.0,640.0,1.090625
GCzVvs,8,18,39.0,721.0,663.0,1.087481
GCzVvw,8,18,38.0,704.0,646.0,1.089783
GCzVv{,8,19,37.0,724.0,666.0,1.087087
GCzV~w,8,19,37.0,722.0,666.0,1.084084
GCzV~{,8,20,36.0,740.0,684.0,1.081871
GCzZ~{,8,20,36.0,740.0,684.0,1.081871
GCz\r{,8,18,38.0,702.0,646.0,1.086687
GCz\uw,8,17,39.0,690.0,624.0,1.105769
GCz\u{,8,18,38.0,708.0,646.0,1.095975
GCz\vo,8,17,39.0,684.0,624.0,1.096154
GCz\vw,8,18,38.0,704.0,646.0,1.089783
GCz\v{,8,19,37.0,722.0,666.0,1.084084
GCz\z{,8,19,37.0,722.0,666.0,1.084084
GCz\~{,8,20,36.0,740.0,684.0,1.081871
GCz]r{,8,18,38.0,706.0,646.0,1.092879
GCz]tw,8,17,39.0,686.0,624.0,1.099359
GCz]t{,8,18,38.0,706.0,646.0,1.092879
GCz]uw,8,17,40.0,687.0,640.0,1.073438
GCz]u{,8,18,39.0,710.0,663.0,1.07089
GCz]vw,8,18,38.0,706.0,646.0,1.092879
GCz]v{,8,19,37.0,724.0,666.0,1.087087
GCz]z{,8,19,37.0,726.0,666.0,1.09009
GCz]|{,8,19,37.0,726.0,666.0,1.09009
GCz]}{,8,19,38.0,731.0,684.0,1.068713
GCz]~{,8,20,36.0,742.0,684.0,1.084795
GCz^r{,8,19,37.0,722.0,666.0,1.084084
GCz^tw,8,18,38.0,702.0,646.0,1.086687
GCz^t{,8,19,37.0,722.0,666.0,1.084084
GCz^uw,8,18,38.0,708.0,646.0,1.095975
GCz^u{,8,19,37.0,726.0,666.0,1.09009
GCz^vo,8,18,38.0,704.0,646.0,1.089783
GCz^vs,8,19,37.0,724.0,666.0,1.087087
GCz^vw,8,19,37.0,722.0,666.0,1.084084
GCz^v{,8,20,36.0,740.0,684.0,1.081871
GCz^~w,8,20,36.0,740.0,684.0,1.081871
GCz^~{,8,21,35.0,756.0,700.0,1.08
GCzbbw,8,15,41.0,639.0,574.0,1.11324
GCzbes,8,15,41.0,639.0,574.0,1.11324
GCzbew,8,15,41.0,639.0,574.0,1.11324
GCzbf[,8,16,40.0,666.0,600.0,1.11
GCzbfs,8,16,40.0,661.0,600.0,1.101667
GCzbfw,8,16,40.0,661.0,600.0,1.101667
GCzbf{,8,17,39.0,680.0,624.0,1.089744
GCzbrg,8,15,41.0,635.0,574.0,1.106272
GCzbrk,8,16,40.0,659.0,600.0,1.098333
GCzbrs,8,16,40.0,663.0,600.0,1.105
GCzbrw,8,16,40.0,661.0,600.0,1.101667
GCzbr{,8,17,39.0,683.0,624.0,1.094551
GCzbuw,8,16,40.0,660.0,600.0,1.1
GCzbu{,8,17,39.0,683.0,624.0,1.094551
GCzbvW,8,16,40.0,666.0,600.0,1.11
GCzbv[,8,17,39.0,688.0,624.0,1.102564
GCzbvg,8,16,40.0,658.0,600.0,1.096667
GCzbvk,8,17,39.0,681.0,624.0,1.091346
GCzbvo,8,16,40.0,662.0,600.0,1.103333
GCzbvs,8,17,39.0,685.0,624.0,1.097756
GCzbvw,8,17,39.0,681.0,624.0,1.091346
GCzbv{,8,18,38.0,702.0,646.0,1.086687
GCzbzw,8,17,39.0,685.0,624.0,1.097756
GCzbz{,8,18,38.0,705.0,646.0,1.091331
GCzb~w,8,18,38.0,703.0,646.0,1.088235
GCzb~{,8,19,37.0,722.0,666.0,1.084084
GCzerg,8,15,41.0,637.0,574.0,1.109756
GCzerk,8,16,40.0,660.0,600.0,1.1
GCzero,8,15,41.0,640.0,574.0,1.114983
GCzers,8,16,40.0,663.0,600.0,1.105
GCzerw,8,16,40.0,662.0,600.0,1.103333
GCzer{,8,17,39.0,683.0,624.0,1.094551
GCzetg,8,15,41.0,640.0,574.0,1.114983
GCzetk,8,16,40.0,662.0,600.0,1.103333
GCzeto,8,15,41.0,643.0,574.0,1.120209
GCzets,8,16,40.0,665.0,600.0,1.108333
GCzetw,8,16,40.0,663.0,600.0,1.105
GCzet{,8,17,39.0,685.0,624.0,1.097756
GCzeug,8,15,42.0,651.0,588.0,1.107143
GCzeuk,8,16,41.0,678.0,615.0,1.102439
GCzeus,8,16,41.0,682.0,615.0,1.108943
GCzeuw,8,16,41.0,676.0,615.0,1.099187
GCzeu{,8,17,40.0,701.0,640.0,1.095312
GCzevW,8,16,41.0,680.0,615.0,1.105691
GCzev[,8,17,40.0,701.0,640.0,1.095312
GCzevg,8,16,40.0,661.0,600.0,1.101667
GCzevk,8,17,39.0,683.0,624.0,1.094551
GCzevo,8,16,40.0,665.0,600.0,1.108333
GCzevs,8,17,39.0,687.0,624.0,1.100962
GCzevw,8,17,39.0,684.0,624.0,1.096154
GCzev{,8,18,38.0,704.0,646.0,1.089783
GCzezw,8,17,39.0,683.0,624.0,1.094551
GCzez{,8,18,38.0,704.0,646.0,1.089783
GCze|w,8,17,39.0,684.0,624.0,1.096154
GCze|{,8,18,38.0,706.0,646.0,1.092879
GCze}w,8,17,40.0,699.0,640.0,1.092188
GCze}{,8,18,39.0,722.0,663.0,1.088989
GCze~w,8,18,38.0,704.0,646.0,1.089783
GCze~{,8,19,37.0,724.0,666.0,1.087087
GCzfRs,8,16,40.0,667.0,600.0,1.111667
GCzfRw,8,16,40.0,665.0,600.0,1.108333
GCzfR{,8,17,39.0,687.0,624.0,1.100962
GCzfUs,8,16,41.0,679.0,615.0,1.104065
GCzfUw,8,16,41.0,677.0,615.0,1.100813
GCzfU{,8,17,40.0,700.0,640.0,1.09375
GCzfV[,8,17,41.0,702.0,656.0,1.070122
GCzfVs,8,17,39.0,689.0,624.0,1.104167
GCzfVw,8,17,39.0,686.0,624.0,1.099359
GCzfV{,8,18,38.0,706.0,646.0,1.092879
GCzfZw,8,17,39.0,688.0,624.0,1.102564
GCzfZ{,8,18,38.0,708.0,646.0,1.095975
GCzf]w,8,17,40.0,701.0,640.0,1.095312
GCzf]{,8,18,39.0,722.0,663.0,1.088989
GCzf^W,8,17,41.0,702.0,656.0,1.070122
GCzf^[,8,18,40.0,726.0,680.0,1.067647
GCzf^w,8,18,38.0,708.0,646.0,1.095975
GCzf^{,8,19,37.0,726.0,666.0,1.09009
GCzfbw,8,16,40.0,661.0,600.0,1.101667
GCzfes,8,16,40.0,665.0,600.0,1.108333
GCzfew,8,16,40.0,662.0,600.0,1.103333
GCzff[,8,17,39.0,688.0,624.0,1.102564
GCzffs,8,17,39.0,685.0,624.0,1.097756
GCzffw,8,17,39.0,682.0,624.0,1.092949
GCzff{,8,18,38.0,702.0,646.0,1.086687
GCzfrw,8,17,39.0,682.0,624.0,1.092949
GCzfr{,8,18,38.0,703.0,646.0,1.088235
GCzfuw,8,17,39.0,683.0,624.0,1.094551
GCzfu{,8,18,38.0,705.0,646.0,1.091331
GCzfvW,8,17,39.0,688.0,624.0,1.102564
GCzfv[,8,18,38.0,708.0,646.0,1.095975
GCzfvg,8,17,39.0,680.0,624.0,1.089744
GCzfvk,8,18,38.0,702.0,646.0,1.086687
GCzfvo,8,17,39.0,685.0,624.0,1.097756
GCzfvs,8,18,38.0,707.0,646.0,1.094427
GCzfvw,8,18,38.0,702.0,646.0,1.086687
GCzfv{,8,19,37.0,722.0,666.0,1.084084
GCzf~w,8,19,37.0,722.0,666.0,1.084084
GCzf~{,8,20,36.0,740.0,684.0,1.081871
GCzjz{,8,19,37.0,723.0,666.0,1.085586
GCzj~{,8,20,36.0,740.0,684.0,1.081871
GCzmz{,8,19,37.0,724.0,666.0,1.087087
GCzm|w,8,18,38.0,706.0,646.0,1.092879
GCzm|{,8,19,37.0,726.0,666.0,1.09009
GCzm}w,8,18,39.0,720.0,663.0,1.085973
GCzm}{,8,19,38.0,741.0,684.0,1.083333
GCzm~w,8,19,37.0,724.0,666.0,1.087087
GCzm~{,8,20,36.0,742.0,684.0,1.084795
GCznZ{,8,19,37.0,728.0,666.0,1.093093
GCzn]{,8,19,38.0,743.0,684.0,1.086257
GCzn^[,8,19,39.0,748.0,702.0,1.065527
GCzn^{,8,20,36.0,744.0,684.0,1.087719
GCzn~w,8,20,36.0,740.0,684.0,1.081871
GCzn~{,8,21,35.0,756.0,700.0,1.08
GCzru{,8,18,38.0,703.0,646.0,1.088235
GCzrv[,8,18,38.0,703.0,646.0,1.088235
GCzrvg,8,17,39.0,682.0,624.0,1.092949
GCzrvs,8,18,38.0,704.0,646.0,1.089783
GCzrvw,8,18,38.0,703.0,646.0,1.088235
GCzrv{,8,19,37.0,722.0,666.0,1.084084
GCzrz{,8,19,37.0,723.0,666.0,1.085586
GCzr~w,8,19,37.0,722.0,666.0,1.084084
GCzr~{,8,20,36.0,740.0,684.0,1.081871
GCzurs,8,17,39.0,682.0,624.0,1.092949
GCzur{,8,18,38.0,702.0,646.0,1.086687
GCzuto,8,16,40.0,662.0,600.0,1.103333
GCzuts,8,17,39.0,682.0,624.0,1.092949
GCzutw,8,17,39.0,683.0,624.0,1.094551
GCzut{,8,18,38.0,703.0,646.0,1.088235
GCzuus,8,17,39.0,689.0,624.0,1.104167
GCzuuw,8,17,39.0,686.0,624.0,1.099359
GCzuu{,8,18,38.0,708.0,646.0,1.095975
GCzuv[,8,18,38.0,704.0,646.0,1.089783
GCzuvg,8,17,39.0,683.0,624.0,1.094551
GCzuvk,8,18,38.0,703.0,646.0,1.088235
GCzuvo,8,17,39.0,684.0,624.0,1.096154
GCzuvs,8,18,38.0,704.0,646.0,1.089783
GCzuvw,8,18,38.0,704.0,646.0,1.089783
GCzuv{,8,19,37.0,722.0,666.0,1.084084
GCzuz{,8,19,37.0,722.0,666.0,1.084084
GCzu|w,8,18,38.0,702.0,646.0,1.086687
GCzu|{,8,19,37.0,722.0,666.0,1.084084
GCzu}w,8,18,38.0,706.0,646.0,1.092879
GCzu}{,8,19,37.0,726.0,666.0,1.09009
GCzu~w,8,19,37.0,722.0,666.0,1.084084
GCzu~{,8,20,36.0,740.0,684.0,1.081871
GCzvRs,8,17,39.0,683.0,624.0,1.094551
GCzvR{,8,18,38.0,702.0,646.0,1.086687
GCzvUs,8,17,39.0,684.0,624.0,1.096154
GCzvU{,8,18,38.0,705.0,646.0,1.091331
GCzvVS,8,17,39.0,692.0,624.0,1.108974
GCzvV[,8,18,38.0,710.0,646.0,1.099071
GCzvVg,8,17,39.0,684.0,624.0,1.096154
GCzvVs,8,18,38.0,704.0,646.0,1.089783
GCzvVw,8,18,38.0,704.0,646.0,1.089783
GCzvV{,8,19,37.0,722.0,666.0,1.084084
GCzvZ{,8,19,37.0,722.0,666.0,1.084084
GCzv]{,8,19,37.0,724.0,666.0,1.087087
GCzv^[,8,19,37.0,728.0,666.0,1.093093
GCzv^w,8,19,37.0,722.0,666.0,1.084084
GCzv^{,8,20,36.0,740.0,684.0,1.081871
GCzvbo,8,16,40.0,662.0,600.0,1.103333
GCzvbw,8,17,39.0,683.0,624.0,1.094551
GCzvb{,8,18,38.0,703.0,646.0,1.088235
GCzvew,8,17,39.0,684.0,624.0,1.096154
GCzve{,8,18,38.0,705.0,646.0,1.091331
GCzvfW,8,17,39.0,684.0,624.0,1.096154
GCzvf[,8,18,38.0,704.0,646.0,1.089783
GCzvfg,8,17,39.0,687.0,624.0,1.100962
GCzvfk,8,18,38.0,707.0,646.0,1.094427
GCzvfo,8,17,39.0,684.0,624.0,1.096154
GCzvfw,8,18,38.0,704.0,646.0,1.089783
GCzvf{,8,19,37.0,722.0,666.0,1.084084
GCzvj{,8,19,37.0,723.0,666.0,1.085586
GCzvm{,8,19,37.0,723.0,666.0,1.085586
GCzvn[,8,19,37.0,724.0,666.0,1.087087
GCzvnk,8,19,37.0,727.0,666.0,1.091592
GCzvn{,8,20,36.0,740.0,684.0,1.081871
GCzvrw,8,18,38.0,702.0,646.0,1.086687
GCzvr{,8,19,37.0,722.0,666.0,1.084084
GCzvuw,8,18,38.0,703.0,646.0,1.088235
GCzvu{,8,19,37.0,723.0,666.0,1.085586
GCzvvW,8,18,38.0,702.0,646.0,1.086687
GCzvv[,8,19,37.0,722.0,666.0,1.084084
GCzvvg,8,18,38.0,702.0,646.0,1.086687
GCzvvk,8,19,37.0,722.0,666.0,1.084084
GCzvvo,8,18,38.0,704.0,646.0,1.089783
GCzvvs,8,19,37.0,724.0,666.0,1.087087
GCzvvw,8,19,37.0,722.0,666.0,1.084084
GCzvv{,8,20,36.0,740.0,684.0,1.081871
GCzv~w,8,20,36.0,740.0,684.0,1.081871
GCzv~{,8,21,35.0,756.0,700.0,1.08
GCz~vo,8,19,37.0,722.0,666.0,1.084084
GCz~vw,8,20,36.0,740.0,684.0,1.081871
GCz~v{,8,21,35.0,756.0,700.0,1.08
GCz~~{,8,22,34.0,770.0,714.0,1.078431
GC~vfo,8,18,38.0,706.0,646.0,1.092879
GC~vfw,8,19,37.0,724.0,666.0,1.087087
GC~vf{,8,20,36.0,740.0,684.0,1.081871
GC~vvg,8,19,37.0,722.0,666.0,1.084084
GC~vvs,8,20,36.0,742.0,684.0,1.084795
GC~vvw,8,20,36.0,740.0,684.0,1.081871
GC~vv{,8,21,35.0,756.0,700.0,1.08
GC~v~w,8,21,35.0,756.0,700.0,1.08
GC~v~{,8,22,34.0,770.0,714.0,1.078431
GC~~~{,8,23,33.0,782.0,726.0,1.077135
GEherW,8,14,44.0,642.0,572.0,1.122378
GEher[,8,15,43.0,664.0,602.0,1.10299
GEhetW,8,14,43.0,634.0,559.0,1.134168
GEhet[,8,15,42.0,654.0,588.0,1.112245
GEheuk,8,15,42.0,663.0,588.0,1.127551
GEheus,8,15,43.0,684.0,602.0,1.136213
GEhevW,8,15,42.0,653.0,588.0,1.110544
GEhev[,8,16,41.0,676.0,615.0,1.099187
GEhevg,8,15,41.0,643.0,574.0,1.120209
GEhevk,8,16,40.0,665.0,600.0,1.108333
GEhevs,8,16,41.0,682.0,615.0,1.108943
GEhevw,8,16,40.0,664.0,600.0,1.106667
GEhev{,8,17,39.0,684.0,624.0,1.096154
GEhfrw,8,16,41.0,672.0,615.0,1.092683
GEhfr{,8,17,40.0,697.0,640.0,1.089063
GEhfuw,8,16,40.0,661.0,600.0,1.101667
GEhfu{,8,17,39.0,685.0,624.0,1.097756
GEhfvg,8,16,40.0,662.0,600.0,1.103333
GEhfvk,8,17,39.0,686.0,624.0,1.099359
GEhfvs,8,17,40.0,703.0,640.0,1.098437
GEhfvw,8,17,39.0,682.0,624.0,1.092949
GEhfv{,8,18,38.0,704.0,646.0,1.089783
GEhf~w,8,18,38.0,702.0,646.0,1.086687
GEhf~{,8,19,37.0,722.0,666.0,1.084084
GEht|{,8,18,39.0,724.0,663.0,1.092006
GEht~w,8,18,38.0,704.0,646.0,1.089783
GEht~{,8,19,37.0,724.0,666.0,1.087087
GEhutw,8,16,40.0,662.0,600.0,1.103333
GEhut{,8,17,39.0,684.0,624.0,1.096154
GEhuu{,8,17,39.0,690.0,624.0,1.105769
GEhuvW,8,16,40.0,660.0,600.0,1.1
GEhuvs,8,17,39.0,685.0,624.0,1.097756
GEhuvw,8,17,39.0,682.0,624.0,1.092949
GEhuv{,8,18,38.0,702.0,646.0,1.086687
GEhuzw,8,17,39.0,682.0,624.0,1.092949
GEhuz{,8,18,38.0,704.0,646.0,1.089783
GEhu|w,8,17,39.0,684.0,624.0,1.096154
GEhu|{,8,18,38.0,706.0,646.0,1.092879
GEhu}{,8,18,38.0,710.0,646.0,1.099071
GEhu~w,8,18,38.0,702.0,646.0,1.086687
GEhu~{,8,19,37.0,722.0,666.0,1.084084
GEhvTw,8,16,40.0,659.0,600.0,1.098333
GEhvT{,8,17,39.0,683.0,624.0,1.094551
GEhvUs,8,16,40.0,663.0,600.0,1.105
GEhvUw,8,16,40.0,660.0,600.0,1.1
GEhvU{,8,17,39.0,683.0,624.0,1.094551
GEhvVS,8,16,40.0,666.0,600.0,1.11
GEhvVg,8,16,40.0,663.0,600.0,1.105
GEhvVk,8,17,39.0,686.0,624.0,1.099359
GEhvVo,8,16,40.0,662.0,600.0,1.103333
GEhvVs,8,17,39.0,685.0,624.0,1.097756
GEhvVw,8,17,39.0,681.0,624.0,1.091346
GEhvV{,8,18,38.0,702.0,646.0,1.086687
GEhvlw,8,17,40.0,697.0,640.0,1.089063
GEhvl{,8,18,39.0,720.0,663.0,1.085973
GEhvmw,8,17,39.0,683.0,624.0,1.094551
GEhvm{,8,18,38.0,705.0,646.0,1.091331
GEhvng,8,17,40.0,703.0,640.0,1.098437
GEhvnk,8,18,39.0,726.0,663.0,1.095023
GEhvnw,8,18,38.0,704.0,646.0,1.089783
GEhvn{,8,19,37.0,724.0,666.0,1.087087
GEhvrw,8,17,39.0,682.0,624.0,1.092949
GEhvr{,8,18,38.0,704.0,646.0,1.089783
GEhvtw,8,17,39.0,682.0,624.0,1.092949
GEhvt{,8,18,38.0,704.0,646.0,1.089783
GEhvuw,8,17,39.0,681.0,624.0,1.091346
GEhvu{,8,18,38.0,703.0,646.0,1.088235
GEhvvW,8,17,39.0,680.0,624.0,1.089744
GEhvv[,8,18,38.0,702.0,646.0,1.086687
GEhvvg,8,17,39.0,684.0,624.0,1.096154
GEhvvk,8,18,38.0,706.0,646.0,1.092879
GEhvvo,8,17,39.0,685.0,624.0,1.097756
GEhvvs,8,18,38.0,707.0,646.0,1.094427
GEhvvw,8,18,38.0,702.0,646.0,1.086687
GEhvv{,8,19,37.0,722.0,666.0,1.084084
GEhv~w,8,19,37.0,722.0,666.0,1.084084
GEhv~{,8,20,36.0,740.0,684.0,1.081871
GEhzz{,8,19,37.0,728.0,666.0,1.093093
GEhz~{,8,20,36.0,740.0,684.0,1.081871
GEh~rw,8,18,38.0,702.0,646.0,1.086687
GEh~r{,8,19,37.0,722.0,666.0,1.084084
GEh~vo,8,18,38.0,702.0,646.0,1.086687
GEh~vs,8,19,37.0,722.0,666.0,1.084084
GEh~vw,8,19,37.0,722.0,666.0,1.084084
GEh~v{,8,20,36.0,740.0,684.0,1.081871
GEh~~w,8,20,36.0,740.0,684.0,1.081871
GEh~~{,8,21,35.0,756.0,700.0,1.08
GEjRTs,8,15,42.0,656.0,588.0,1.115646
GEjRTw,8,15,41.0,646.0,574.0,1.125436
GEjRT{,8,16,40.0,665.0,600.0,1.108333
GEjRUg,8,14,45.0,670.0,585.0,1.145299
GEjRUw,8,15,43.0,673.0,602.0,1.11794
GEjRU{,8,16,42.0,692.0,630.0,1.098413
GEjRVS,8,15,43.0,668.0,602.0,1.109635
GEjRVg,8,15,41.0,649.0,574.0,1.130662
GEjRVs,8,16,41.0,678.0,615.0,1.102439
GEjRVw,8,16,40.0,667.0,600.0,1.111667
GEjRV{,8,17,39.0,684.0,624.0,1.096154
GEjRjk,8,16,41.0,686.0,615.0,1.115447
GEjRj{,8,17,39.0,685.0,624.0,1.097756
GEjRl{,8,17,40.0,699.0,640.0,1.092188
GEjRmw,8,16,40.0,674.0,600.0,1.123333
GEjRm{,8,17,39.0,692.0,624.0,1.108974
GEjRnk,8,17,40.0,705.0,640.0,1.101562
GEjRno,8,16,40.0,665.0,600.0,1.108333
GEjRns,8,17,39.0,686.0,624.0,1.099359
GEjRnw,8,17,39.0,685.0,624.0,1.097756
GEjRn{,8,18,38.0,704.0,646.0,1.089783
GEjRr[,8,16,40.0,663.0,600.0,1.105
GEjRrk,8,16,40.0,665.0,600.0,1.108333
GEjRrs,8,16,41.0,677.0,615.0,1.100813
GEjRr{,8,17,39.0,685.0,624.0,1.097756
GEjRtw,8,16,40.0,662.0,600.0,1.103333
GEjRt{,8,17,39.0,686.0,624.0,1.099359
GEjRuw,8,16,41.0,680.0,615.0,1.105691
GEjRu{,8,17,40.0,703.0,640.0,1.098437
GEjRvW,8,16,40.0,660.0,600.0,1.1
GEjRv[,8,17,39.0,684.0,624.0,1.096154
GEjRvg,8,16,40.0,664.0,600.0,1.106667
GEjRvk,8,17,39.0,687.0,624.0,1.100962
GEjRvs,8,17,40.0,699.0,640.0,1.092188
GEjRvw,8,17,39.0,682.0,624.0,1.092949
GEjRv{,8,18,38.0,704.0,646.0,1.089783
GEjRz{,8,18,38.0,705.0,646.0,1.091331
GEjR~w,8,18,38.0,702.0,646.0,1.086687
GEjR~{,8,19,37.0,722.0,666.0,1.084084
GEjTRg,8,14,44.0,651.0,572.0,1.138112
GEjTRw,8,15,42.0,657.0,588.0,1.117347
GEjTR{,8,16,40.0,666.0,600.0,1.11
GEjTUg,8,14,49.0,717.0,637.0,1.125589
GEjTUw,8,15,45.0,701.0,630.0,1.112698
GEjTU{,8,16,43.0,709.0,645.0,1.099225
GEjTVg,8,15,43.0,676.0,602.0,1.122924
GEjTVw,8,16,41.0,684.0,615.0,1.112195
GEjTV{,8,17,39.0,690.0,624.0,1.105769
GEjTrW,8,15,41.0,640.0,574.0,1.114983
GEjTrs,8,16,41.0,678.0,615.0,1.102439
GEjTrw,8,16,40.0,664.0,600.0,1.106667
GEjTr{,8,17,39.0,686.0,624.0,1.099359
GEjTuw,8,16,42.0,696.0,630.0,1.104762
GEjTu{,8,17,41.0,718.0,656.0,1.094512
GEjTvW,8,16,40.0,666.0,600.0,1.11
GEjTvs,8,17,40.0,703.0,640.0,1.098437
GEjTvw,8,17,39.0,688.0,624.0,1.102564
GEjTv{,8,18,38.0,708.0,646.0,1.095975
GEjTzw,8,17,39.0,684.0,624.0,1.096154
GEjTz{,8,18,38.0,706.0,646.0,1.092879
GEjT|{,8,18,40.0,738.0,680.0,1.085294
GEjT~w,8,18,38.0,706.0,646.0,1.092879
GEjT~{,8,19,37.0,726.0,666.0,1.09009
GEjUjk,8,16,41.0,697.0,615.0,1.133333
GEjUjw,8,16,41.0,685.0,615.0,1.113821
GEjUj{,8,17,39.0,693.0,624.0,1.110577
GEjUlw,8,16,43.0,711.0,645.0,1.102326
GEjUl{,8,17,41.0,721.0,656.0,1.099085
GEjUmk,8,16,47.0,725.0,705.0,1.028369
GEjUm{,8,17,43.0,736.0,688.0,1.069767
GEjUnk,8,17,40.0,715.0,640.0,1.117188
GEjUnw,8,17,40.0,707.0,640.0,1.104688
GEjUn{,8,18,38.0,712.0,646.0,1.102167
GEjUzw,8,17,39.0,690.0,624.0,1.105769
GEjUz{,8,18,38.0,710.0,646.0,1.099071
GEjU|w,8,17,40.0,705.0,640.0,1.101562
GEjU|{,8,18,39.0,726.0,663.0,1.095023
GEjU}{,8,18,41.0,742.0,697.0,1.064562
GEjU~w,8,18,38.0,710.0,646.0,1.099071
GEjU~{,8,19,37.0,728.0,666.0,1.093093
GEjVRg,8,15,41.0,644.0,574.0,1.121951
GEjVRk,8,16,40.0,666.0,600.0,1.11
GEjVRs,8,16,41.0,676.0,615.0,1.099187
GEjVRw,8,16,40.0,661.0,600.0,1.101667
GEjVR{,8,17,39.0,684.0,624.0,1.096154
GEjVTs,8,16,41.0,681.0,615.0,1.107317
GEjVTw,8,16,40.0,665.0,600.0,1.108333
GEjVT{,8,17,39.0,689.0,624.0,1.104167
GEjVUg,8,15,44.0,687.0,616.0,1.11526
GEjVUk,8,16,42.0,698.0,630.0,1.107937
GEjVUw,8,16,42.0,693.0,630.0,1.1
GEjVU{,8,17,41.0,716.0,656.0,1.091463
GEjVVS,8,16,42.0,692.0,630.0,1.098413
GEjVVg,8,16,40.0,668.0,600.0,1.113333
GEjVVk,8,17,39.0,690.0,624.0,1.105769
GEjVVo,8,16,41.0,677.0,615.0,1.100813
GEjVVs,8,17,40.0,701.0,640.0,1.095312
GEjVVw,8,17,39.0,685.0,624.0,1.097756
GEjVV{,8,18,38.0,706.0,646.0,1.092879
GEjVjw,8,17,39.0,684.0,624.0,1.096154
GEjVj{,8,18,38.0,705.0,646.0,1.091331
GEjVlw,8,17,40.0,700.0,640.0,1.09375
GEjVl{,8,18,39.0,722.0,663.0,1.088989
GEjVmw,8,17,39.0,692.0,624.0,1.108974
GEjVm{,8,18,38.0,712.0,646.0,1.102167
GEjVng,8,17,40.0,705.0,640.0,1.101562
GEjVnk,8,18,39.0,726.0,663.0,1.095023
GEjVnw,8,18,38.0,705.0,646.0,1.091331
GEjVn{,8,19,37.0,724.0,666.0,1.087087
GEjVrw,8,17,39.0,682.0,624.0,1.092949
GEjVr{,8,18,38.0,704.0,646.0,1.089783
GEjVtw,8,17,39.0,686.0,624.0,1.099359
GEjVt{,8,18,38.0,708.0,646.0,1.095975
GEjVuw,8,17,40.0,703.0,640.0,1.098437
GEjVu{,8,18,39.0,724.0,663.0,1.092006
GEjVvW,8,17,39.0,684.0,624.0,1.096154
GEjVv[,8,18,38.0,706.0,646.0,1.092879
GEjVvg,8,17,39.0,687.0,624.0,1.100962
GEjVvk,8,18,38.0,708.0,646.0,1.095975
GEjVvo,8,17,40.0,699.0,640.0,1.092188
GEjVvs,8,18,39.0,722.0,663.0,1.088989
GEjVvw,8,18,38.0,704.0,646.0,1.089783
GEjVv{,8,19,37.0,724.0,666.0,1.087087
GEjV~w,8,19,37.0,722.0,666.0,1.084084
GEjV~{,8,20,36.0,740.0,684.0,1.081871
GEjZt{,8,18,38.0,704.0,646.0,1.089783
GEjZu{,8,18,38.0,710.0,646.0,1.099071
GEjZv{,8,19,37.0,722.0,666.0,1.084084
GEjZz{,8,19,37.0,724.0,666.0,1.087087
GEjZ~w,8,19,37.0,722.0,666.0,1.084084
GEjZ~{,8,20,36.0,740.0,684.0,1.081871
GEj\r{,8,18,38.0,704.0,646.0,1.089783
GEj\u{,8,18,39.0,724.0,663.0,1.092006
GEj\v{,8,19,37.0,724.0,666.0,1.087087
GEj\z{,8,19,37.0,724.0,666.0,1.087087
GEj\~{,8,20,36.0,742.0,684.0,1.084795
GEj]z{,8,19,37.0,728.0,666.0,1.093093
GEj]|{,8,19,38.0,743.0,684.0,1.086257
GEj]}{,8,19,39.0,748.0,702.0,1.065527
GEj]~{,8,20,36.0,744.0,684.0,1.087719
GEj^rw,8,18,38.0,702.0,646.0,1.086687
GEj^r{,8,19,37.0,722.0,666.0,1.084084
GEj^tw,8,18,38.0,704.0,646.0,1.089783
GEj^t{,8,19,37.0,724.0,666.0,1.087087
GEj^uw,8,18,38.0,710.0,646.0,1.099071
GEj^u{,8,19,37.0,728.0,666.0,1.093093
GEj^vo,8,18,38.0,704.0,646.0,1.089783
GEj^vs,8,19,37.0,724.0,666.0,1.087087
GEj^vw,8,19,37.0,722.0,666.0,1.084084
GEj^v{,8,20,36.0,740.0,684.0,1.081871
GEj^~w,8,20,36.0,740.0,684.0,1.081871
GEj^~{,8,21,35.0,756.0,700.0,1.08
GEjbrs,8,16,40.0,661.0,600.0,1.101667
GEjbvg,8,16,40.0,659.0,600.0,1.098333
GEjbvk,8,17,39.0,683.0,624.0,1.094551
GEjbvs,8,17,39.0,683.0,624.0,1.094551
GEjbvw,8,17,39.0,680.0,624.0,1.089744
GEjbv{,8,18,38.0,702.0,646.0,1.086687
GEjejo,8,15,41.0,640.0,574.0,1.114983
GEjejs,8,16,40.0,662.0,600.0,1.103333
GEjelW,8,15,43.0,672.0,602.0,1.116279
GEjel[,8,16,42.0,692.0,630.0,1.098413
GEjemk,8,16,42.0,705.0,630.0,1.119048
GEjenW,8,16,41.0,680.0,615.0,1.105691
GEjen[,8,17,40.0,701.0,640.0,1.095312
GEjenk,8,17,40.0,705.0,640.0,1.101562
GEjeno,8,16,40.0,665.0,600.0,1.108333
GEjens,8,17,39.0,685.0,624.0,1.097756
GEjenw,8,17,39.0,688.0,624.0,1.102564
GEjen{,8,18,38.0,706.0,646.0,1.092879
GEjerW,8,15,42.0,650.0,588.0,1.105442
GEjer[,8,16,41.0,673.0,615.0,1.094309
GEjerg,8,15,41.0,640.0,574.0,1.114983
GEjerk,8,16,40.0,662.0,600.0,1.103333
GEjers,8,16,40.0,661.0,600.0,1.101667
GEjerw,8,16,40.0,661.0,600.0,1.101667
GEjer{,8,17,39.0,683.0,624.0,1.094551
GEjetW,8,15,42.0,656.0,588.0,1.115646
GEjet[,8,16,41.0,677.0,615.0,1.100813
GEjets,8,16,40.0,665.0,600.0,1.108333
GEjetw,8,16,40.0,665.0,600.0,1.108333
GEjet{,8,17,39.0,687.0,624.0,1.100962
GEjeuk,8,16,41.0,682.0,615.0,1.108943
GEjeus,8,16,41.0,682.0,615.0,1.108943
GEjeu{,8,17,40.0,703.0,640.0,1.098437
GEjevW,8,16,41.0,674.0,615.0,1.095935
GEjev[,8,17,40.0,697.0,640.0,1.089063
GEjevg,8,16,40.0,663.0,600.0,1.105
GEjevk,8,17,39.0,685.0,624.0,1.097756
GEjevs,8,17,39.0,685.0,624.0,1.097756
GEjevw,8,17,39.0,684.0,624.0,1.096154
GEjev{,8,18,38.0,704.0,646.0,1.089783
GEjflw,8,17,40.0,697.0,640.0,1.089063
GEjfl{,8,18,39.0,720.0,663.0,1.085973
GEjfmw,8,17,39.0,685.0,624.0,1.097756
GEjfm{,8,18,38.0,707.0,646.0,1.094427
GEjfnW,8,17,39.0,686.0,624.0,1.099359
GEjfn[,8,18,38.0,708.0,646.0,1.095975
GEjfnk,8,18,39.0,724.0,663.0,1.092006
GEjfnw,8,18,38.0,704.0,646.0,1.089783
GEjfn{,8,19,37.0,724.0,666.0,1.087087
GEjfrw,8,17,39.0,681.0,624.0,1.091346
GEjfr{,8,18,38.0,703.0,646.0,1.088235
GEjfuw,8,17,39.0,683.0,624.0,1.094551
GEjfu{,8,18,38.0,705.0,646.0,1.091331
GEjfvg,8,17,39.0,682.0,624.0,1.092949
GEjfvk,8,18,38.0,704.0,646.0,1.089783
GEjfvs,8,18,38.0,705.0,646.0,1.091331
GEjfvw,8,18,38.0,702.0,646.0,1.086687
GEjfv{,8,19,37.0,722.0,666.0,1.084084
GEjf~w,8,19,37.0,722.0,666.0,1.084084
GEjf~{,8,20,36.0,740.0,684.0,1.081871
GEjrrs,8,17,39.0,682.0,624.0,1.092949
GEjrr{,8,18,38.0,703.0,646.0,1.088235
GEjrt{,8,18,38.0,704.0,646.0,1.089783
GEjruw,8,17,39.0,681.0,624.0,1.091346
GEjru{,8,18,38.0,703.0,646.0,1.088235
GEjrvW,8,17,39.0,680.0,624.0,1.089744
GEjrv[,8,18,38.0,702.0,646.0,1.086687
GEjrvg,8,17,39.0,683.0,624.0,1.094551
GEjrvk,8,18,38.0,705.0,646.0,1.091331
GEjrvo,8,17,39.0,681.0,624.0,1.091346
GEjrvs,8,18,38.0,703.0,646.0,1.088235
GEjrvw,8,18,38.0,702.0,646.0,1.086687
GEjrv{,8,19,37.0,722.0,666.0,1.084084
GEjrz{,8,19,37.0,723.0,666.0,1.085586
GEjr~w,8,19,37.0,722.0,666.0,1.084084
GEjr~{,8,20,36.0,740.0,684.0,1.081871
GEjtrs,8,17,39.0,683.0,624.0,1.094551
GEjtrw,8,17,39.0,684.0,624.0,1.096154
GEjtr{,8,18,38.0,704.0,646.0,1.089783
GEjtts,8,17,40.0,704.0,640.0,1.1
GEjtt{,8,18,39.0,724.0,663.0,1.092006
GEjtuw,8,17,39.0,687.0,624.0,1.100962
GEjtu{,8,18,38.0,707.0,646.0,1.094427
GEjtv[,8,18,38.0,704.0,646.0,1.089783
GEjtvg,8,17,40.0,699.0,640.0,1.092188
GEjtvk,8,18,39.0,720.0,663.0,1.085973
GEjtvs,8,18,38.0,705.0,646.0,1.091331
GEjtvw,8,18,38.0,706.0,646.0,1.092879
GEjtv{,8,19,37.0,724.0,666.0,1.087087
GEjtzw,8,18,38.0,704.0,646.0,1.089783
GEjtz{,8,19,37.0,724.0,666.0,1.087087
GEjt|{,8,19,38.0,743.0,684.0,1.086257
GEjt~w,8,19,37.0,724.0,666.0,1.087087
GEjt~{,8,20,36.0,742.0,684.0,1.084795
GEjurs,8,17,39.0,681.0,624.0,1.091346
GEjurw,8,17,39.0,682.0,624.0,1.092949
GEjur{,8,18,38.0,702.0,646.0,1.086687
GEjuts,8,17,39.0,685.0,624.0,1.097756
GEjutw,8,17,39.0,686.0,624.0,1.099359
GEjut{,8,18,38.0,706.0,646.0,1.092879
GEjuus,8,17,39.0,690.0,624.0,1.105769
GEjuu{,8,18,38.0,710.0,646.0,1.099071
GEjuvW,8,17,39.0,684.0,624.0,1.096154
GEjuv[,8,18,38.0,704.0,646.0,1.089783
GEjuvg,8,17,39.0,685.0,624.0,1.097756
GEjuvk,8,18,38.0,705.0,646.0,1.091331
GEjuvo,8,17,39.0,683.0,624.0,1.094551
GEjuvs,8,18,38.0,703.0,646.0,1.088235
GEjuvw,8,18,38.0,704.0,646.0,1.089783
GEjuv{,8,19,37.0,722.0,666.0,1.084084
GEjuzw,8,18,38.0,702.0,646.0,1.086687
GEjuz{,8,19,37.0,722.0,666.0,1.084084
GEju|w,8,18,38.0,706.0,646.0,1.092879
GEju|{,8,19,37.0,726.0,666.0,1.09009
GEju}{,8,19,37.0,728.0,666.0,1.093093
GEju~w,8,19,37.0,722.0,666.0,1.084084
GEju~{,8,20,36.0,740.0,684.0,1.081871
GEjvRo,8,16,40.0,658.0,600.0,1.096667
GEjvRw,8,17,39.0,681.0,624.0,1.091346
GEjvR{,8,18,38.0,702.0,646.0,1.086687
GEjvUs,8,17,39.0,683.0,624.0,1.094551
GEjvUw,8,17,39.0,684.0,624.0,1.096154
GEjvU{,8,18,38.0,705.0,646.0,1.091331
GEjvVg,8,17,39.0,685.0,624.0,1.097756
GEjvVk,8,18,38.0,706.0,646.0,1.092879
GEjvVo,8,17,39.0,682.0,624.0,1.092949
GEjvVw,8,18,38.0,703.0,646.0,1.088235
GEjvV{,8,19,37.0,722.0,666.0,1.084084
GEjvZ{,8,19,37.0,722.0,666.0,1.084084
GEjv]{,8,19,37.0,724.0,666.0,1.087087
GEjv^{,8,20,36.0,740.0,684.0,1.081871
GEjvbw,8,17,39.0,684.0,624.0,1.096154
GEjvb{,8,18,38.0,705.0,646.0,1.091331
GEjvdw,8,17,40.0,698.0,640.0,1.090625
GEjvd{,8,18,39.0,720.0,663.0,1.085973
GEjvew,8,17,39.0,685.0,624.0,1.097756
GEjve{,8,18,38.0,707.0,646.0,1.094427
GEjvfW,8,17,39.0,685.0,624.0,1.097756
GEjvf[,8,18,38.0,706.0,646.0,1.092879
GEjvfk,8,18,39.0,724.0,663.0,1.092006
GEjvfw,8,18,38.0,705.0,646.0,1.091331
GEjvf{,8,19,37.0,724.0,666.0,1.087087
GEjvj{,8,19,37.0,725.0,666.0,1.088589
GEjvl{,8,19,38.0,741.0,684.0,1.083333
GEjvm{,8,19,37.0,725.0,666.0,1.088589
GEjvn[,8,19,37.0,726.0,666.0,1.09009
GEjvnk,8,19,38.0,745.0,684.0,1.089181
GEjvn{,8,20,36.0,742.0,684.0,1.084795
GEjvrw,8,18,38.0,702.0,646.0,1.086687
GEjvr{,8,19,37.0,722.0,666.0,1.084084
GEjvtw,8,18,38.0,704.0,646.0,1.089783
GEjvt{,8,19,37.0,724.0,666.0,1.087087
GEjvuw,8,18,38.0,703.0,646.0,1.088235
GEjvu{,8,19,37.0,723.0,666.0,1.085586
GEjvvW,8,18,38.0,702.0,646.0,1.086687
GEjvv[,8,19,37.0,722.0,666.0,1.084084
GEjvvg,8,18,38.0,704.0,646.0,1.089783
GEjvvk,8,19,37.0,724.0,666.0,1.087087
GEjvvo,8,18,38.0,703.0,646.0,1.088235
GEjvvs,8,19,37.0,723.0,666.0,1.085586
GEjvvw,8,19,37.0,722.0,666.0,1.084084
GEjvv{,8,20,36.0,740.0,684.0,1.081871
GEjv~w,8,20,36.0,740.0,684.0,1.081871
GEjv~{,8,21,35.0,756.0,700.0,1.08
GEj~vo,8,19,37.0,722.0,666.0,1.084084
GEj~vw,8,20,36.0,740.0,684.0,1.081871
GEj~v{,8,21,35.0,756.0,700.0,1.08
GEj~~{,8,22,34.0,770.0,714.0,1.078431
GEl~~w,8,21,35.0,756.0,700.0,1.08
GEl~~{,8,22,34.0,770.0,714.0,1.078431
GEn~vo,8,20,36.0,740.0,684.0,1.081871
GEn~vw,8,21,35.0,756.0,700.0,1.08
GEn~v{,8,22,34.0,770.0,714.0,1.078431
GEn~~{,8,23,33.0,782.0,726.0,1.077135
GEqrT[,8,15,41.0,639.0,574.0,1.11324
GEqrTg,8,14,42.0,626.0,546.0,1.14652
GEqrTk,8,15,41.0,640.0,574.0,1.114983
GEqrUo,8,14,43.0,638.0,559.0,1.141324
GEqrUw,8,15,41.0,650.0,574.0,1.132404
GEqrU{,8,16,40.0,666.0,600.0,1.11
GEqrVc,8,15,41.0,640.0,574.0,1.114983
GEqrVg,8,15,41.0,642.0,574.0,1.118467
GEqrVk,8,16,40.0,661.0,600.0,1.101667
GEqrVo,8,15,41.0,643.0,574.0,1.120209
GEqrVw,8,16,40.0,663.0,600.0,1.105
GEqrV{,8,17,39.0,680.0,624.0,1.089744
GEqr]{,8,17,39.0,688.0,624.0,1.102564
GEqr^k,8,17,39.0,683.0,624.0,1.094551
GEqr^o,8,16,40.0,657.0,600.0,1.095
GEqr^w,8,17,39.0,680.0,624.0,1.089744
GEqr^{,8,18,38.0,702.0,646.0,1.086687
GEqtRc,8,14,42.0,612.0,546.0,1.120879
GEqtRg,8,14,42.0,618.0,546.0,1.131868
GEqtRw,8,15,41.0,637.0,574.0,1.109756
GEqtR{,8,16,40.0,658.0,600.0,1.096667
GEqtUw,8,15,42.0,657.0,588.0,1.117347
GEqtU{,8,16,41.0,678.0,615.0,1.102439
GEqtVc,8,15,41.0,640.0,574.0,1.114983
GEqtVg,8,15,41.0,642.0,574.0,1.118467
GEqtVw,8,16,40.0,663.0,600.0,1.105
GEqtV{,8,17,39.0,682.0,624.0,1.092949
GEqtZk,8,16,40.0,661.0,600.0,1.101667
GEqtZ{,8,17,39.0,682.0,624.0,1.092949
GEqt\{,8,17,40.0,703.0,640.0,1.098437
GEqt]{,8,17,40.0,701.0,640.0,1.095312
GEqt^k,8,17,39.0,685.0,624.0,1.097756
GEqt^o,8,16,40.0,663.0,600.0,1.105
GEqt^w,8,17,39.0,684.0,624.0,1.096154
GEqt^{,8,18,38.0,704.0,646.0,1.089783
GEqtj[,8,16,40.0,662.0,600.0,1.103333
GEqtl[,8,16,41.0,682.0,615.0,1.108943
GEqtlk,8,16,42.0,705.0,630.0,1.119048
GEqtm{,8,17,41.0,714.0,656.0,1.088415
GEqtn[,8,17,39.0,685.0,624.0,1.097756
GEqtnk,8,17,40.0,705.0,640.0,1.101562
GEqtno,8,16,40.0,669.0,600.0,1.115
GEqtnw,8,17,39.0,688.0,624.0,1.102564
GEqtn{,8,18,38.0,706.0,646.0,1.092879
GEqurW,8,15,42.0,653.0,588.0,1.110544
GEqur[,8,16,40.0,666.0,600.0,1.11
GEqutW,8,15,43.0,668.0,602.0,1.109635
GEqut[,8,16,41.0,680.0,615.0,1.105691
GEqutg,8,15,44.0,685.0,616.0,1.112013
GEqutk,8,16,42.0,694.0,630.0,1.101587
GEquus,8,16,44.0,712.0,660.0,1.078788
GEquuw,8,16,43.0,690.0,645.0,1.069767
GEquu{,8,17,42.0,717.0,672.0,1.066964
GEquvW,8,16,41.0,678.0,615.0,1.102439
GEquv[,8,17,39.0,688.0,624.0,1.102564
GEquvg,8,16,42.0,692.0,630.0,1.098413
GEquvk,8,17,40.0,703.0,640.0,1.098437
GEquvo,8,16,41.0,682.0,615.0,1.108943
GEquvs,8,17,39.0,692.0,624.0,1.108974
GEquvw,8,17,40.0,701.0,640.0,1.095312
GEquv{,8,18,38.0,708.0,646.0,1.095975
GEqu}w,8,17,41.0,702.0,656.0,1.070122
GEqu}{,8,18,40.0,726.0,680.0,1.067647
GEqu~w,8,18,38.0,708.0,646.0,1.095975
GEqu~{,8,19,37.0,726.0,666.0,1.09009
GEqvR[,8,16,40.0,659.0,600.0,1.098333
GEqvRg,8,15,41.0,637.0,574.0,1.109756
GEqvRk,8,16,40.0,660.0,600.0,1.1
GEqvRo,8,15,41.0,637.0,574.0,1.109756
GEqvRs,8,16,40.0,661.0,600.0,1.101667
GEqvRw,8,16,40.0,657.0,600.0,1.095
GEqvR{,8,17,39.0,680.0,624.0,1.089744
GEqvT[,8,16,40.0,663.0,600.0,1.105
GEqvTg,8,15,41.0,644.0,574.0,1.121951
GEqvTk,8,16,40.0,665.0,600.0,1.108333
GEqvTw,8,16,40.0,662.0,600.0,1.103333
GEqvT{,8,17,39.0,685.0,624.0,1.097756
GEqvUo,8,15,42.0,657.0,588.0,1.117347
GEqvUs,8,16,40.0,670.0,600.0,1.116667
GEqvUw,8,16,40.0,666.0,600.0,1.11
GEqvU{,8,17,39.0,688.0,624.0,1.102564
GEqvVS,8,16,40.0,664.0,600.0,1.106667
GEqvVW,8,16,40.0,660.0,600.0,1.1
GEqvV[,8,17,39.0,683.0,624.0,1.094551
GEqvVg,8,16,40.0,661.0,600.0,1.101667
GEqvVk,8,17,39.0,684.0,624.0,1.096154
GEqvVo,8,16,40.0,663.0,600.0,1.105
GEqvVs,8,17,39.0,685.0,624.0,1.097756
GEqvVw,8,17,39.0,681.0,624.0,1.091346
GEqvV{,8,18,38.0,702.0,646.0,1.086687
GEqvZw,8,17,39.0,680.0,624.0,1.089744
GEqvZ{,8,18,38.0,702.0,646.0,1.086687
GEqv]w,8,17,39.0,688.0,624.0,1.102564
GEqv]{,8,18,38.0,708.0,646.0,1.095975
GEqv^W,8,17,39.0,683.0,624.0,1.094551
GEqv^[,8,18,38.0,705.0,646.0,1.091331
GEqv^w,8,18,38.0,702.0,646.0,1.086687
GEqv^{,8,19,37.0,722.0,666.0,1.084084
GEqvbW,8,15,41.0,634.0,574.0,1.10453
GEqvbw,8,16,40.0,660.0,600.0,1.1
GEqvds,8,16,40.0,666.0,600.0,1.11
GEqvdw,8,16,40.0,664.0,600.0,1.106667
GEqves,8,16,41.0,682.0,615.0,1.108943
GEqvew,8,16,41.0,678.0,615.0,1.102439
GEqvfS,8,16,40.0,663.0,600.0,1.105
GEqvfW,8,16,40.0,659.0,600.0,1.098333
GEqvf[,8,17,39.0,682.0,624.0,1.092949
GEqvfk,8,17,40.0,701.0,640.0,1.095312
GEqvfs,8,17,39.0,687.0,624.0,1.100962
GEqvfw,8,17,39.0,683.0,624.0,1.094551
GEqvf{,8,18,38.0,704.0,646.0,1.089783
GEqvjw,8,17,39.0,683.0,624.0,1.094551
GEqvj{,8,18,38.0,705.0,646.0,1.091331
GEqvlw,8,17,39.0,685.0,624.0,1.097756
GEqvl{,8,18,38.0,707.0,646.0,1.094427
GEqvmw,8,17,40.0,701.0,640.0,1.095312
GEqvm{,8,18,39.0,722.0,663.0,1.088989
GEqvnW,8,17,39.0,682.0,624.0,1.092949
GEqvn[,8,18,38.0,704.0,646.0,1.089783
GEqvng,8,17,40.0,701.0,640.0,1.095312
GEqvnk,8,18,39.0,724.0,663.0,1.092006
GEqvnw,8,18,38.0,704.0,646.0,1.089783
GEqvn{,8,19,37.0,724.0,666.0,1.087087
GEqvuw,8,17,39.0,688.0,624.0,1.102564
GEqvu{,8,18,38.0,708.0,646.0,1.095975
GEqvvW,8,17,39.0,681.0,624.0,1.091346
GEqvv[,8,18,38.0,702.0,646.0,1.086687
GEqvvg,8,17,39.0,685.0,624.0,1.097756
GEqvvk,8,18,38.0,706.0,646.0,1.092879
GEqvvo,8,17,39.0,687.0,624.0,1.100962
GEqvvs,8,18,38.0,707.0,646.0,1.094427
GEqvvw,8,18,38.0,703.0,646.0,1.088235
GEqvv{,8,19,37.0,722.0,666.0,1.084084
GEqv~w,8,19,37.0,722.0,666.0,1.084084
GEqv~{,8,20,36.0,740.0,684.0,1.081871
GEr]u{,8,18,24.0,450.0,408.0,1.102941
GEr]v{,8,19,37.0,714.0,666.0,1.072072
GEr]}{,8,19,23.0,456.0,414.0,1.101449
GEr]~{,8,20,36.0,732.0,684.0,1.070175
GEr^uw,8,18,40.0,726.0,680.0,1.067647
GEr^u{,8,19,38.0,731.0,684.0,1.068713
GEr^vo,8,18,39.0,722.0,663.0,1.088989
GEr^vs,8,19,38.0,741.0,684.0,1.083333
GEr^vw,8,19,37.0,726.0,666.0,1.09009
GEr^v{,8,20,36.0,742.0,684.0,1.084795
GEr^~w,8,20,36.0,742.0,684.0,1.084795
GEr^~{,8,21,35.0,756.0,700.0,1.08
GErtu{,8,18,38.0,708.0,646.0,1.095975
GErtvW,8,17,39.0,681.0,624.0,1.091346
GErtv[,8,18,38.0,702.0,646.0,1.086687
GErtvg,8,17,39.0,684.0,624.0,1.096154
GErtvk,8,18,38.0,705.0,646.0,1.091331
GErtvo,8,17,39.0,683.0,624.0,1.094551
GErtvw,8,18,38.0,703.0,646.0,1.088235
GErtv{,8,19,37.0,722.0,666.0,1.084084
GErt~{,8,20,36.0,740.0,684.0,1.081871
GEruto,8,16,41.0,678.0,615.0,1.102439
GEruts,8,17,39.0,688.0,624.0,1.102564
GErutw,8,17,40.0,701.0,640.0,1.095312
GErut{,8,18,38.0,708.0,646.0,1.095975
GEruus,8,17,42.0,717.0,672.0,1.066964
GEruu{,8,18,40.0,726.0,680.0,1.067647
GEruvW,8,17,40.0,701.0,640.0,1.095312
GEruv[,8,18,38.0,708.0,646.0,1.095975
GEruvg,8,17,41.0,714.0,656.0,1.088415
GEruvk,8,18,39.0,722.0,663.0,1.088989
GEruvo,8,17,40.0,701.0,640.0,1.095312
GEruvs,8,18,38.0,708.0,646.0,1.095975
GEruvw,8,18,39.0,722.0,663.0,1.088989
GEruv{,8,19,37.0,726.0,666.0,1.09009
GEru|{,8,19,37.0,726.0,666.0,1.09009
GEru}w,8,18,39.0,710.0,663.0,1.07089
GEru}{,8,19,38.0,731.0,684.0,1.068713
GEru~w,8,19,37.0,726.0,666.0,1.09009
GEru~{,8,20,36.0,742.0,684.0,1.084795
GErvTo,8,16,40.0,659.0,600.0,1.098333
GErvTw,8,17,39.0,681.0,624.0,1.091346
GErvT{,8,18,38.0,702.0,646.0,1.086687
GErvUo,8,16,41.0,678.0,615.0,1.102439
GErvUw,8,17,39.0,688.0,624.0,1.102564
GErvU{,8,18,38.0,708.0,646.0,1.095975
GErvVg,8,17,39.0,683.0,624.0,1.094551
GErvVk,8,18,38.0,704.0,646.0,1.089783
GErvVo,8,17,39.0,683.0,624.0,1.094551
GErvVw,8,18,38.0,703.0,646.0,1.088235
GErvV{,8,19,37.0,722.0,666.0,1.084084
GErv\{,8,19,37.0,722.0,666.0,1.084084
GErv]{,8,19,37.0,726.0,666.0,1.09009
GErv^{,8,20,36.0,740.0,684.0,1.081871
GErvdw,8,17,39.0,684.0,624.0,1.096154
GErvf[,8,18,38.0,704.0,646.0,1.089783
GErvfk,8,18,39.0,722.0,663.0,1.088989
GErvfw,8,18,38.0,705.0,646.0,1.091331
GErvf{,8,19,37.0,724.0,666.0,1.087087
GErvl{,8,19,37.0,725.0,666.0,1.088589
GErvm{,8,19,38.0,741.0,684.0,1.083333
GErvn[,8,19,37.0,724.0,666.0,1.087087
GErvnk,8,19,38.0,743.0,684.0,1.086257
GErvn{,8,20,36.0,742.0,684.0,1.084795
GErvtw,8,18,38.0,703.0,646.0,1.088235
GErvt{,8,19,37.0,722.0,666.0,1.084084
GErvuw,8,18,38.0,708.0,646.0,1.095975
GErvu{,8,19,37.0,726.0,666.0,1.09009
GErvvW,8,18,38.0,703.0,646.0,1.088235
GErvv[,8,19,37.0,722.0,666.0,1.084084
GErvvg,8,18,38.0,705.0,646.0,1.091331
GErvvk,8,19,37.0,724.0,666.0,1.087087
GErvvo,8,18,38.0,705.0,646.0,1.091331
GErvvs,8,19,37.0,723.0,666.0,1.085586
GErvvw,8,19,37.0,723.0,666.0,1.085586
GErvv{,8,20,36.0,740.0,684.0,1.081871
GErv~w,8,20,36.0,740.0,684.0,1.081871
GErv~{,8,21,35.0,756.0,700.0,1.08
GEr~vo,8,19,37.0,725.0,666.0,1.088589
GEr~vw,8,20,36.0,741.0,684.0,1.083333
GEr~v{,8,21,35.0,756.0,700.0,1.08
GEr~~{,8,22,34.0,770.0,714.0,1.078431
GEuz~{,8,21,35.0,756.0,700.0,1.08
GEu|z{,8,20,36.0,742.0,684.0,1.084795
GEu|~{,8,21,35.0,758.0,700.0,1.082857
GEu~~w,8,21,35.0,756.0,700.0,1.08
GEu~~{,8,22,34.0,770.0,714.0,1.078431
GEv\z{,8,20,36.0,744.0,684.0,1.087719
GEv\|{,8,20,37.0,760.0,703.0,1.081081
GEv\~{,8,21,35.0,758.0,700.0,1.082857
GEv]|{,8,20,37.0,750.0,703.0,1.066856
GEv]}{,8,20,22.0,460.0,418.0,1.100478
GEv]~{,8,21,35.0,748.0,700.0,1.068571
GEv^~w,8,21,35.0,758.0,700.0,1.082857
GEv^~{,8,22,34.0,770.0,714.0,1.078431
GEv~vo,8,20,36.0,743.0,684.0,1.086257
GEv~vw,8,21,35.0,757.0,700.0,1.081429
GEv~v{,8,22,34.0,770.0,714.0,1.078431
GEv~~{,8,23,33.0,782.0,726.0,1.077135
GEyrm{,8,18,38.0,703.0,646.0,1.088235
GEyrnk,8,18,38.0,705.0,646.0,1.091331
GEyrnw,8,18,38.0,702.0,646.0,1.086687
GEyrn{,8,19,37.0,722.0,666.0,1.084084
GEyrz{,8,19,37.0,723.0,666.0,1.085586
GEyr~w,8,19,37.0,722.0,666.0,1.084084
GEyr~{,8,20,36.0,740.0,684.0,1.081871
GEyuz{,8,19,37.0,722.0,666.0,1.084084
GEyu|{,8,19,37.0,724.0,666.0,1.087087
GEyu}{,8,19,37.0,728.0,666.0,1.093093
GEyu~w,8,19,37.0,722.0,666.0,1.084084
GEyu~{,8,20,36.0,740.0,684.0,1.081871
GEyvRg,8,16,40.0,656.0,600.0,1.093333
GEyvRw,8,17,39.0,680.0,624.0,1.089744
GEyvR{,8,18,38.0,702.0,646.0,1.086687
GEyvU{,8,18,38.0,705.0,646.0,1.091331
GEyvVS,8,17,39.0,686.0,624.0,1.099359
GEyvVg,8,17,39.0,680.0,624.0,1.089744
GEyvVs,8,18,38.0,705.0,646.0,1.091331
GEyvVw,8,18,38.0,702.0,646.0,1.086687
GEyvV{,8,19,37.0,722.0,666.0,1.084084
GEyvjw,8,18,38.0,703.0,646.0,1.088235
GEyvj{,8,19,37.0,723.0,666.0,1.085586
GEyvmw,8,18,38.0,703.0,646.0,1.088235
GEyvm{,8,19,37.0,723.0,666.0,1.085586
GEyvng,8,18,38.0,705.0,646.0,1.091331
GEyvnk,8,19,37.0,725.0,666.0,1.088589
GEyvnw,8,19,37.0,722.0,666.0,1.084084
GEyvn{,8,20,36.0,740.0,684.0,1.081871
GEyvrw,8,18,38.0,702.0,646.0,1.086687
GEyvr{,8,19,37.0,722.0,666.0,1.084084
GEyvt{,8,19,37.0,724.0,666.0,1.087087
GEyvuw,8,18,38.0,703.0,646.0,1.088235
GEyvu{,8,19,37.0,723.0,666.0,1.085586
GEyvvW,8,18,38.0,702.0,646.0,1.086687
GEyvv[,8,19,37.0,722.0,666.0,1.084084
GEyvvg,8,18,38.0,702.0,646.0,1.086687
GEyvvk,8,19,37.0,722.0,666.0,1.084084
GEyvvs,8,19,37.0,725.0,666.0,1.088589
GEyvvw,8,19,37.0,722.0,666.0,1.084084
GEyvv{,8,20,36.0,740.0,684.0,1.081871
GEyv~w,8,20,36.0,740.0,684.0,1.081871
GEyv~{,8,21,35.0,756.0,700.0,1.08
GEyz~{,8,21,35.0,756.0,700.0,1.08
GEy|z{,8,20,36.0,740.0,684.0,1.081871
GEy||{,8,20,36.0,744.0,684.0,1.087719
GEy|~{,8,21,35.0,756.0,700.0,1.08
GEy~r{,8,20,36.0,740.0,684.0,1.081871
GEy~v{,8,21,35.0,756.0,700.0,1.08
GEy~~w,8,21,35.0,756.0,700.0,1.08
GEy~~{,8,22,34.0,770.0,714.0,1.078431
GEzTjk,8,17,39.0,683.0,624.0,1.094551
GEzTj{,8,18,38.0,703.0,646.0,1.088235
GEzTlk,8,17,39.0,685.0,624.0,1.097756
GEzTl{,8,18,38.0,705.0,646.0,1.091331
GEzTm{,8,18,38.0,710.0,646.0,1.099071
GEzTnk,8,18,38.0,705.0,646.0,1.091331
GEzTno,8,17,39.0,683.0,624.0,1.094551
GEzTns,8,18,38.0,704.0,646.0,1.089783
GEzTnw,8,18,38.0,703.0,646.0,1.088235
GEzTn{,8,19,37.0,722.0,666.0,1.084084
GEzTz{,8,19,37.0,722.0,666.0,1.084084
GEzT|{,8,19,37.0,725.0,666.0,1.088589
GEzT~w,8,19,37.0,722.0,666.0,1.084084
GEzT~{,8,20,36.0,740.0,684.0,1.081871
GEzUlk,8,17,39.0,692.0,624.0,1.108974
GEzUl{,8,18,38.0,711.0,646.0,1.100619
GEzUmk,8,17,43.0,736.0,688.0,1.069767
GEzUm{,8,18,41.0,742.0,697.0,1.064562
GEzUnk,8,18,38.0,712.0,646.0,1.102167
GEzUnw,8,18,39.0,724.0,663.0,1.092006
GEzUn{,8,19,37.0,728.0,666.0,1.093093
GEzU|{,8,19,37.0,728.0,666.0,1.093093
GEzU}{,8,19,39.0,748.0,702.0,1.065527
GEzU~w,8,19,37.0,728.0,666.0,1.093093
GEzU~{,8,20,36.0,744.0,684.0,1.087719
GEzVTg,8,16,40.0,661.0,600.0,1.101667
GEzVTw,8,17,39.0,684.0,624.0,1.096154
GEzVT{,8,18,38.0,706.0,646.0,1.092879
GEzVUg,8,16,43.0,704.0,645.0,1.091473
GEzVUw,8,17,41.0,716.0,656.0,1.091463
GEzVU{,8,18,40.0,738.0,680.0,1.085294
GEzVVS,8,17,41.0,714.0,656.0,1.088415
GEzVVg,8,17,39.0,685.0,624.0,1.097756
GEzVVs,8,18,39.0,722.0,663.0,1.088989
GEzVVw,8,18,38.0,706.0,646.0,1.092879
GEzVV{,8,19,37.0,726.0,666.0,1.09009
GEzVlw,8,18,38.0,704.0,646.0,1.089783
GEzVl{,8,19,37.0,723.0,666.0,1.085586
GEzVmw,8,18,38.0,710.0,646.0,1.099071
GEzVm{,8,19,37.0,728.0,666.0,1.093093
GEzVng,8,18,38.0,707.0,646.0,1.094427
GEzVnk,8,19,37.0,725.0,666.0,1.088589
GEzVnw,8,19,37.0,723.0,666.0,1.085586
GEzVn{,8,20,36.0,740.0,684.0,1.081871
GEzVtw,8,18,38.0,704.0,646.0,1.089783
GEzVt{,8,19,37.0,724.0,666.0,1.087087
GEzVuw,8,18,39.0,724.0,663.0,1.092006
GEzVu{,8,19,38.0,743.0,684.0,1.086257
GEzVvW,8,18,38.0,706.0,646.0,1.092879
GEzVv[,8,19,37.0,726.0,666.0,1.09009
GEzVvg,8,18,38.0,705.0,646.0,1.091331
GEzVvk,8,19,37.0,724.0,666.0,1.087087
GEzVvs,8,19,38.0,741.0,684.0,1.083333
GEzVvw,8,19,37.0,724.0,666.0,1.087087
GEzVv{,8,20,36.0,742.0,684.0,1.084795
GEzV~w,8,20,36.0,740.0,684.0,1.081871
GEzV~{,8,21,35.0,756.0,700.0,1.08
GEz\z{,8,20,36.0,740.0,684.0,1.081871
GEz\|{,8,20,36.0,742.0,684.0,1.084795
GEz\~w,8,20,36.0,740.0,684.0,1.081871
GEz\~{,8,21,35.0,756.0,700.0,1.08
GEz]|{,8,20,36.0,744.0,684.0,1.087719
GEz]}{,8,20,37.0,750.0,703.0,1.066856
GEz]~{,8,21,35.0,758.0,700.0,1.082857
GEz^t{,8,20,36.0,740.0,684.0,1.081871
GEz^u{,8,20,36.0,744.0,684.0,1.087719
GEz^v{,8,21,35.0,756.0,700.0,1.08
GEz^~w,8,21,35.0,756.0,700.0,1.08
GEz^~{,8,22,34.0,770.0,714.0,1.078431
GEzdrk,8,17,39.0,682.0,624.0,1.092949
GEzdtk,8,17,39.0,683.0,624.0,1.094551
GEzdts,8,17,39.0,685.0,624.0,1.097756
GEzdv[,8,18,38.0,705.0,646.0,1.091331
GEzdvk,8,18,38.0,703.0,646.0,1.088235
GEzdvs,8,18,38.0,705.0,646.0,1.091331
GEzdvw,8,18,38.0,702.0,646.0,1.086687
GEzdv{,8,19,37.0,722.0,666.0,1.084084
GEzf]w,8,18,39.0,720.0,663.0,1.085973
GEzf]{,8,19,38.0,741.0,684.0,1.083333
GEzf^[,8,19,38.0,743.0,684.0,1.086257
GEzf^w,8,19,37.0,724.0,666.0,1.087087
GEzf^{,8,20,36.0,742.0,684.0,1.084795
GEzftw,8,18,38.0,703.0,646.0,1.088235
GEzft{,8,19,37.0,723.0,666.0,1.085586
GEzfuw,8,18,38.0,705.0,646.0,1.091331
GEzfu{,8,19,37.0,725.0,666.0,1.088589
GEzfv[,8,19,37.0,724.0,666.0,1.087087
GEzfvk,8,19,37.0,722.0,666.0,1.084084
GEzfvs,8,19,37.0,725.0,666.0,1.088589
GEzfvw,8,19,37.0,722.0,666.0,1.084084
GEzfv{,8,20,36.0,740.0,684.0,1.081871
GEzf~w,8,20,36.0,740.0,684.0,1.081871
GEzf~{,8,21,35.0,756.0,700.0,1.08
GEzlz{,8,20,36.0,740.0,684.0,1.081871
GEzl|{,8,20,36.0,741.0,684.0,1.083333
GEzl~w,8,20,36.0,740.0,684.0,1.081871
GEzl~{,8,21,35.0,756.0,700.0,1.08
GEzm|{,8,20,36.0,742.0,684.0,1.084795
GEzm}{,8,20,37.0,760.0,703.0,1.081081
GEzm~w,8,20,36.0,742.0,684.0,1.084795
GEzm~{,8,21,35.0,758.0,700.0,1.082857
GEzn\{,8,20,36.0,743.0,684.0,1.086257
GEzn]{,8,20,37.0,760.0,703.0,1.081081
GEzn^[,8,20,37.0,762.0,703.0,1.083926
GEzn^{,8,21,35.0,758.0,700.0,1.082857
GEzn~w,8,21,35.0,756.0,700.0,1.08
GEzn~{,8,22,34.0,770.0,714.0,1.078431
GEztr{,8,19,37.0,722.0,666.0,1.084084
GEztu{,8,19,37.0,723.0,666.0,1.085586
GEztvs,8,19,37.0,723.0,666.0,1.085586
GEztvw,8,19,37.0,722.0,666.0,1.084084
GEztv{,8,20,36.0,740.0,684.0,1.081871
GEztz{,8,20,36.0,740.0,684.0,1.081871
GEzt|{,8,20,36.0,741.0,684.0,1.083333
GEzt~w,8,20,36.0,740.0,684.0,1.081871
GEzt~{,8,21,35.0,756.0,700.0,1.08
GEzut{,8,19,37.0,722.0,666.0,1.084084
GEzuu{,8,19,37.0,728.0,666.0,1.093093
GEzuvs,8,19,37.0,723.0,666.0,1.085586
GEzuvw,8,19,37.0,724.0,666.0,1.087087
GEzuv{,8,20,36.0,740.0,684.0,1.081871
GEzu|{,8,20,36.0,740.0,684.0,1.081871
GEzu}{,8,20,36.0,744.0,684.0,1.087719
GEzu~w,8,20,36.0,740.0,684.0,1.081871
GEzu~{,8,21,35.0,756.0,700.0,1.08
GEzvTs,8,18,38.0,703.0,646.0,1.088235
GEzvT{,8,19,37.0,722.0,666.0,1.084084
GEzvUs,8,18,38.0,705.0,646.0,1.091331
GEzvU{,8,19,37.0,725.0,666.0,1.088589
GEzvVS,8,18,38.0,705.0,646.0,1.091331
GEzvV[,8,19,37.0,724.0,666.0,1.087087
GEzvVg,8,18,38.0,702.0,646.0,1.086687
GEzvVs,8,19,37.0,723.0,666.0,1.085586
GEzvVw,8,19,37.0,722.0,666.0,1.084084
GEzvV{,8,20,36.0,740.0,684.0,1.081871
GEzv\{,8,20,36.0,740.0,684.0,1.081871
GEzv]{,8,20,36.0,742.0,684.0,1.084795
GEzv^[,8,20,36.0,742.0,684.0,1.084795
GEzv^w,8,20,36.0,740.0,684.0,1.081871
GEzv^{,8,21,35.0,756.0,700.0,1.08
GEzvdw,8,18,38.0,704.0,646.0,1.089783
GEzvf[,8,19,37.0,722.0,666.0,1.084084
GEzvfk,8,19,37.0,725.0,666.0,1.088589
GEzvfw,8,19,37.0,723.0,666.0,1.085586
GEzvf{,8,20,36.0,740.0,684.0,1.081871
GEzvl{,8,20,36.0,741.0,684.0,1.083333
GEzvm{,8,20,36.0,741.0,684.0,1.083333
GEzvn[,8,20,36.0,740.0,684.0,1.081871
GEzvnk,8,20,36.0,743.0,684.0,1.086257
GEzvn{,8,21,35.0,756.0,700.0,1.08
GEzvtw,8,19,37.0,722.0,666.0,1.084084
GEzvt{,8,20,36.0,740.0,684.0,1.081871
GEzvuw,8,19,37.0,723.0,666.0,1.085586
GEzvu{,8,20,36.0,741.0,684.0,1.083333
GEzvvW,8,19,37.0,722.0,666.0,1.084084
GEzvv[,8,20,36.0,740.0,684.0,1.081871
GEzvvg,8,19,37.0,722.0,666.0,1.084084
GEzvvk,8,20,36.0,740.0,684.0,1.081871
GEzvvo,8,19,37.0,723.0,666.0,1.085586
GEzvvs,8,20,36.0,741.0,684.0,1.083333
GEzvvw,8,20,36.0,740.0,684.0,1.081871
GEzvv{,8,21,35.0,756.0,700.0,1.08
GEzv~w,8,21,35.0,756.0,700.0,1.08
GEzv~{,8,22,34.0,770.0,714.0,1.078431
GEz~vo,8,20,36.0,740.0,684.0,1.081871
GEz~vw,8,21,35.0,756.0,700.0,1.08
GEz~v{,8,22,34.0,770.0,714.0,1.078431
GEz~~{,8,23,33.0,782.0,726.0,1.077135
GE~vfw,8,20,36.0,741.0,684.0,1.083333
GE~vf{,8,21,35.0,756.0,700.0,1.08
GE~vvg,8,20,36.0,740.0,684.0,1.081871
GE~vvs,8,21,35.0,757.0,700.0,1.081429
GE~vvw,8,21,35.0,756.0,700.0,1.08
GE~vv{,8,22,34.0,770.0,714.0,1.078431
GE~v~w,8,22,34.0,770.0,714.0,1.078431
GE~v~{,8,23,33.0,782.0,726.0,1.077135
GE~~~{,8,24,32.0,792.0,736.0,1.076087
GFzf~w,8,21,35.0,756.0,700.0,1.08
GFzf~{,8,22,34.0,770.0,714.0,1.078431
GFzvVg,8,19,37.0,722.0,666.0,1.084084
GFzvVw,8,20,36.0,740.0,684.0,1.081871
GFzvV{,8,21,35.0,756.0,700.0,1.08
GFzvnk,8,21,35.0,759.0,700.0,1.084286
GFzvn{,8,22,34.0,770.0,714.0,1.078431
GFzvvW,8,20,36.0,740.0,684.0,1.081871
GFzvvs,8,21,35.0,756.0,700.0,1.08
GFzvvw,8,21,35.0,756.0,700.0,1.08
GFzvv{,8,22,34.0,770.0,714.0,1.078431
GFzv~w,8,22,34.0,770.0,714.0,1.078431
GFzv~{,8,23,33.0,782.0,726.0,1.077135
GFz~v{,8,23,33.0,782.0,726.0,1.077135
GFz~~{,8,24,32.0,792.0,736.0,1.076087
GF~~~{,8,25,31.0,800.0,744.0,1.075269
GQhTQg,8,12,12.0,156.0,132.0,1.181818
GQhTTS,8,13,13.0,182.0,156.0,1.166667
GQhTUg,8,13,52.0,672.0,624.0,1.076923
GQhTVS,8,14,50.0,698.0,650.0,1.073846
GQhTVg,8,14,48.0,704.0,624.0,1.128205
GQhTVs,8,15,45.0,710.0,630.0,1.126984
GQhTVw,8,15,44.0,696.0,616.0,1.12987
GQhTV{,8,16,40.0,680.0,600.0,1.133333
GQhVTs,8,15,44.0,693.0,616.0,1.125
GQhVTw,8,15,41.0,654.0,574.0,1.139373
GQhVT{,8,16,40.0,675.0,600.0,1.125
GQhVUg,8,14,46.0,676.0,598.0,1.130435
GQhVUk,8,15,45.0,698.0,630.0,1.107937
GQhVVS,8,15,47.0,734.0,658.0,1.115502
GQhVVg,8,15,43.0,675.0,602.0,1.121262
GQhVVk,8,16,42.0,698.0,630.0,1.107937
GQhVVs,8,16,43.0,712.0,645.0,1.103876
GQhVVw,8,16,40.0,673.0,600.0,1.121667
GQhVV{,8,17,39.0,692.0,624.0,1.108974
GQhVvW,8,16,40.0,668.0,600.0,1.113333
GQhVv[,8,17,39.0,692.0,624.0,1.108974
GQhVvg,8,16,41.0,680.0,615.0,1.105691
GQhVvk,8,17,40.0,705.0,640.0,1.101562
GQhVvs,8,17,42.0,731.0,672.0,1.087798
GQhVvw,8,17,39.0,686.0,624.0,1.099359
GQhVv{,8,18,38.0,708.0,646.0,1.095975
GQhV~w,8,18,38.0,702.0,646.0,1.086687
GQhV~{,8,19,37.0,722.0,666.0,1.084084
GQil\[,8,16,16.0,270.0,240.0,1.125
GQil^[,8,17,44.0,727.0,704.0,1.03267
GQil^w,8,17,41.0,732.0,656.0,1.115854
GQil^{,8,18,38.0,722.0,646.0,1.117647
GQin\w,8,17,39.0,706.0,624.0,1.13141
GQin\{,8,18,38.0,721.0,646.0,1.116099
GQin^[,8,18,42.0,758.0,714.0,1.061625
GQin^w,8,18,38.0,713.0,646.0,1.103715
GQin^{,8,19,37.0,730.0,666.0,1.096096
GQinvW,8,17,40.0,708.0,640.0,1.10625
GQinv[,8,18,39.0,728.0,663.0,1.098039
GQinvg,8,17,39.0,688.0,624.0,1.102564
GQinvk,8,18,38.0,710.0,646.0,1.099071
GQinvs,8,18,40.0,738.0,680.0,1.085294
GQinvw,8,18,38.0,706.0,646.0,1.092879
GQinv{,8,19,37.0,726.0,666.0,1.09009
GQin~w,8,19,37.0,722.0,666.0,1.084084
GQin~{,8,20,36.0,740.0,684.0,1.081871
GQjRrs,8,16,40.0,666.0,600.0,1.11
GQjRvg,8,16,40.0,662.0,600.0,1.103333
GQjRvk,8,17,39.0,686.0,624.0,1.099359
GQjRvs,8,17,39.0,685.0,624.0,1.097756
GQjRvw,8,17,39.0,680.0,624.0,1.089744
GQjRv{,8,18,38.0,702.0,646.0,1.086687
GQjUjo,8,15,41.0,646.0,574.0,1.125436
GQjUjw,8,16,40.0,668.0,600.0,1.113333
GQjUj{,8,17,39.0,688.0,624.0,1.102564
GQjUl[,8,16,44.0,720.0,660.0,1.090909
GQjUmk,8,16,44.0,736.0,660.0,1.115152
GQjUn[,8,17,41.0,718.0,656.0,1.094512
GQjUnk,8,17,41.0,722.0,656.0,1.10061
GQjUno,8,16,40.0,672.0,600.0,1.12
GQjUnw,8,17,39.0,692.0,624.0,1.108974
GQjUn{,8,18,38.0,710.0,646.0,1.099071
GQjVRg,8,15,42.0,660.0,588.0,1.122449
GQjVRw,8,16,40.0,666.0,600.0,1.11
GQjVTs,8,16,40.0,671.0,600.0,1.118333
GQjVTw,8,16,40.0,667.0,600.0,1.111667
GQjVUk,8,16,42.0,696.0,630.0,1.104762
GQjVVS,8,16,42.0,699.0,630.0,1.109524
GQjVV[,8,17,41.0,718.0,656.0,1.094512
GQjVVg,8,16,41.0,681.0,615.0,1.107317
GQjVVk,8,17,40.0,703.0,640.0,1.098437
GQjVVs,8,17,39.0,689.0,624.0,1.104167
GQjVVw,8,17,39.0,687.0,624.0,1.100962
GQjVV{,8,18,38.0,706.0,646.0,1.092879
GQjVmw,8,17,39.0,688.0,624.0,1.102564
GQjVm{,8,18,38.0,710.0,646.0,1.099071
GQjVnW,8,17,40.0,701.0,640.0,1.095312
GQjVn[,8,18,39.0,724.0,663.0,1.092006
GQjVnk,8,18,40.0,740.0,680.0,1.088235
GQjVnw,8,18,38.0,706.0,646.0,1.092879
GQjVn{,8,19,37.0,726.0,666.0,1.09009
GQjVrw,8,17,39.0,681.0,624.0,1.091346
GQjVr{,8,18,38.0,703.0,646.0,1.088235
GQjVvW,8,17,39.0,684.0,624.0,1.096154
GQjVv[,8,18,38.0,706.0,646.0,1.092879
GQjVvg,8,17,39.0,686.0,624.0,1.099359
GQjVvk,8,18,38.0,708.0,646.0,1.095975
GQjVvs,8,18,38.0,707.0,646.0,1.094427
GQjVvw,8,18,38.0,702.0,646.0,1.086687
GQjVv{,8,19,37.0,722.0,666.0,1.084084
GQjV~w,8,19,37.0,722.0,666.0,1.084084
GQjV~{,8,20,36.0,740.0,684.0,1.081871
GQjlvW,8,17,39.0,696.0,624.0,1.115385
GQjlv[,8,18,38.0,712.0,646.0,1.102167
GQjlvw,8,18,38.0,705.0,646.0,1.091331
GQjlv{,8,19,37.0,722.0,666.0,1.084084
GQjl~{,8,20,36.0,740.0,684.0,1.081871
GQjn\{,8,19,37.0,730.0,666.0,1.096096
GQjn^[,8,19,40.0,765.0,720.0,1.0625
GQjn^{,8,20,36.0,746.0,684.0,1.090643
GQjntw,8,18,38.0,704.0,646.0,1.089783
GQjnt{,8,19,37.0,723.0,666.0,1.085586
GQjnvW,8,18,38.0,712.0,646.0,1.102167
GQjnv[,8,19,37.0,730.0,666.0,1.096096
GQjnvs,8,19,37.0,725.0,666.0,1.088589
GQjnvw,8,19,37.0,722.0,666.0,1.084084
GQjnv{,8,20,36.0,740.0,684.0,1.081871
GQjn~w,8,20,36.0,740.0,684.0,1.081871
GQjn~{,8,21,35.0,756.0,700.0,1.08
GQjurw,8,17,39.0,680.0,624.0,1.089744
GQjur{,8,18,38.0,702.0,646.0,1.086687
GQjuv[,8,18,38.0,706.0,646.0,1.092879
GQjuvg,8,17,39.0,684.0,624.0,1.096154
GQjuvk,8,18,38.0,706.0,646.0,1.092879
GQjuvw,8,18,38.0,702.0,646.0,1.086687
GQjuv{,8,19,37.0,722.0,666.0,1.084084
GQjuz{,8,19,37.0,722.0,666.0,1.084084
GQju~{,8,20,36.0,740.0,684.0,1.081871
GQjvTs,8,17,39.0,686.0,624.0,1.099359
GQjvTw,8,17,39.0,687.0,624.0,1.100962
GQjvT{,8,18,38.0,707.0,646.0,1.094427
GQjvUs,8,17,39.0,684.0,624.0,1.096154
GQjvUw,8,17,39.0,687.0,624.0,1.100962
GQjvU{,8,18,38.0,706.0,646.0,1.092879
GQjvVS,8,17,40.0,705.0,640.0,1.101562
GQjvV[,8,18,39.0,726.0,663.0,1.095023
GQjvVg,8,17,40.0,702.0,640.0,1.096875
GQjvVk,8,18,39.0,722.0,663.0,1.088989
GQjvVs,8,18,38.0,704.0,646.0,1.089783
GQjvVw,8,18,38.0,707.0,646.0,1.094427
GQjvV{,8,19,37.0,724.0,666.0,1.087087
GQjv\w,8,18,38.0,706.0,646.0,1.092879
GQjv\{,8,19,37.0,726.0,666.0,1.09009
GQjv]{,8,19,37.0,726.0,666.0,1.09009
GQjv^[,8,19,38.0,745.0,684.0,1.089181
GQjv^w,8,19,37.0,724.0,666.0,1.087087
GQjv^{,8,20,36.0,742.0,684.0,1.084795
GQjvm{,8,19,37.0,726.0,666.0,1.09009
GQjvn[,8,19,38.0,743.0,684.0,1.086257
GQjvnk,8,19,39.0,760.0,702.0,1.082621
GQjvn{,8,20,36.0,744.0,684.0,1.087719
GQjvuw,8,18,38.0,702.0,646.0,1.086687
GQjvu{,8,19,37.0,722.0,666.0,1.084084
GQjvvW,8,18,38.0,704.0,646.0,1.089783
GQjvv[,8,19,37.0,724.0,666.0,1.087087
GQjvvg,8,18,38.0,706.0,646.0,1.092879
GQjvvk,8,19,37.0,726.0,666.0,1.09009
GQjvvs,8,19,37.0,722.0,666.0,1.084084
GQjvvw,8,19,37.0,722.0,666.0,1.084084
GQjvv{,8,20,36.0,740.0,684.0,1.081871
GQjv~w,8,20,36.0,740.0,684.0,1.081871
GQjv~{,8,21,35.0,756.0,700.0,1.08
GQj~vw,8,20,36.0,740.0,684.0,1.081871
GQj~v{,8,21,35.0,756.0,700.0,1.08
GQj~~{,8,22,34.0,770.0,714.0,1.078431
GQyuzw,8,18,38.0,702.0,646.0,1.086687
GQyuz{,8,19,37.0,722.0,666.0,1.084084
GQyu}{,8,19,37.0,726.0,666.0,1.09009
GQyu~w,8,19,37.0,722.0,666.0,1.084084
GQyu~{,8,20,36.0,740.0,684.0,1.081871
GQyvV[,8,18,38.0,712.0,646.0,1.102167
GQyvVs,8,18,38.0,705.0,646.0,1.091331
GQyvVw,8,18,38.0,704.0,646.0,1.089783
GQyvV{,8,19,37.0,722.0,666.0,1.084084
GQyv\w,8,18,38.0,703.0,646.0,1.088235
GQyv\{,8,19,37.0,723.0,666.0,1.085586
GQyv]{,8,19,37.0,724.0,666.0,1.087087
GQyv^[,8,19,37.0,730.0,666.0,1.096096
GQyv^w,8,19,37.0,722.0,666.0,1.084084
GQyv^{,8,20,36.0,740.0,684.0,1.081871
GQyvtw,8,18,38.0,704.0,646.0,1.089783
GQyvt{,8,19,37.0,724.0,666.0,1.087087
GQyvuw,8,18,38.0,702.0,646.0,1.086687
GQyvu{,8,19,37.0,722.0,666.0,1.084084
GQyvvW,8,18,38.0,703.0,646.0,1.088235
GQyvv[,8,19,37.0,723.0,666.0,1.085586
GQyvvg,8,18,38.0,702.0,646.0,1.086687
GQyvvk,8,19,37.0,722.0,666.0,1.084084
GQyvvs,8,19,37.0,725.0,666.0,1.088589
GQyvvw,8,19,37.0,722.0,666.0,1.084084
GQyvv{,8,20,36.0,740.0,684.0,1.081871
GQyv~w,8,20,36.0,740.0,684.0,1.081871
GQyv~{,8,21,35.0,756.0,700.0,1.08
GQy~~w,8,21,35.0,756.0,700.0,1.08
GQy~~{,8,22,34.0,770.0,714.0,1.078431
GQzTjo,8,16,40.0,656.0,600.0,1.093333
GQzTjs,8,17,39.0,680.0,624.0,1.089744
GQzTlk,8,17,39.0,685.0,624.0,1.097756
GQzTnW,8,17,39.0,684.0,624.0,1.096154
GQzTn[,8,18,38.0,706.0,646.0,1.092879
GQzTnk,8,18,38.0,705.0,646.0,1.091331
GQzTno,8,17,39.0,680.0,624.0,1.089744
GQzTns,8,18,38.0,702.0,646.0,1.086687
GQzTnw,8,18,38.0,702.0,646.0,1.086687
GQzTn{,8,19,37.0,722.0,666.0,1.084084
GQzTrg,8,16,40.0,660.0,600.0,1.1
GQzTu{,8,18,38.0,708.0,646.0,1.095975
GQzTvW,8,17,39.0,683.0,624.0,1.094551
GQzTvg,8,17,39.0,682.0,624.0,1.092949
GQzTvs,8,18,38.0,705.0,646.0,1.091331
GQzTvw,8,18,38.0,703.0,646.0,1.088235
GQzTv{,8,19,37.0,722.0,666.0,1.084084
GQzV]w,8,18,39.0,720.0,663.0,1.085973
GQzV]{,8,19,38.0,741.0,684.0,1.083333
GQzV^[,8,19,38.0,745.0,684.0,1.089181
GQzV^w,8,19,37.0,724.0,666.0,1.087087
GQzV^{,8,20,36.0,742.0,684.0,1.084795
GQzVrw,8,18,38.0,703.0,646.0,1.088235
GQzVr{,8,19,37.0,723.0,666.0,1.085586
GQzVtw,8,18,38.0,702.0,646.0,1.086687
GQzVt{,8,19,37.0,722.0,666.0,1.084084
GQzVuw,8,18,38.0,706.0,646.0,1.092879
GQzVu{,8,19,37.0,726.0,666.0,1.09009
GQzVvW,8,18,38.0,704.0,646.0,1.089783
GQzVv[,8,19,37.0,724.0,666.0,1.087087
GQzVvg,8,18,38.0,702.0,646.0,1.086687
GQzVvk,8,19,37.0,722.0,666.0,1.084084
GQzVvs,8,19,37.0,725.0,666.0,1.088589
GQzVvw,8,19,37.0,722.0,666.0,1.084084
GQzVv{,8,20,36.0,740.0,684.0,1.081871
GQzV~w,8,20,36.0,740.0,684.0,1.081871
GQzV~{,8,21,35.0,756.0,700.0,1.08
GQz\z{,8,20,36.0,740.0,684.0,1.081871
GQz\~{,8,21,35.0,756.0,700.0,1.08
GQz^~w,8,21,35.0,756.0,700.0,1.08
GQz^~{,8,22,34.0,770.0,714.0,1.078431
GQzl|{,8,20,36.0,741.0,684.0,1.083333
GQzl~{,8,21,35.0,756.0,700.0,1.08
GQzmz{,8,20,36.0,744.0,684.0,1.087719
GQzm|{,8,20,36.0,742.0,684.0,1.084795
GQzm}{,8,20,37.0,760.0,703.0,1.081081
GQzm~{,8,21,35.0,758.0,700.0,1.082857
GQzn\{,8,20,36.0,746.0,684.0,1.090643
GQzn]{,8,20,37.0,762.0,703.0,1.083926
GQzn^[,8,20,38.0,768.0,722.0,1.063712
GQzn^{,8,21,35.0,760.0,700.0,1.085714
GQzn~w,8,21,35.0,756.0,700.0,1.08
GQzn~{,8,22,34.0,770.0,714.0,1.078431
GQztu{,8,19,37.0,722.0,666.0,1.084084
GQztv[,8,19,37.0,723.0,666.0,1.085586
GQztvg,8,18,38.0,704.0,646.0,1.089783
GQztvs,8,19,37.0,722.0,666.0,1.084084
GQztvw,8,19,37.0,723.0,666.0,1.085586
GQztv{,8,20,36.0,740.0,684.0,1.081871
GQzt|{,8,20,36.0,741.0,684.0,1.083333
GQzt~w,8,20,36.0,740.0,684.0,1.081871
GQzt~{,8,21,35.0,756.0,700.0,1.08
GQzuts,8,18,38.0,702.0,646.0,1.086687
GQzut{,8,19,37.0,722.0,666.0,1.084084
GQzuv[,8,19,37.0,724.0,666.0,1.087087
GQzuvs,8,19,37.0,722.0,666.0,1.084084
GQzuvw,8,19,37.0,722.0,666.0,1.084084
GQzuv{,8,20,36.0,740.0,684.0,1.081871
GQzuz{,8,20,36.0,740.0,684.0,1.081871
GQzu|{,8,20,36.0,740.0,684.0,1.081871
GQzu}{,8,20,36.0,742.0,684.0,1.084795
GQzu~w,8,20,36.0,740.0,684.0,1.081871
GQzu~{,8,21,35.0,756.0,700.0,1.08
GQzvTs,8,18,38.0,703.0,646.0,1.088235
GQzvV[,8,19,37.0,730.0,666.0,1.096096
GQzvVs,8,19,37.0,722.0,666.0,1.084084
GQzvVw,8,19,37.0,724.0,666.0,1.087087
GQzvV{,8,20,36.0,740.0,684.0,1.081871
GQzv\{,8,20,36.0,740.0,684.0,1.081871
GQzv]{,8,20,36.0,742.0,684.0,1.084795
GQzv^[,8,20,36.0,746.0,684.0,1.090643
GQzv^w,8,20,36.0,740.0,684.0,1.081871
GQzv^{,8,21,35.0,756.0,700.0,1.08
GQzvl{,8,20,36.0,741.0,684.0,1.083333
GQzvm{,8,20,36.0,740.0,684.0,1.081871
GQzvn[,8,20,36.0,742.0,684.0,1.084795
GQzvnk,8,20,36.0,743.0,684.0,1.086257
GQzvn{,8,21,35.0,756.0,700.0,1.08
GQzvtw,8,19,37.0,722.0,666.0,1.084084
GQzvt{,8,20,36.0,740.0,684.0,1.081871
GQzvuw,8,19,37.0,722.0,666.0,1.084084
GQzvu{,8,20,36.0,740.0,684.0,1.081871
GQzvvW,8,19,37.0,722.0,666.0,1.084084
GQzvv[,8,20,36.0,740.0,684.0,1.081871
GQzvvg,8,19,37.0,722.0,666.0,1.084084
GQzvvk,8,20,36.0,740.0,684.0,1.081871
GQzvvs,8,20,36.0,740.0,684.0,1.081871
GQzvvw,8,20,36.0,740.0,684.0,1.081871
GQzvv{,8,21,35.0,756.0,700.0,1.08
GQzv~w,8,21,35.0,756.0,700.0,1.08
GQzv~{,8,22,34.0,770.0,714.0,1.078431
GQz~vw,8,21,35.0,756.0,700.0,1.08
GQz~v{,8,22,34.0,770.0,714.0,1.078431
GQz~~{,8,23,33.0,782.0,726.0,1.077135
GQ~vvg,8,20,36.0,740.0,684.0,1.081871
GQ~vvs,8,21,35.0,756.0,700.0,1.08
GQ~vvw,8,21,35.0,756.0,700.0,1.08
GQ~vv{,8,22,34.0,770.0,714.0,1.078431
GQ~v~w,8,22,34.0,770.0,714.0,1.078431
GQ~v~{,8,23,33.0,782.0,726.0,1.077135
GQ~~~{,8,24,32.0,792.0,736.0,1.076087
GTm||{,8,21,21.0,462.0,420.0,1.1
GTm|~{,8,22,34.0,762.0,714.0,1.067227
GTm~~w,8,22,34.0,772.0,714.0,1.081232
GTm~~{,8,23,33.0,782.0,726.0,1.077135
GTn~vw,8,22,34.0,771.0,714.0,1.079832
GTn~v{,8,23,33.0,782.0,726.0,1.077135
GTn~~{,8,24,32.0,792.0,736.0,1.076087
GT~vvs,8,22,34.0,771.0,714.0,1.079832
GT~vv{,8,23,33.0,782.0,726.0,1.077135
GT~v~w,8,23,33.0,782.0,726.0,1.077135
GT~v~{,8,24,32.0,792.0,736.0,1.076087
GT~~~{,8,25,31.0,800.0,744.0,1.075269
GUZuts,8,18,38.0,702.0,646.0,1.086687
GUZuv[,8,19,37.0,722.0,666.0,1.084084
GUZuvk,8,19,37.0,723.0,666.0,1.085586
GUZuvw,8,19,37.0,722.0,666.0,1.084084
GUZuv{,8,20,36.0,740.0,684.0,1.081871
GUZu~{,8,21,35.0,756.0,700.0,1.08
GUZv\{,8,20,36.0,740.0,684.0,1.081871
GUZv]{,8,20,36.0,740.0,684.0,1.081871
GUZv^{,8,21,35.0,756.0,700.0,1.08
GUZvm{,8,20,36.0,741.0,684.0,1.083333
GUZvn[,8,20,36.0,742.0,684.0,1.084795
GUZvnk,8,20,36.0,746.0,684.0,1.090643
GUZvn{,8,21,35.0,756.0,700.0,1.08
GUZvuw,8,19,37.0,722.0,666.0,1.084084
GUZvu{,8,20,36.0,740.0,684.0,1.081871
GUZvvW,8,19,37.0,722.0,666.0,1.084084
GUZvv[,8,20,36.0,740.0,684.0,1.081871
GUZvvk,8,20,36.0,740.0,684.0,1.081871
GUZvvs,8,20,36.0,740.0,684.0,1.081871
GUZvvw,8,20,36.0,740.0,684.0,1.081871
GUZvv{,8,21,35.0,756.0,700.0,1.08
GUZv~w,8,21,35.0,756.0,700.0,1.08
GUZv~{,8,22,34.0,770.0,714.0,1.078431
GUZ~vw,8,21,35.0,756.0,700.0,1.08
GUZ~v{,8,22,34.0,770.0,714.0,1.078431
GUZ~~{,8,23,33.0,782.0,726.0,1.077135
GUu~~w,8,22,34.0,770.0,714.0,1.078431
GUu~~{,8,23,33.0,782.0,726.0,1.077135
GUv\|{,8,21,36.0,777.0,720.0,1.079167
GUv\~{,8,22,34.0,772.0,714.0,1.081232
GUv]|{,8,21,36.0,777.0,720.0,1.079167
GUv]}{,8,21,36.0,767.0,720.0,1.065278
GUv]~{,8,22,34.0,772.0,714.0,1.081232
GUv^~w,8,22,34.0,770.0,714.0,1.078431
GUv^~{,8,23,33.0,782.0,726.0,1.077135
GUv~vw,8,22,34.0,770.0,714.0,1.078431
GUv~v{,8,23,33.0,782.0,726.0,1.077135
GUv~~{,8,24,32.0,792.0,736.0,1.076087
GUxvuw,8,19,37.0,723.0,666.0,1.085586
GUxvu{,8,20,36.0,741.0,684.0,1.083333
GUxvv[,8,20,36.0,740.0,684.0,1.081871
GUxvvk,8,20,36.0,740.0,684.0,1.081871
GUxvvs,8,20,36.0,741.0,684.0,1.083333
GUxvvw,8,20,36.0,740.0,684.0,1.081871
GUxvv{,8,21,35.0,756.0,700.0,1.08
GUxv~w,8,21,35.0,756.0,700.0,1.08
GUxv~{,8,22,34.0,770.0,714.0,1.078431
GUz]}{,8,21,35.0,760.0,700.0,1.085714
GUz]~{,8,22,34.0,770.0,714.0,1.078431
GUz^u{,8,21,35.0,756.0,700.0,1.08
GUz^v{,8,22,34.0,770.0,714.0,1.078431
GUz^~w,8,22,34.0,770.0,714.0,1.078431
GUz^~{,8,23,33.0,782.0,726.0,1.077135
GUzl~{,8,22,34.0,770.0,714.0,1.078431
GUzm|{,8,21,35.0,756.0,700.0,1.08
GUzm}{,8,21,35.0,758.0,700.0,1.082857
GUzm~w,8,21,35.0,756.0,700.0,1.08
GUzm~{,8,22,34.0,770.0,714.0,1.078431
GUzn\{,8,21,35.0,757.0,700.0,1.081429
GUzn]{,8,21,35.0,758.0,700.0,1.082857
GUzn^[,8,21,35.0,760.0,700.0,1.085714
GUzn^{,8,22,34.0,770.0,714.0,1.078431
GUzn~w,8,22,34.0,770.0,714.0,1.078431
GUzn~{,8,23,33.0,782.0,726.0,1.077135
GUzrvw,8,20,36.0,740.0,684.0,1.081871
GUzrv{,8,21,35.0,756.0,700.0,1.08
GUzv]{,8,21,35.0,756.0,700.0,1.08
GUzv^[,8,21,35.0,756.0,700.0,1.08
GUzv^w,8,21,35.0,756.0,700.0,1.08
GUzv^{,8,22,34.0,770.0,714.0,1.078431
GUzvl{,8,21,35.0,757.0,700.0,1.081429
GUzvm{,8,21,35.0,756.0,700.0,1.08
GUzvn[,8,21,35.0,756.0,700.0,1.08
GUzvnk,8,21,35.0,757.0,700.0,1.081429
GUzvn{,8,22,34.0,770.0,714.0,1.078431
GUzvrw,8,20,36.0,740.0,684.0,1.081871
GUzvv[,8,21,35.0,756.0,700.0,1.08
GUzvvk,8,21,35.0,756.0,700.0,1.08
GUzvvs,8,21,35.0,756.0,700.0,1.08
GUzvvw,8,21,35.0,756.0,700.0,1.08
GUzvv{,8,22,34.0,770.0,714.0,1.078431
GUzv~w,8,22,34.0,770.0,714.0,1.078431
GUzv~{,8,23,33.0,782.0,726.0,1.077135
GUz~vw,8,22,34.0,770.0,714.0,1.078431
GUz~v{,8,23,33.0,782.0,726.0,1.077135
GUz~~{,8,24,32.0,792.0,736.0,1.076087
GU~vvs,8,22,34.0,770.0,714.0,1.078431
GU~vvw,8,22,34.0,770.0,714.0,1.078431
GU~vv{,8,23,33.0,782.0,726.0,1.077135
GU~v~w,8,23,33.0,782.0,726.0,1.077135
GU~v~{,8,24,32.0,792.0,736.0,1.076087
GU~~~{,8,25,31.0,800.0,744.0,1.075269
GVzv~w,8,23,33.0,782.0,726.0,1.077135
GVzv~{,8,24,32.0,792.0,736.0,1.076087
GVz~v{,8,24,32.0,792.0,736.0,1.076087
GVz~~{,8,25,31.0,800.0,744.0,1.075269
GV~~~{,8,26,30.0,806.0,750.0,1.074667
G]~v~w,8,24,32.0,792.0,736.0,1.076087
G]~v~{,8,25,31.0,800.0,744.0,1.075269
G]~~~{,8,26,30.0,806.0,750.0,1.074667
G^~~~{,8,27,29.0,810.0,754.0,1.074271
G~~~~{,8,28,28.0,812.0,756.0,1.074074
